-0.00037818996378272157,0.0037818996378272155,-0.00045564279403289626,-0.0036885369040758264,-0.0008338327578156178,9.336273375138912e-05
-0.000385791196263558,0.003819332843009224,-0.00046096873387074035,-0.0037097007630550044,-0.0008467599301342983,0.00010963207995421959
-0.00039362310739957617,0.003857506452515847,-0.00046638811162460174,-0.003731104892996814,-0.0008600112190241779,0.00012640155951903305
-0.00040169509246035213,0.0038964423968654155,-0.0004719031140035019,-0.003752753335170705,-0.000873598206463854,0.00014368906169471033
-0.0004100170281457158,0.003936163470198871,-0.00047751599170336843,-0.0037746502201313884,-0.0008875330198490842,0.0001615132500674822
-0.0004185993023786836,0.0039766933725974936,-0.00048322906165398715,-0.00379679977013847,-0.0009018283640326707,0.00017989360245902362
-0.0004274528462629238,0.004018056754871484,-0.000489044709357984,-0.003819206301652827,-0.0009164975556209078,0.0001988504532186566
-0.0004365891683855855,0.004060279265985945,-0.0004949653913261462,-0.003841874227912468,-0.0009315545597117316,0.00021840503807347717
-0.0004460203916634153,0.00410338760330342,-0.000500993637613611,-0.003864808061590712,-0.0009470140292770263,0.00023857954171270816
-0.0004557592929489904,0.004147409565835813,-0.0005071320544616951,-0.0038880124175396627,-0.0009628913474106855,0.00025939714829614985
-0.0004658193456348156,0.00419237411071334,-0.0005133833270503901,-0.003911492015622019,-0.0009792026726852057,0.00028088209509132076
-0.0004762147655162059,0.004238311413094232,-0.0005197502223668148,-0.0039352516836344545,-0.0009959649878830206,0.0003030597294597778
-0.0004869605601995777,0.004285252929756284,-0.0005262355921952061,-0.003959296360325836,-0.0010131961523947837,0.00032595656943044775
-0.0004980725823712985,0.004333231466630298,-0.0005328423762343249,-0.003983631098513762,-0.0010309149586056234,0.0003496003681165358
-0.0005095675872739445,0.004382281250555922,-0.0005395736053484769,-0.00400826106830297,-0.0010491411926224214,0.0003740201822529524
-0.0005214632947720802,0.004432438005562683,-0.000546432404958686,-0.0040331915604093485,-0.001067895699730766,0.00039924644515333414
-0.0005337784564289391,0.004483739034003088,-0.0005534219985809169,-0.00405842798959339,-0.001087200455009856,0.0004253110444096984
-0.0005465329280591626,0.00453622330289105,-0.0005605457115186251,-0.004083975898207125,-0.0011070786395777877,0.00045224740468392463
-0.0005597477482716132,0.004589931535827227,-0.0005678069747173162,-0.004109840959858669,-0.0011275547229889294,0.0004800905759685583
-0.0005734452235708585,0.004644906310923953,-0.0005752093287892269,-0.004136028983198726,-0.0011486545523600854,0.0005088773277252268
-0.0005876490206469981,0.004701192165175985,-0.0005827564282166954,-0.0041625459158335385,-0.0011704054488636934,0.0005386462493424463
-0.0006023842665518826,0.004758835705759873,-0.000590452045743274,-0.004189397848368944,-0.0011928363122951566,0.000569437857390929
-0.0006176776575364632,0.004817885728784412,-0.0005983000769621485,-0.00421659101859038,-0.0012159777344986117,0.0006012947101940325
-0.0006335575774100992,0.004878393346057764,-0.0006063045451119824,-0.004244131815783876,-0.0012398621225220815,0.0006342615302738878
-0.0006500542263794228,0.004940412120483613,-0.000614469606090877,-0.004272026785203239,-0.0012645238324702998,0.0006683853352803734
-0.000667199761433273,0.005003998210749547,-0.0006227995536997675,-0.004300282632688871,-0.0012899993151330405,0.0007037155780606763
-0.0006850284494629641,0.005069210526025934,-0.0006312988251272234,-0.004328906229443817,-0.0013163272745901873,0.0007403042965821172
-0.00070357683444566,0.005136110891453318,-0.0006399720066883298,-0.004357904616972912,-0.0013435488411339897,0.0007782062744804055
-0.0007228839201751492,0.005204764225261073,-0.0006488238398310707,-0.004387285012191049,-0.0013717077600062199,0.0008174792130700246
-0.0007429913702014176,0.005275238728430065,-0.0006578592274244273,-0.004417054812706868,-0.001400850597625845,0.0008581839157231971
-0.0007639437268410976,0.005347606087887683,-0.0006670832403432569,-0.004447221602288378,-0.0014310269671843545,0.0009003844855993044
-0.0007857886513485882,0.005421941694305259,-0.0006765011243659148,-0.004477793156517246,-0.001462289775714503,0.0009441485377880126
-0.00080857718759642,0.005498324875655656,-0.0006861183074015504,-0.004508777448638759,-0.0014946954949979704,0.000989547427016897
-0.0008323640519079295,0.005576839147783127,-0.0006959404070650293,-0.004540182655614714,-0.001528304458972959,0.0010366564921684132
-0.0008572079520209803,0.0056575724833384695,-0.0007059732386185358,-0.004572017164386708,-0.0015631811906395162,0.001085555318951762
-0.0008831719385446214,0.0057406176005400395,-0.0007162228233000755,-0.0046042895783576275,-0.001599394761844697,0.001136328022182412
-0.0009103237927086481,0.005826072273335348,-0.0007266953970603474,-0.004637008724099359,-0.0016370191897689954,0.001189063549235989
-0.0009387364547076648,0.005914039664658288,-0.0007373974197307893,-0.004670183658294999,-0.0016761338744384542,0.001243856006363289
-0.0009684884975166046,0.006004628684602949,-0.0007483355846470311,-0.004703823674924195,-0.0017168240821636357,0.0013008050096787538
-0.0009996646517156473,0.006097954375465448,-0.0007595168287535059,-0.004737938312700442,-0.0017591814804691532,0.0013600160627650062
-0.0010323563876231047,0.006194138325738629,-0.0007709483432166086,-0.004772537362769481,-0.0018033047308397133,0.0014216009629691474
-0.0010666625619116137,0.00629330911527852,-0.0007826375845755305,-0.004807630876678258,-0.0018493001464871444,0.0014856782386002618
-0.0011026901368953487,0.006395602793993022,-0.0007945922864617657,-0.004843229174624096,-0.0018972824233571143,0.001552373619368926
-0.0011405549818469655,0.006501163396527704,-0.0008068204719202904,-0.004879342853994136,-0.0019473754537672559,0.001621820542533568
-0.0011803827670597922,0.006610143495534836,-0.0008193304663675437,-0.004915982798205262,-0.001999713233427336,0.0016941606973295744
-0.001222309962945756,0.006722704796201659,-0.0008321309112236531,-0.004953160185855077,-0.002054440874169409,0.001769544610346582
-0.0012664849582909444,0.006839018774771099,-0.0008452307782587857,-0.004990886500194734,-0.00211171573654973,0.0018481322745763657
-0.0013130693139241966,0.006959267363798241,-0.0008586393846961598,-0.00502917353893465,-0.0021717086986203565,0.0019300938248635914
-0.0013622391705440404,0.007083643686829009,-0.0008723664091170775,-0.005068033424394449,-0.002234605579661118,0.0020156102624345603
-0.0014141868323604176,0.007212352845038129,-0.0008864219082163646,-0.005107478614008576,-0.002300608740576782,0.0021048742310295528
-0.0014691225516174954,0.007345612758087477,-0.0009008163344598889,-0.005147521911199364,-0.0023699388860773845,0.0021980908468881132
-0.0015272765430649695,0.007483655061018349,-0.0009155605546993025,-0.005188176476629379,-0.002442837097764272,0.0022954785843889696
-0.0015889012621487055,0.0076267260583137856,-0.0009306658698029383,-0.005229455839845082,-0.002519567131951644,0.002397270218468703
-0.0016542739862301814,0.007775087735281852,-0.0009461440353658324,-0.005271373911323922,-0.0026004180215960138,0.00250371382395793
-0.001723699744677567,0.007929018825516807,-0.0009620072835661805,-0.005313944994936996,-0.0026857070282437475,0.0026150738305798114
-0.0017975146513908179,0.00808881593125868,-0.0009782683462402466,-0.005357183800839446,-0.0027757829976310646,0.0027316321304192348
-0.0018760897024584914,0.008254794690817361,-0.000994940479252751,-0.005401105458800646,-0.0028710301817112425,0.0028536892320167153
-0.001959835112470748,0.008427290983624217,-0.0010120374882452087,-0.005445725531986123,-0.0029718726007159565,0.0029815654516380944
-0.002049205275861314,0.008606662158617518,-0.001029573755850536,-0.005491060031202858,-0.00307877903171185,0.00311560212741466
-0.0021447044549160518,0.00879328826515581,-0.0010475642704685167,-0.005537125429619302,-0.0031922687253845682,0.003256162835536508
-0.002246893314238522,0.008987573256954089,-0.0010660246567035492,-0.005583938677970972,-0.0033129179709420714,0.0034036345789831167
-0.002356396443063226,0.00918994612794658,-0.001084971207573382,-0.005631517220261838,-0.003441367650636608,0.0035584289076847414
-0.002473911032516508,0.009400861923562728,-0.0011044209186054695,-0.005679879009970986,-0.0035783319511219773,0.0037209829135917416
-0.002600216905517692,0.00962080255041546,-0.001124391523946107,-0.00572904252677302,-0.0037246084294637986,0.003891760023642439
-0.0027361881333850206,0.009850277280186072,-0.0011449015346167003,-0.005779026793779535,-0.0038810896680017207,0.004071250486406537
-0.0028828065163815004,0.01008982280733525,-0.0011659702790615045,-0.0058298513953075224,-0.004048776795443005,0.004259971412027728
-0.0030411772565330326,0.010340002672212308,-0.0011876179461418864,-0.005881536495178864,-0.004228795202674919,0.004458466177033444
-0.0032125472112745908,0.010601405797206148,-0.0012098656307438199,-0.005934102855553021,-0.00442241284201841,0.004667302941653127
-0.0033983261870155603,0.01087464379844979,-0.0012327353821778896,-0.005987571856292605,-0.00463106156919345,0.004887071942157185
-0.003600111813577275,0.011160346622089552,-0.0012562502555646695,-0.006041965514858647,-0.004856362069141944,0.005118381107230905
-0.0038197186342054878,0.011459155902616463,-0.0012804343664131032,-0.006097306506729063,-0.005100153000618591,0.0053618493958874
-0.004059212151121668,0.011771715238252834,-0.001305312948615428,-0.006153618186329873,-0.0053645250997370955,0.0056180970519229614
-0.004320948681227927,0.012098656307438196,-0.001330912416099473,-0.0062109246084642074,-0.005651861097327401,0.005887731698973988
-0.004607621995422786,0.01244057938764152,-0.0013572604283978895,-0.006269250550218822,-0.005964882423820676,0.006171328837422697
-0.004922317827584393,0.01279802635171942,-0.0013843859604141255,-0.006328621533321716,-0.006306703787998519,0.0064694048183977036
-0.005268577426490328,0.01317144356622582,-0.0014123193766870073,-0.006389063846917413,-0.006680896803177336,0.006782379719308406
-0.005650471352374984,0.01356113124569996,-0.0014410925104795962,-0.006450604570718191,-0.00709156386285458,0.007110526674981768
-0.006072684633077088,0.0139671746560773,-0.0014707387480439175,-0.006513271598480206,-0.007543423381121006,0.007453903057597095
-0.006540614099666935,0.01438935101926725,-0.0015012931184412368,-0.00657709366174256,-0.008041907218108171,0.007812257357524691
-0.00706047806692327,0.014827003940538866,-0.0015327923893280455,-0.006642100353754862,-0.008593270456251316,0.008184903586784004
-0.0076394372684109755,0.015278874536821951,-0.0015652751691510609,-0.006708322153504546,-0.009204712437562036,0.008570552383317404
-0.00828572371845008,0.015742875065055152,-0.0015987820162304722,-0.006775790449738667,-0.009884505734680553,0.008967084615316485
-0.009008770363692195,0.01621578665464594,-0.001633355555249751,-0.006844537564856098,-0.010642125918941946,0.009371249089789844
-0.009819328108497404,0.01669285778444558,-0.0016690406017127607,-0.006914596778524293,-0.011488368710210166,0.009778261005921288
-0.010729546725296317,0.017167274760474104,-0.0017058842949750175,-0.00698600235085007,-0.012435431020271335,0.010181272409624034
-0.011752980412939963,0.017629470619409945,-0.001743936240506028,-0.007058789544905351,-0.013496916653445991,0.010570681074504594
-0.012904454845288807,0.018066236783404334,-0.0017832486620940656,-0.0071329946483762625,-0.014687703507382872,0.010933242135028071
-0.014199697524927479,0.018459606782405706,-0.0018238765647638764,-0.007208654994066747,-0.016023574089691354,0.011250951788338959
-0.01565458456641594,0.01878550147969912,-0.0018658779092420392,-0.007285808978945105,-0.01752046247565798,0.011499692500754015
-0.017283794724911716,0.019012174197402882,-0.0019093137988744945,-0.007364496081373049,-0.01919310852378621,0.011647678116029833
-0.01909859317102744,0.01909859317102744,-0.001954248679976496,-0.007444756876100937,-0.021052841851003937,0.011653836294926502
-0.0211034178685386,0.01899307608168475,-0.002000750556677523,-0.0075266330465487774,-0.023104168425216124,0.011466443035135974
-0.023290967281740804,0.018632773825392617,-0.0020488912214129064,-0.0076101673938193636,-0.02533985850315371,0.011022606431573254
-0.025635695531580474,0.017944986872106314,-0.0020987465023107085,-0.00769540384180593,-0.027734442033891183,0.010249583030300383
-0.028086166427981535,0.01685169985678891,-0.0021503965288272816,-0.007782387437660637,-0.030236562956808818,0.009069312419128272
-0.030557749073643902,0.015278874536821951,-0.002203926017098452,-0.007871164346780184,-0.032761675090742355,0.007407710190041767
-0.03292860891556459,0.013171443566225786,-0.002259424576596116,-0.00796178184133869,-0.0351880334921607,0.005209661724887096
-0.035043290222068715,0.010512987066620577,-0.0023169870398126887,-0.00805428828125363,-0.0373602772618814,0.0024586987853669473
-0.03672806379043739,0.007345612758087452,-0.0023767138168389714,-0.008148733086305043,-0.03910477760727636,-0.0008031203282175912
-0.03781899637827216,0.003781899637827202,-0.0024387112768550186,-0.008245166697938395,-0.04025770765512718,-0.004463267060111192
-0.03819718634205488,  0.0,-0.0025030921587191933,-0.008343640529063976,-0.040700278500774074,-0.008343640529063976
-0.03781899637827215,-0.0037818996378272685,-0.002569976013017919,-0.008444206899916016,-0.04038897239129007,-0.012226106537743284
-0.03672806379043737,-0.0073456127580875125,-0.002639489678128176,-0.008546918957748378,-0.03936755346856554,-0.015892531715835892
-0.03504329022206868,-0.010512987066620629,-0.002711767793046493,-0.008651830577815,-0.037755058015115174,-0.01916481764443563
-0.03292860891556454,-0.013171443566225828,-0.0027869533499518886,-0.008758996242705935,-0.03571556226551643,-0.021930439808931765
-0.030557749073643902,-0.015278874536821951,-0.0028651982896955018,-0.008868470896676552,-0.0334229473633394,-0.0241473454334985
-0.028086166427981493,-0.016851699856788936,-0.0029466641436454084,-0.008980309771109814,-0.031032830571626903,-0.02583200962789875
-0.02563569553158043,-0.017944986872106328,-0.003031522725559913,-0.009094568176679736,-0.02866721825714034,-0.027039555048786065
-0.023290967281740765,-0.018632773825392628,-0.0031199568774140517,-0.009211301257127198,-0.026410924159154817,-0.027844075082519827
-0.0211034178685386,-0.01899307608168475,-0.003212161273358773,-0.009330563698804053,-0.024315579141897373,-0.028323639780488803
-0.01909859317102744,-0.01909859317102744,-0.0033083432862457836,-0.009452409389273666,-0.02240693645727322,-0.028551002560301103
-0.017283794724911684,-0.01901217419740288,-0.003408723921397046,-0.009576891017258365,-0.02069251864630873,-0.028589065214661244
-0.015654584566415917,-0.018785501479699117,-0.003513538822528046,-0.009704059605077458,-0.019168123388943963,-0.028489561084776575
-0.014199697524927453,-0.0184596067824057,-0.0036230393549374564,-0.009833963963401663,-0.01782273687986491,-0.028293570745807364
-0.012904454845288807,-0.018066236783404334,-0.0037374937712382475,-0.009966650056635324,-0.016641948616527055,-0.028032886840039656
-0.011752980412939963,-0.017629470619409945,-0.003857188465008428,-0.010102160265498263,-0.015610168877948392,-0.02773163088490821
-0.0107295467252963,-0.017167274760474097,-0.003982429317759671,-0.010240532531382008,-0.01471197604305597,-0.027407807291856105
-0.009819328108497389,-0.01669285778444557,-0.004113543144528989,-0.010381799364763637,-0.013932871253026377,-0.027074657149209206
-0.009008770363692183,-0.016215786654645938,-0.004250879243153963,-0.010525986697333619,-0.013259649606846146,-0.026741773351979557
-0.00828572371845008,-0.015742875065055152,-0.004394811051847209,-0.010673112554486079,-0.01268053477029729,-0.026415987619541233
-0.0076394372684109755,-0.015278874536821951,-0.00454573791897967,-0.010823185521380166,-0.012185175187390646,-0.026102060058202117
-0.00706047806692326,-0.014827003940538857,-0.004704086987937796,-0.010976202971854853,-0.011764565054861056,-0.02580320691239371
-0.006540614099666927,-0.014389351019267246,-0.004870315198440516,-0.011132149025006888,-0.011410929298107442,-0.025521500044274135
-0.006072684633077084,-0.013967174656077297,-0.005044911403667628,-0.011290992189160878,-0.011117596036744712,-0.025258166845238177
-0.0056504713523749805,-0.013561131245699956,-0.005228398599811972,-0.011452682647207175,-0.010878869952186954,-0.025013813892907133
-0.005268577426490328,-0.01317144356622582,-0.005421336261037798,-0.011617149130795281,-0.010689913687528127,-0.0247885926970211
-0.004922317827584386,-0.012798026351719413,-0.005624322768077079,-0.011784295323590065,-0.010546640595661464,-0.02458232167530948
-0.004607621995422781,-0.012440579387641511,-0.005837997912541142,-0.011953995725679477,-0.010445619907963923,-0.024394575113320986
-0.0043209486812279254,-0.012098656307438196,-0.006063045451119825,-0.012126090902239647,-0.010383994132347751,-0.024224747209677842
-0.004059212151121665,-0.011771715238252831,-0.006300195673760231,-0.012300382029722355,-0.010359407824881896,-0.024072097267975184
-0.0038197186342054878,-0.011459155902616463,-0.00655022793714807,-0.012476624642186797,-0.010369946571353558,-0.023935780544803262
-0.003600111813577271,-0.011160346622089546,-0.006813973098735585,-0.012654521469080365,-0.010414084912312856,-0.02381486809116991
-0.0033983261870155564,-0.010874643798449784,-0.007092315766429292,-0.012833714244014903,-0.010490641953444848,-0.023708358042464687
-0.003212547211274589,-0.010601405797206146,-0.007386196253988516,-0.013013774352265476,-0.010598743465263105,-0.023615180149471622
-0.0030411772565330313,-0.010340002672212308,-0.007696612101162471,-0.013194192173421377,-0.010737789357695503,-0.023534194845633682
-0.0028828065163815004,-0.01008982280733525,-0.008024618979423295,-0.013374364965705491,-0.010907425495804795,-0.02346418777304074
-0.002736188133385018,-0.00985027728018607,-0.008371330757494815,-0.013553583131182073,-0.011107518890879832,-0.023403860411368143
-0.0026002169055176893,-0.009620802550415454,-0.008737918444260926,-0.013731014698124305,-0.011338135349778615,-0.02335181724853976
-0.002473911032516507,-0.009400861923562728,-0.00912560765851141,-0.01390568786058881,-0.011599518691027917,-0.023306549784151538
-0.0023563964430632247,-0.009189946127946578,-0.009535674193808283,-0.01407647142895508,-0.011892070636871508,-0.023266417556901658
-0.002246893314238522,-0.008987573256954089,-0.009969437151170178,-0.014242053073100253,-0.0122163304654087,-0.02322962633005434
-0.00214470445491605,-0.008793288265155809,-0.010428249001341044,-0.014400915287566195,-0.012572953456257094,-0.023194203552722004
-0.002049205275861312,-0.008606662158617514,-0.010913481812015688,-0.014551309082687576,-0.012962687087877001,-0.02315797124130509
-0.0019598351124707476,-0.008427290983624216,-0.011426508734802748,-0.014691225516174956,-0.013386343847273496,-0.023118516499799173
-0.0018760897024584907,-0.008254794690817361,-0.011968679695361873,-0.014818365337114696,-0.013844769397820363,-0.023073160027932055
-0.0017975146513908179,-0.00808881593125868,-0.012541290074783499,-0.014930107231885117,-0.014338804726174317,-0.023018923163143797
-0.0017236997446775657,-0.007929018825516804,-0.013145541022339446,-0.015023475454102214,-0.014869240767017011,-0.02295249427961902
-0.0016542739862301801,-0.007775087735281848,-0.013782489917236304,-0.015095108004592135,-0.015436763903466485,-0.022870195739873984
-0.001588901262148705,-0.007626726058313785,-0.014452989426723475,-0.015141227018472207,-0.01604189068887218,-0.02276795307678599
-0.0015272765430649688,-0.007483655061018348,-0.015157613627799561,-0.015157613627799557,-0.016684890170864528,-0.022641268688817905
-0.0014691225516174954,-0.007345612758087477,-0.01589656982130703,-0.01513959030600669,-0.017365692372924523,-0.022485203064094166
-0.0014141868323604167,-0.007212352845038128,-0.016669595037056385,-0.015082014557336714,-0.018083781869416803,-0.022294367402374844
-0.0013622391705440395,-0.007083643686829007,-0.01747583688852185,-0.014979288761590147,-0.01883807605906589,-0.022062932448419153
-0.0013130693139241964,-0.0069592673637982405,-0.018313719479067417,-0.014825391959245045,-0.019626788792991613,-0.021784659323043284
-0.001266484958290944,-0.0068390187747710985,-0.019180796584963,-0.014613940255209902,-0.020447281543253946,-0.021452959029981
-0.001222309962945756,-0.006722704796201659,-0.02007359642600482,-0.01433828316143201,-0.021295906388950576,-0.02106098795763367
-0.0011803827670597918,-0.006610143495534836,-0.020987465023107096,-0.013991643348738047,-0.022167847790166888,-0.020601786844272885
-0.0011405549818469653,-0.006501163396527704,-0.02191641839298232,-0.013567306624227136,-0.023056973374829287,-0.02006847002075484
-0.0011026901368953485,-0.006395602793993022,-0.022853017469605493,-0.013058867125488843,-0.023955707606500842,-0.019454469919481864
-0.0010666625619116135,-0.00629330911527852,-0.02378828330910892,-0.01246052935239038,-0.024854945871020533,-0.0187538384676689
-0.0010323563876231047,-0.006194138325738629,-0.024711673234231443,-0.011767463444872114,-0.02574402962185455,-0.017961601770610743
-0.0009996646517156469,-0.006097954375465447,-0.025611140267661335,-0.01097620297185484,-0.026610804919376983,-0.017074157347320287
-0.0009684884975166046,-0.006004628684602949,-0.026473297464790508,-0.010085065700872583,-0.027441785962307112,-0.01608969438547553
-0.0009387364547076644,-0.005914039664658286,-0.027283704530039206,-0.009094568176679725,-0.02822244098474687,-0.015008607841338012
-0.0009103237927086475,-0.005826072273335346,-0.02802728557593127,-0.008007795878837477,-0.028937609368639917,-0.013833868152172822
-0.0008831719385446214,-0.0057406176005400395,-0.02868887386205839,-0.0068306842528710445,-0.029572045800603013,-0.012571301853411085
-0.0008572079520209799,-0.005657572483338468,-0.029253862625206153,-0.005572164309563056,-0.03011107057722713,-0.011229736792901523
-0.0008323640519079295,-0.005576839147783127,-0.02970892271048713,-0.004244131815783885,-0.030541286762395058,-0.009820970963567013
-0.0008085771875964198,-0.005498324875655655,-0.030042730830829686,-0.002861212460079007,-0.030851308018426105,-0.008359537335734663
-0.0007857886513485879,-0.005421941694305259,-0.030246640768595498,-0.0014403162270759454,-0.031032429419944087,-0.006862257921381204
-0.0007639437268410976,-0.005347606087887683,-0.030315227255599115, -0.0,-0.031079170982440212,-0.005347606087887683
-0.0007429913702014173,-0.005275238728430064,-0.03024664076859549,0.0014403162270759963,-0.030989632138796908,-0.003834922501354068
-0.0007228839201751492,-0.005204764225261073,-0.030042730830829686,0.002861212460079007,-0.030765614751004835,-0.0023435517651820663
-0.0007035768344456597,-0.005136110891453317,-0.02970892271048713,0.004244131815783885,-0.03041249954493279,-0.0008919790756694319
-0.0006850284494629637,-0.005069210526025933,-0.029253862625206135,0.005572164309563102,-0.0299388910746691,0.0005029537835371687
-0.000667199761433273,-0.005003998210749547,-0.02868887386205839,0.0068306842528710445,-0.029356073623491664,0.0018266860421214974
-0.0006500542263794225,-0.004940412120483612,-0.028027285575931246,0.008007795878837516,-0.02867733980231067,0.0030673837583539048
-0.0006335575774100992,-0.004878393346057764,-0.027283704530039206,0.009094568176679725,-0.027917262107449305,0.0042161748306219615
-0.000617677657536463,-0.004817885728784412,-0.026473297464790508,0.010085065700872583,-0.02709097512232697,0.005267179972088171
-0.0006023842665518823,-0.004758835705759872,-0.0256111402676613,0.010976202971854868,-0.026213524534213183,0.006217367266094996
-0.0005876490206469981,-0.004701192165175985,-0.024711673234231443,0.011767463444872114,-0.02529932225487844,0.007066271279696129
-0.0005734452235708581,-0.004644906310923952,-0.023788283309108902,0.012460529352390393,-0.02436172853267976,0.00781562304146644
-0.0005597477482716132,-0.004589931535827227,-0.022853017469605493,0.013058867125488843,-0.023412765217877107,0.008468935589661615
-0.0005465329280591626,-0.00453622330289105,-0.021916418392982303,0.013567306624227145,-0.022462951321041466,0.009031083321336095
-0.0005337784564289389,-0.004483739034003087,-0.020987465023107058,0.01399164334873806,-0.021521243479535997,0.009507904314734974
-0.0005214632947720802,-0.004432438005562683,-0.02007359642600482,0.01433828316143201,-0.020595059720776902,0.009905845155869328
-0.0005095675872739444,-0.0043822812505559215,-0.019180796584962988,0.014613940255209906,-0.01969036417223693,0.010231659004653984
-0.0004980725823712985,-0.004333231466630298,-0.018313719479067417,0.014825391959245045,-0.018811792061438716,0.010492160492614748
-0.0004869605601995777,-0.004285252929756284,-0.017475836888521838,0.014979288761590152,-0.017962797448721417,0.010694035831833868
-0.00047621476551620574,-0.004238311413094232,-0.016669595037056353,0.015082014557336716,-0.01714580980257256,0.010843703144242484
-0.0004658193456348156,-0.00419237411071334,-0.01589656982130703,0.01513959030600669,-0.016362389166941844,0.01094721619529335
-0.0004557592929489901,-0.004147409565835811,-0.015157613627799545,0.015157613627799554,-0.015613372920748535,0.011010204061963742
-0.0004460203916634149,-0.0041033876033034185,-0.014452989426723451,0.015141227018472203,-0.014899009818386866,0.011037839415168785
-0.0004365891683855855,-0.004060279265985945,-0.013782489917236296,0.015095108004592137,-0.014219079085621882,0.011034828738606192
-0.0004274528462629237,-0.004018056754871484,-0.013145541022339426,0.015023475454102212,-0.01357299386860235,0.011005418699230728
-0.0004185993023786836,-0.0039766933725974936,-0.012541290074783499,0.014930107231885117,-0.012959889377162182,0.010953413859287622
-0.0004100170281457156,-0.003936163470198871,-0.011968679695361861,0.014818365337114692,-0.012378696723507577,0.010882201866915821
-0.0004016950924603518,-0.0038964423968654138,-0.01142650873480273,0.01469122551617495,-0.011828203827263082,0.010794783119309537
-0.00039362310739957617,-0.003857506452515847,-0.010913481812015678,0.014551309082687572,-0.011307104919415254,0.010693802630171726
-0.00038579119626355783,-0.0038193328430092236,-0.010428249001341027,0.01440091528756619,-0.010814040197604584,0.010581582444556967
-0.00037818996378272157,-0.0037818996378272155,-0.009969437151170178,0.014242053073100253,-0.0103476271149529,0.010460153435273036
-0.00037081046832399635,-0.003745185730072364,-0.009535674193808276,0.014076471428955078,-0.009906484662132273,0.010331285698882715
-0.0003636441959449244,-0.0037091707986382297,-0.009125607658511396,0.013905687860588803,-0.00948925185445632,0.010196517061950574
-0.0003566830361570163,-0.003673835272417268,-0.008737918444260919,0.013731014698124303,-0.009094601480417935,0.010057179425707035
-0.00034991925927129776,-0.0036391602964214974,-0.008371330757494801,0.013553583131182066,-0.008721250016766099,0.009914422834760569
-0.00034334549520948204,-0.003605127699699562,-0.008024618979423295,0.013374364965705491,-0.008367964474632776,0.00976923726600593
-0.0003369547136737374,-0.0035717199649416163,-0.007696612101162465,0.013194192173421371,-0.008033566814836203,0.009622472208479754
-0.00033074020557671537,-0.003538920199670855,-0.007386196253988505,0.013013774352265467,-0.007716936459565221,0.009474854152594612
-0.0003246955656414049,-0.003506712108927173,-0.007092315766429287,0.012833714244014902,-0.007417011332070692,0.009327002135087728
-0.0003188146760875959,-0.003475079969354796,-0.0068139730987355745,0.012654521469080358,-0.007132787774823171,0.009179441499725563
-0.0003130916913283187,-0.0034440086046115055,-0.00655022793714807,0.012476624642186797,-0.006863319628476389,0.009032616037575292
-0.0003075210236056265,-0.0034134833620224547,-0.006300195673760227,0.012300382029722352,-0.006607716697365854,0.008886898667699896
-0.00030209732950059204,-0.0033834900904066317,-0.006063045451119816,0.01212609090223964,-0.0063651427806204084,0.008742600811833008
-0.0002968154972574006,-0.0033540151190086264,-0.005837997912541138,0.011953995725679473,-0.006134813409798539,0.008599980606670847
-0.0002916706348660268,-0.003325045237472706,-0.005624322768077072,0.01178429532359006,-0.005915993402943099,0.008459250086117354
-0.0002866580588521942,-0.0032965676768002333,-0.005421336261037798,0.011617149130795281,-0.005707994319889992,0.008320581453995047
-0.0002817732837271678,-0.0032685700912351468,-0.005228398599811968,0.01145268264720717,-0.005510171883539135,0.008184112555972024
-0.00027701201205348363,-0.003241040541025759,-0.005044911403667621,0.01129099218916087,-0.005321923415721104,0.008049951648135111
-0.0002723701250859589,-0.0032139674760143155,-0.004870315198440512,0.011132149025006886,-0.005142685323526471,0.00791818154899257
-0.0002678436739503181,-0.0031873397200087865,-0.00470408698793779,0.010976202971854847,-0.004971930661888108,0.007788863251846061
-0.0002634288713245164,-0.003161146455894197,-0.00454573791897967,0.010823185521380166,-0.004809166790304187,0.007662039065485968
-0.00025912208359035933,-0.0031353772114433485,-0.004394811051847207,0.010673112554486075,-0.004653933135437566,0.0075377353430427264
-0.0002549198234253528,-0.003110021845789305,-0.004250879243153958,0.010525986697333614,-0.004505799066579311,0.007415964851544309
-0.00025081874280684797,-0.0030850705365242296,-0.004113543144528987,0.010381799364763633,-0.004364361887335835,0.007296728828239403
-0.0002468156264025256,-0.0030605137673913184,-0.003982429317759667,0.010240532531382003,-0.004229244944162192,0.007180018763990685
-0.0002429073853230835,-0.0030363423165385437,-0.003857188465008428,0.010102160265498263,-0.004100095850331512,0.007065817948959719
-0.00023909105121466492,-0.003012547245304778,-0.0037374937712382453,0.009966650056635322,-0.0039765848224529105,0.006954102811330544
-0.0002353637706701267,-0.0029891198875106094,-0.003623039354937452,0.009833963963401658,-0.003858403125607579,0.006844844075891049
-0.000231722799939668,-0.0029660518392277506,-0.0035135388225280436,0.009704059605077454,-0.0037452616224677117,0.006738007765849704
-0.00022816549992267407,-0.002943334949002496,-0.0034087239213970427,0.00957689101725836,-0.003636889421319717,0.006633556068255864
-0.00022468933142385223,-0.002920961308510079,-0.0033083432862457836,0.009452409389273666,-0.0035330326176696357,0.006531448080763586
-0.0002212918506578696,-0.002898923243618092,-0.003212161273358771,0.00933056369880405,-0.00343345312401664,0.006431640455185957
-0.00021797070498775887,-0.0028772133058384175,-0.0031199568774140487,0.009211301257127194,-0.0033379275824018074,0.006334087951288777
-0.00021472362888332608,-0.002855824264148237,-0.0030315227255599112,0.009094568176679732,-0.0032462463544432373,0.006238743912531495
-0.00021154844008670174,-0.002834749097161804,-0.0029466641436454045,0.008980309771109807,-0.003158212583732106,0.006145560673948003
-0.00020844303597301433,-0.0028139809856356935,-0.0028651982896955018,0.008868470896676552,-0.0030736413256685162,0.006054489911040859
-0.00020540539009493907,-0.0027935133052911718,-0.0027869533499518878,0.008758996242705933,-0.002992358740046827,0.0059654829374147615
-0.00020243354890060343,-0.0027733396199382675,-0.002711767793046491,0.008651830577814996,-0.0029142013419470943,0.005878490957876729
-0.0001995256286149962,-0.0027534536748869474,-0.0026394896781281756,0.008546918957748378,-0.002839015306743172,0.00579346528286143
-0.00019667981227565454,-0.0027338493906315987,-0.002569976013017917,0.008444206899916014,-0.0027666558252935716,0.005710357509284416
-0.00019389434691398415,-0.002714520856795778,-0.0025030921587191933,0.008343640529063976,-0.0026969865056331774,0.005629119672268198
-0.00019116754087410476,-0.0026954623263248773,-0.0024387112768550173,0.008245166697938393,-0.0026298788177291223,0.005549704371613515
-0.00018849776126162094,-0.0026766682099150178,-0.0023767138168389688,0.008148733086305038,-0.0025652115781005895,0.00547206487639002
-0.00018588343151518263,-0.0026581330706671115,-0.0023169870398126874,0.008054288281253628,-0.00250287047132787,0.005396155210586517
-0.0001833230290941393,-0.0026398516189556067,-0.0022594245765961136,0.007961781841338686,-0.002442747605690253,0.005321930222383079
-0.00018081508327599943,-0.0026218187075019916,-0.002203926017098452,0.007871164346780184,-0.0023847411003744515,0.005249345639278193
-0.0001783581730577833,-0.002604029326643636,-0.002150396528827281,0.007782387437660637,-0.0023287547018850645,0.005178358111017
-0.0001759509251557182,-0.002586478599789058,-0.0020987465023107063,0.007695403841805926,-0.0022746974274664247,0.005108925242016869
-0.00017359201209804978,-0.002569161779051137,-0.0020488912214129055,0.007610167393819362,-0.0022224832335109553,0.005041005614768225
-0.00017128015040605743,-0.002552074241050256,-0.002000750556677522,0.007526633046548776,-0.0021720307070835798,0.00497455880549852
-0.0001690140988586499,-0.0025352114828797482,-0.001954248679976496,0.007444756876100937,-0.002123262778835146,0.004909545393221189
-0.00016679265683618562,-0.002518569118226403,-0.0019093137988744938,0.007364496081373047,-0.0020761064557106796,0.0048459269631466444
-0.00016461466273941935,-0.002502142873639174,-0.001865877909242038,0.0072858089789451025,-0.0020304925719814575,0.004783666105305928
-0.00016247899247970936,-0.0024859285849395535,-0.0018238765647638755,0.007208654994066746,-0.001986355557243585,0.004722726409127192
-0.00016038455803684442,-0.0024699221937674047,-0.001783248662094065,0.007132994648376262,-0.0019436332201309093,0.0046630724546088565
-0.00015833030608105648,-0.0024541197442563755,-0.001743936240506028,0.007058789544905351,-0.0019022665465870845,0.0046046698006489755
-0.00015631521665597837,-0.002438517379833263,-0.0017058842949750168,0.0069860023508500685,-0.001862199511630995,0.004547484971016806
-0.00015433830191949116,-0.0024231113401360113,-0.0016690406017127594,0.0069145967785242905,-0.0018233789036322505,0.004491485438388279
-0.0001523986049395742,-0.0024078979580452724,-0.0016333555552497507,0.006844537564856097,-0.0017857541601893248,0.004436639606810825
-0.0001504951985424328,-0.002392873656824682,-0.0015987820162304718,0.006775790449738668,-0.0017492772147729046,0.004382916792913985
-0.00014862718421033026,-0.002378034947365284,-0.0015652751691510609,0.006708322153504546,-0.0017139023533613911,0.004330287206139262
-0.0001467936910266895,-0.002363378425529701,-0.0015327923893280447,0.00664210035375486,-0.0016795860803547342,0.004278721928225159
-0.00014499387466616634,-0.002348900769591895,-0.0015012931184412355,0.0065770936617425575,-0.0016462869931074017,0.004228192892150663
-0.00014322691642751839,-0.0023345987377685496,-0.0014707387480439175,0.006513271598480206,-0.001613965664471436,0.004178672860711656
-0.00014149202230721167,-0.002320469165838272,-0.0014410925104795952,0.006450604570718188,-0.0015825845327868068,0.004130135404879916
-0.00013978842211182023,-0.002306508964845034,-0.0014123193766870073,0.006389063846917413,-0.0015521077987988275,0.004082554882072379
-0.00013811536860737226,-0.0022927151188823795,-0.0013843859604141253,0.006328621533321715,-0.0015225013290214977,0.004035906414439336
-0.00013647213670390105,-0.002279084682955148,-0.0013572604283978887,0.00626925055021882,-0.0014937325651017898,0.003990165867263672
-0.00013485802267354497,-0.0022656147809155557,-0.001330912416099473,0.0062109246084642074,-0.001465770438773018,0.003945309827548652
-0.00013327234340063107,-0.0022523026034706652,-0.0013053129486154272,0.00615361818632987,-0.0014385852920160583,0.003901315582859205
-0.0001317144356622582,-0.0022391454062583895,-0.0012804343664131032,0.006097306506729063,-0.0014121488020753614,0.003858161100470673
-0.00013018365543797033,-0.0022261405079892927,-0.0012562502555646688,0.006041965514858645,-0.001386433911002639,0.0038158250068693524
-0.0001286793772471866,-0.0022132852886516097,-0.0012327353821778887,0.005987571856292603,-0.0013614147594250754,0.0037742865676409936
-0.00012720099351312025,-0.00220057718777698,-0.0012098656307438199,0.005934102855553021,-0.00133706662425694,0.0037335256677760408
-0.0001257479139519847,-0.002188013702764534,-0.0011876179461418855,0.005881536495178862,-0.0013133658600938702,0.003693522792414328
-0.00012431956498634624,-0.002175592387261059,-0.0011659702790615045,0.0058298513953075224,-0.0012902898440478507,0.0036542590080464636
-0.0001229153891815384,-0.002163310849595076,-0.0011449015346167001,0.005779026793779534,-0.0012678169237982386,0.003615715944184458
-0.00012153484470411044,-0.002151166751262755,-0.0011243915239461063,0.005729042526773018,-0.0012459263686502168,0.0035778757755102627
-0.00012017740480133046,-0.0021391578054636823,-0.0011044209186054695,0.005679879009970986,-0.0012245983234068,0.003540721204507304
-0.00011884255730081475,-0.0021272817756845842,-0.0010849712075733813,0.005631517220261837,-0.001203813764874196,0.003504235444577253
-0.00011752980412939963,-0.0021155364743291934,-0.0010660246567035492,0.005583938677970972,-0.001183554460832949,0.0034684022036417786
-0.000116238660850415,-0.002103919761392511,-0.0010475642704685165,0.0055371254296193015,-0.0011638029313189315,0.0034332056682267902
-0.00011496865621856148,-0.0020924295431778194,-0.0010295737558505354,0.005491060031202856,-0.0011445424120690969,0.0033986304880250368
-0.00011371933175162963,-0.002081063771054822,-0.0010120374882452087,0.005445725531986123,-0.0011257568199968383,0.0033646617609313007
-0.00011249024131833806,-0.002069820440257421,-0.0009949404792527505,0.005401105458800645,-0.0011074307205710884,0.003331285018543224
-0.00011128095074160197,-0.002058697588719637,-0.0009782683462402466,0.005357183800839446,-0.0010895492969818486,0.003298486212119809
-0.00011009103741657503,-0.0020476932959482956,-0.0009620072835661803,0.005313944994936996,-0.0010720983209827552,0.0032662516989887002
-0.00010892008994284088,-0.002036805681931125,-0.0009461440353658318,0.00527137391132392,-0.0010550641253086726,0.0032345682293927953
-0.0001077677077701582,-0.002026032906078974,-0.0009306658698029383,0.005229455839845082,-0.0010384335775730966,0.0032034229337661083
-0.00010663350085719234,-0.0020153731662009354,-0.000915560554699302,0.0051881764766293775,-0.0010221940555564942,0.003172803310428442
-0.00010551708934269303,-0.0020048246975111674,-0.0009008163344598889,0.005147521911199364,-0.0010063334238025819,0.0031426972136881963
-0.00010441810322860192,-0.0019943857716662973,-0.0008864219082163644,0.005107478614008576,-0.0009908400114449663,0.003113092842342279
-0.00010333618207459925,-0.0019840546958323057,-0.000872366409117077,0.005068033424394448,-0.0009757025911916763,0.0030839787285621423
-0.00010227097470361958,-0.001973829811779858,-0.0008586393846961598,0.00502917353893465,-0.0009609103593997794,0.003055343727154792
-0.00010122213891788974,-0.001963709495007061,-0.0008452307782587853,0.004990886500194732,-0.0009464529171766751,0.003027177005187671
-0.00010018934122506197,-0.0019536921538887086,-0.0008321309112236531,0.004953160185855077,-0.0009323202524487151,0.0029994680319663683
-9.917225657403383e-05,-0.0019437762288510632,-0.0008193304663675435,0.004915982798205261,-0.0009185027229415773,0.0029722065693541973
-9.817056810006649e-05,-0.00193396019157131,-0.0008068204719202899,0.004879342853994135,-0.0009049910400203565,0.002945382662422825
-9.718396687882881e-05,-0.0019242425442008106,-0.0007945922864617657,0.004843229174624096,-0.0008917762533405944,0.002918986630423285
-9.621215168901254e-05,-0.0019146218186113497,-0.0007826375845755302,0.004807630876678257,-0.0008788497362645427,0.0028930090580669074
-9.525482878317924e-05,-0.001905096575663585,-0.0007709483432166086,0.004772537362769481,-0.0008662031719997879,0.0028674407871058967
-9.43117116665141e-05,-0.0018956654044969333,-0.0007595168287535057,0.004737938312700441,-0.0008538285404200198,0.0028422729082035075
-9.338252088317735e-05,-0.001886326921840183,-0.0007483355846470308,0.004703823674924194,-0.0008417181055302081,0.002817496753084011
-9.246698380995637e-05,-0.0018770797713421143,-0.0007373974197307893,0.004670183658294999,-0.0008298644035407457,0.0027931038869528843
-9.156483445693468e-05,-0.0018679226229214678,-0.0007266953970603471,0.004637008724099358,-0.0008182602315172818,0.0027690861011778903
-9.067581327490773e-05,-0.0018588541721356083,-0.0007162228233000755,0.0046042895783576275,-0.0008068986365749833,0.002745435406222019
-8.979966696928454e-05,-0.0018498731395672615,-0.0007059732386185356,0.004572017164386707,-0.0007957729055878202,0.0027221440248194452
-8.893614832022834e-05,-0.0018409782702287268,-0.0006959404070650289,0.004540182655614712,-0.0007848765553852572,0.0026992043853859855
-8.808501600879734e-05,-0.0018321683329829846,-0.0006861183074015504,0.004508777448638759,-0.0007742033234103478,0.002676609115655775
-8.724603444885879e-05,-0.001823442119981149,-0.0006765011243659147,0.004477793156517245,-0.0007637471588147736,0.0026543510365360963
-8.641897362455855e-05,-0.0018147984461157297,-0.0006670832403432569,0.004447221602288378,-0.0007535022139678154,0.0026324231561726487
-8.560360893313658e-05,-0.001806236148489182,-0.0006578592274244272,0.004417054812706868,-0.0007434628363575638,0.002610818664217686
-8.479972103288978e-05,-0.0017977540858972634,-0.0006488238398310704,0.004387285012191048,-0.0007336235608639602,0.0025895309262937843
-8.400709569608937e-05,-0.0017893511383267036,-0.0006399720066883298,0.004357904616972912,-0.0007239791023844192,0.0025685534786462085
-8.322552366667002e-05,-0.0017810262064667385,-0.0006312988251272232,0.004328906229443817,-0.0007145243487938933,0.0025478800229770783
-8.245480052251458e-05,-0.0017727782112340635,-0.0006227995536997675,0.004300282632688871,-0.0007052543542222821,0.0025275044214548075
-8.169472654216544e-05,-0.0017646060933107738,-0.0006144696060908768,0.004272026785203239,-0.0006961643326330422,0.0025074206918924654
-8.094510657580129e-05,-0.001756508812694888,-0.0006063045451119821,0.004244131815783875,-0.0006872496516877834,0.002487623003088987
-8.020574992032353e-05,-0.0017484853482630529,-0.0005983000769621485,0.00421659101859038,-0.000678505826882472,0.0024681056703273266
-7.947647019840385e-05,-0.0017405346973450445,-0.0005904520457432739,0.004189397848368943,-0.0006699285159416777,0.002448863151023898
-7.875708524135027e-05,-0.0017326558753097058,-0.0005827564282166954,0.0041625459158335385,-0.0006615135134580457,0.0024298900405238326
-7.80474169756541e-05,-0.0017248479151619556,-0.0005752093287892268,0.0041360289831987255,-0.0006532567457648809,0.00241118106803677
-7.734729131308696e-05,-0.001717109867150531,-0.000567806974717316,0.004109840959858668,-0.000645154266030403,0.0023927310927081375
-7.665653804422096e-05,-0.0017094407983861278,-0.0005605457115186249,0.004083975898207125,-0.0006372022495628459,0.0023745350998209975
-7.597499073525118e-05,-0.0017018397924696263,-0.000553421998580917,0.004058427989593391,-0.0006293969893161681,0.002356588197123764
-7.53024866280037e-05,-0.0016943059491300835,-0.000546432404958686,0.0040331915604093485,-0.0006217348915866897,0.002338885611279265
-7.463886654301796e-05,-0.0016868383838722061,-0.0005395736053484768,0.00400826106830297,-0.0006142124718914947,0.002321422684430764
-7.398397478559506e-05,-0.0016794362276330082,-0.0005328423762343247,0.003983631098513761,-0.0006068263510199197,0.002304194870880753
-7.333765905470944e-05,-0.0016720986264473756,-0.0005262355921952059,0.003959296360325835,-0.0005995732512499154,0.0022871977338784597
-7.269977035468468e-05,-0.0016648247411222793,-0.0005197502223668149,0.0039352516836344545,-0.0005924499927214995,0.002270426942512175
-7.207016290953751e-05,-0.0016576137469193626,-0.0005133833270503901,0.003911492015622019,-0.0005854534899599275,0.0022538782687026564
-7.144869407989914e-05,-0.00165046483324567,-0.0005071320544616951,0.0038880124175396627,-0.0005785807485415942,0.002237547584293993
-7.083522428242502e-05,-0.0016433772033522607,-0.0005009936376136108,0.0038648080615907117,-0.0005718288618960358,0.0022214308582384507
-7.022961691160872e-05,-0.0016363500740404833,-0.000494965391326146,0.003841874227912467,-0.0005651950082377547,0.0022055241538719837
-6.963173826391804e-05,-0.0016293826753756822,-0.000489044709357984,0.003819206301652827,-0.000558676447621902,0.002189823626277145
-6.904145746417511e-05,-0.001622474250408115,-0.00048322906165398715,0.00379679977013847,-0.0005522705191181623,0.0021743255197303546
-6.845864639410509e-05,-0.0016156240549008802,-0.00047751599170336843,0.0037746502201313884,-0.0005459746380974735,0.002159026165230508
-6.788317962298044e-05,-0.0016088313570646368,-0.00047190311400350176,0.0037527533351707047,-0.0005397862936264822,0.002143921978106068
-6.731493434029125e-05,-0.001602095437298932,-0.0004663881116246015,0.003731104892996813,-0.0005337030459648928,0.0021290094556978808
-6.675379029037396e-05,-0.0015954155879399376,-0.00046096873387074035,0.0037097007630550044,-0.0005277225241611143,0.002114285175115067
-6.619962970893393e-05,-0.0015887911130144144,-0.00045564279403289626,0.0036885369040758264,-0.0005218424237418302,0.0020997457910614118
-6.565233726139955e-05,-0.0015822213279997293,-0.0004504081672299443,0.003667609361729547,-0.0005160605044913439,0.0020853880337298176
-6.51117999830473e-05,-0.001575705559589745,-0.00044526278833369545,0.003646914266352172,-0.0005103745883167427,0.002071208706762427
-6.457790722084036e-05,-0.001569243145466421,-0.0004402046499742905,0.003626447830740584,-0.0005047825571951309,0.002057204685274163
-6.405055057692482e-05,-0.0015628334340769654,-0.000435231800622431,0.0036062063480144274,-0.0004992823511993558,0.002043372913937462
-6.352962385372953e-05,-0.0015564757844163735,-0.00043034234274509783,0.003586186189542481,-0.0004938719665988273,0.0020297104051261077
-6.301502300061844e-05,-0.0015501695658152136,-0.0004255344310315819,0.0035663838029313523,-0.0004885494540322003,0.002016214237116139
-6.250664606204466e-05,-0.0015439141577325032,-0.0004208062706867865,0.0035467957100743432,-0.00048331291674883116,0.00200288155234184
-6.200439312715874e-05,-0.0015377089495535368,-0.0004161561157889246,0.0035274185052585044,-0.00047816050891608336,0.0019897095557049674
-6.150816628082461e-05,-0.0015315533403925325,-0.00041158226770886063,0.0035082488533279064,-0.00047309043398968524,0.001976695512935374
-6.1017869555998206e-05,-0.0015254467388999553,-0.0004070830735884781,0.0034892834879012404,-0.0004681009431444763,0.001963836749001285
-6.05334088874263e-05,-0.0015193885630744002,-0.000402656924875586,0.0034705192096419557,-0.0004631903337630123,0.0019511306465675555
-6.005469206662296e-05,-0.0015133782400788987,-0.0003983022559129809,0.0034519528845791676,-0.0004583569479796039,0.001938574644500269
-5.95816286980843e-05,-0.001507415206061533,-0.0003940175425794047,0.00343358144247767,-0.000453599171277489,0.001926166236416137
-5.911413015670249e-05,-0.001501498905980243,-0.00038980130098023764,0.0034154018752554152,-0.00044891543113694015,0.0019139029692751722
-5.865210954634147e-05,-0.0014956287934317072,-0.00038565208618586536,0.0033974112354469084,-0.00044430419573220683,0.0019017824420152012
-5.819548165953878e-05,-0.0014898043304841927,-0.0003815684910157607,0.003379606634711023,-0.0004397639726752995,0.0018898023042268305
-5.774416293829819e-05,-0.0014840249875142637,-0.00037754914486639945,0.003361985242381748,-0.00043529330780469765,0.0018779602548674842
-5.729807143593974e-05,-0.0014782902430472455,-0.00037359271258122684,0.003344544284060507,-0.0004308907840171666,0.0018662540410132615
-5.685712677997482e-05,-0.0014725995836013478,-0.0003696978933609649,0.0033272810402486834,-0.0004265550201409397,0.0018546814566473356
-5.642125013597471e-05,-0.0014669525035353424,-0.0003658634197126299,0.003310192845019032,-0.00042228466984860463,0.0018432403414836897
-5.599036417240274e-05,-0.0014613485048997116,-0.0003620880564357079,0.003293277084724772,-0.00041807842060811063,0.0018319285798250606
-5.556439302638029e-05,-0.001455787097291164,-0.00035837059964399423,0.0032765311967450903,-0.00041393499267037453,0.0018207440994539264
-5.514326227035884e-05,-0.001450267797710438,-0.00035470987582168225,0.003259952668265937,-0.0004098531380920411,0.001809684870555499
-5.4726898879670584e-05,-0.0014447901304233033,-0.00035110474091234106,0.00324353903509496,-0.00040583163979201163,0.0017987489046716568
-5.431523120093122e-05,-0.0014393536268246772,-0.0003475540794394845,0.003227287880509498,-0.0004018693106404157,0.0017879342536848207
-5.390818892126972e-05,-0.001433957825305775,-0.000344056803657493,0.0032111968341366013,-0.0003979649925787627,0.0017772390088308264
-5.3505703038360076e-05,-0.0014286022711242142,-0.00034061185273169954,0.0031952635708640386,-0.0003941175557700596,0.0017666612997398244
-5.310770583123139e-05,-0.0014232865162770016,-0.0003372181919465053,0.003179485809781336,-0.0003903258977777367,0.0017561992935043343
-5.2714130831833516e-05,-0.0014180101193763215,-0.00033387481194044284,0.00316386131314991,-0.00038658894277227636,0.0017458511937735886
-5.232491279733545e-05,-0.001412772645528057,-0.0003305807279671425,0.0031483878854013567,-0.00038290564076447794,0.0017356152398732996
-5.1939987683135764e-05,-0.0014075736662129792,-0.0003273349791812156,0.003133063372163063,-0.00037927496686435136,0.001725489705950084
-5.155929261656346e-05,-0.0014024127591705262,-0.00032413662794809564,0.0031178856593102535,-0.0003756959205646591,0.0017154729001397273
-5.1182765871249604e-05,-0.0013972895082851144,-0.0003209847591769317,0.0031028526720436734,-0.00037216752504818127,0.001705563163758559
-5.0810346842150266e-05,-0.0013922035034749172,-0.0003178784796756595,0.0030879623739921203,-0.00036868882651780975,0.0016957588705172031
-5.044197602120156e-05,-0.0013871543405830427,-0.0003148169175274151,0.0030732127663390518,-0.00036525889354861664,0.001686058425756009
-5.007759497358917e-05,-0.001382141621271061,-0.0003117992214874923,0.0030586018869725434,-0.00036187681646108143,0.0016764602657014824
-4.97171463146141e-05,-0.0013771649529148108,-0.000308824560400074,0.003044127809657873,-0.0003585417067146881,0.0016669628567430623
-4.936057368713799e-05,-0.0013722239485024364,-0.00030589212263400537,0.0030297886432320534,-0.00035525269632114334,0.001657564694729617
-4.900782173959133e-05,-0.0013673182265345981,-0.0003030011155369025,0.003015582530819648,-0.00035200893727649384,0.0016482643042850498
-4.865883610452851e-05,-0.0013624474109267982,-0.00030015076490692193,0.003001507649069219,-0.00034880960101145046,0.0016390602381424208
-4.831356337771451e-05,-0.001357611130913778,-0.0002973403144815446,0.002987562207409805,-0.0003456538778592591,0.001629951076496027
-4.797195109772791e-05,-0.001352809020955927,-0.00029456902544274996,0.002973744447326809,-0.0003425409765404779,0.0016209354263708817
-4.763394772606575e-05,-0.0013480407206476611,-0.00029183617593798745,0.00296005264165673,-0.0003394701236640532,0.0016120119210090687
-4.729950262773647e-05,-0.001343305874627716,-0.0002891410606163722,0.002946485093900174,-0.00033644056324410866,0.001603179219272458
-4.6968566052326934e-05,-0.0013386041324913176,-0.00028648299017955707,0.0029330401375526074,-0.00033345155623188403,0.0015944360050612898
-4.664108911553052e-05,-0.001333935148704173,-0.00028386129094675264,0.0029197161354523123,-0.0003305023800622832,0.0015857809867481393
-4.631702378112366e-05,-0.0013292985825182492,-0.0002812753044333938,0.002906511479145069,-0.00032759232821451744,0.00157721289662682
-4.5996322843378046e-05,-0.001324694097889288,-0.0002787243869429627,0.002893424588265041,-0.0003247207097863407,0.0015687304903757532
-4.567893990989687e-05,-0.00132012136339602,-0.0002762079091715054,0.0028804539099314135,-0.00032188684908140226,0.0015603325465353935
-4.536482938486328e-05,-0.001315580052161035,-0.0002737252558243936,0.002867597918160314,-0.0003190900852092569,0.0015520178659992792
-4.505394645268972e-05,-0.001311069841773271,-0.0002712758252449009,0.002854855113291576,-0.00031632977169759066,0.001543785271518305
-4.474624706205762e-05,-0.0013065904142120827,-0.0002688590290541821,0.002842224021429925,-0.00031360527611623974,0.0015356336072178424
-4.444168791033621e-05,-0.001302141455772851,-0.0002664742918022564,0.002829703193900152,-0.0003109159797125926,0.0015275617381273008
-4.414022642837069e-05,-0.0012977226569940987,-0.0002641210506296146,0.002817291206715889,-0.00030826127705798533,0.0015195685497217904
-4.3841820765629705e-05,-0.0012933337125860763,-0.0002617987549390829,0.0028049866600616024,-0.0003056405757047126,0.001511652947475526
-4.354642977570212e-05,-0.001288974321360783,-0.0002595068660775901,0.002792788177787398,-0.0003030532958532922,0.001503813856426615
-4.3254013002134406e-05,-0.001284644186163392,-0.0002572448570275007,0.0027806944069163164,-0.0003004988700296351,0.0014960502207529245
-4.296453066459874e-05,-0.0012803430138050426,-0.00025501221210718565,0.00276870401716373,-0.0002979767427717844,0.0014883610033586874
-4.26779436453837e-05,-0.001276070514996973,-0.00025280842668051897,0.0027568157004685167,-0.00029548637032590267,0.0014807451854715436
-4.239421347619853e-05,-0.0012718264042859558,-0.00025063300687499693,0.0027450281705356802,-0.00029302722035119547,0.0014732017662497244
-4.211330232528293e-05,-0.0012676103999910164,-0.0002484854693081895,0.002733340162390084,-0.00029059877163347244,0.0014657297623990675
-4.183517298481433e-05,-0.0012634222241413927,-0.00024636534082224653,0.002721750431941009,-0.0002882005138070609,0.0014583282077996165
-4.1559788858604564e-05,-0.0012592616024157185,-0.00024427215822618684,0.002710257755557216,-0.0002858319470847914,0.0014509961531414975
-4.128711395007876e-05,-0.0012551282640823945,-0.0002422054680457127,0.0026988609296522276,-0.00028349258199579145,0.001443732665569833
-4.101711285052873e-05,-0.0012510219419411262,-0.00024016482628030057,0.0026875587702795537,-0.0002811819391308293,0.0014365368283384276
-4.074975072763386e-05,-0.0012469423722655962,-0.00023814979816732653,0.0026763501127375746,-0.0002788995488949604,0.0014294077404719784
-4.048499331424273e-05,-0.001242889294747252,-0.00023615995795299782,0.0026652338111838323,-0.00027664495126724053,0.0014223445164365802
-4.0222806897408355e-05,-0.0012388624524401774,-0.00023419488866986435,0.002654208738258463,-0.0002744176955672727,0.0014153462858182855
-3.9963158307670836e-05,-0.001234861591707029,-0.00023225418192069776,0.002643273784716513,-0.0002722173402283686,0.001408412193009484
-3.970601490858096e-05,-0.0012308864621660095,-0.00023033743766853106,0.002632427859068926,-0.000270043452577112,0.0014015413969029164
-3.945134458645839e-05,-0.0012269368166388558,-0.00022844426403265797,0.0026216698872319317,-0.00026789560861911635,0.0013947330705930759
-3.919911574037896e-05,-0.0012230124110998238,-0.00022657427709040265,0.00261099881218464,-0.0002657733928307816,0.0013879864010848163
-3.8949297272384615e-05,-0.0012191130046256386,-0.00022472710068447143,0.0026004135936345983,-0.00026367639795685607,0.0013813005890089597
-3.870185857791082e-05,-0.0012152383593464,-0.00022290236623571046,0.002589913207691112,-0.0002616042248136213,0.0013746748483447117
-3.845676953642575e-05,-0.0012113882403974113,-0.00022109971256109568,0.002579496646546116,-0.00025955648209752144,0.0013681084061487046
-3.821400050227588e-05,-0.0012075624158719178,-0.0002193187856967897,0.0025691629181623936,-0.0002575327861990656,0.0013616005022904758
-3.7973522295733e-05,-0.0012037606567747365,-0.0002175592387261059,0.0025589110459689596,-0.0002555327610218389,0.0013551503891942231
-3.77353061942374e-05,-0.0011999827369767496,-0.00021582073161222385,0.0025487400685634057,-0.00025355603780646125,0.001348757331586656
-3.7499323923832345e-05,-0.001196228433170252,-0.00021410293103550822,0.0025386490394210264,-0.00025160225495934055,0.0013424206062507744
-3.7265547650785245e-05,-0.0011924975248251278,-0.0002124055102352872,0.0025286370266105612,-0.00024967105788607243,0.0013361395017854334
-3.703394997339067e-05,-0.0011887897941458407,-0.00021072814885595047,0.00251870311251636,-0.00024776209882934114,0.0013299133183705195
-3.680450391395097e-05,-0.0011851050260292212,-0.00020907053279723523,0.0025088463935668227,-0.0002458750367111862,0.0013237413675376015
-3.657718291092979e-05,-0.0011814430080230324,-0.00020743235406856796,0.002499065979968938,-0.00024400953697949776,0.0013176229719459056
-3.635196081127457e-05,-0.0011778035302852962,-0.00020581331064733907,0.002489360995448768,-0.00024216527145861364,0.0013115574651634718
-3.612881186290364e-05,-0.0011741863855443686,-0.0002042131063409894,0.002479730576997728,-0.00024034191820389303,0.0013055441914533595
-3.590771070735399e-05,-0.0011705913690597401,-0.00020263145065279125,0.0024701738746245026,-0.00023853916136014526,0.0012995825055647624
-3.5688632372585816e-05,-0.001167018278583556,-0.00020106805865121384,0.002460690051112474,-0.00023675669102379967,0.0012936717725289177
-3.547155226594003e-05,-0.0011634669143228333,-0.00019952265084276108,0.0024512782817824935,-0.00023499420310870112,0.0012878113674596602
-3.5256446167244964e-05,-0.0011599370789023597,-0.00019799495304817993,0.0024419377542608863,-0.0002332513992154249,0.0012820006753585266
-3.50432902220687e-05,-0.001156428577328267,-0.00019648469628193605,0.0024326676682525413,-0.00023152798650400474,0.0012762390909242744
-3.483206093511355e-05,-0.0011529412169522587,-0.0001949916166348591,0.002423467235318963,-0.00022982367756997266,0.0012705260183667043
-3.4622735163749384e-05,-0.0011494748074364796,-0.00019351545515986404,0.0024143356786611608,-0.00022813819032361344,0.0012648608712246812
-3.441529011168212e-05,-0.0011460291607190147,-0.00019205595776065518,0.002405272232907253,-0.0002264712478723373,0.0012592430721882382
-3.4209703322754587e-05,-0.0011426040909800037,-0.00019061287508332557,0.0023962761439046644,-0.00022482257840608015,0.0012536720529246607
-3.400595267487637e-05,-0.0011391994146083583,-0.0001891859624107663,0.0023873466685168125,-0.00022319191508564265,0.0012481472539084542
-3.3804016374079505e-05,-0.0011358149501690714,-0.00018777497955980182,0.0023784830744241563,-0.00022157899593388132,0.001242668124255085
-3.360387294869742e-05,-0.0011324505183711031,-0.00018637969078097322,0.0023696846399295164,-0.00021998356372967065,0.0012372341215584133
-3.3405501243663745e-05,-0.0011291059420358346,-0.00018499986466088988,0.002360950653767547,-0.00021840536590455364,0.0012318447117317126
-3.320888041492846e-05,-0.001125781046066075,-0.00018363527402707623,0.0023522804149182625,-0.0002168441544420047,0.0012264993688521875
-3.301398992398866e-05,-0.0011224756574156145,-0.00018228569585524075,0.0023436732324245233,-0.0002152996857792294,0.0012211975750089088
-3.2820809532530977e-05,-0.0011191896050593063,-0.0001809509111788962,0.0023351284252133746,-0.0002137717207114272,0.0012159388201540683
-3.262931929718348e-05,-0.0011159227199636754,-0.00017963070500126582,0.0023266453219211573,-0.0002122600242984493,0.001210722601957482
-3.243949956437411e-05,-0.0011126748350580322,-0.00017832486620940653,0.002318223260722285,-0.00021076436577378063,0.0012055484256642526
-3.225133096529338e-05,-0.0011094457852060923,-0.0001770331874904883,0.0023098615891616095,-0.00020928451845578168,0.0012004158039555172
-3.2064794410958975e-05,-0.0011062354071780846,-0.0001757554652501671,0.0023015596639902832,-0.00020782025966112607,0.0011953242568121987
-3.187987108737971e-05,-0.0011030435396233382,-0.0001744914995329915,0.002293316851005031,-0.0002063713706203712,0.0011902733113816927
-3.1696542450816846e-05,-0.0010998700230433448,-0.00017324109394478693,0.0022851325248907607,-0.00020493763639560378,0.001185262501847416
-3.151479022314022e-05,-0.0010967146997652797,-0.00017200405557695988,0.0022770060690664212,-0.0002035188458001001,0.0011802913693011415
-3.133459638727727e-05,-0.0010935774139159769,-0.00017078019493266914,0.002268936875534033,-0.0002021147913199464,0.001175359461618056
-3.1155943182752754e-05,-0.0010904580113963464,-0.00016956932585481172,0.0022609243447308225,-0.00020072526903756448,0.0011704663333344761
-3.0978813101317004e-05,-0.0010873563398562268,-0.000168371265455772,0.0022529678853843776,-0.000199350078557089,0.0011656115455281509
-3.080318888266094e-05,-0.0010842722486696652,-0.0001671858340488865,0.0022450669143707614,-0.00019798902293154743,0.0011607946657010962
-3.0629053510215675e-05,-0.0010812055889106134,-0.00016601285508157466,0.002237220856575506,-0.00019664190859179035,0.0011560152676648927
-3.0456390207034884e-05,-0.001078156213329035,-0.00016485215507009145,0.002229429144757427,-0.00019530854527712634,0.0011512729314283922
-3.028518243175808e-05,-0.0010751239763274118,-0.00016370356353585593,0.0022216912194151874,-0.00019398874596761401,0.0011465672430877756
-3.0115413874652996e-05,-0.0010721087339376466,-0.00016256691294331275,0.002214006528656545,-0.00019268232681796574,0.0011418977947188983
-2.9947068453735325e-05,-0.0010691103437983514,-0.00016144203863928522,0.002206374528070231,-0.00019138910709302055,0.0011372641842718795
-2.9780130310964005e-05,-0.0010661286651325115,-0.00016032877879377833,0.0021987946806003886,-0.00019010890910474234,0.001132666015467877
-2.961458380851045e-05,-0.0010631635587255255,-0.00015922697434219294,0.002191266456423513,-0.0001888415581507034,0.0011281028976979875
-2.9450413525100136e-05,-0.0010602148869036049,-0.00015813646892891273,0.002183789332827842,-0.00018758688245401286,0.001123574445924237
-2.9287604252424744e-05,-0.0010572825135125334,-0.00015705710885222633,0.0021763627940951363,-0.00018634471310465108,0.0011190802805826029
-2.912614099162361e-05,-0.0010543663038967749,-0.00015598874301055022,0.0021689863313847937,-0.00018511488400217382,0.0011146200274880188
-2.896600894983269e-05,-0.001051466124878927,-0.0001549312228499155,0.0021616594426202493,-0.00018389723179974818,0.0011101933177413224
-2.880719353679965e-05,-0.0010485818447395075,-0.00015388440231268582,0.0021543816323776016,-0.00018269159584948546,0.001105799787638094
-2.8649680361563755e-05,-0.0010457133331970771,-0.0001528481377874741,0.002147152411776422,-0.00018149781814903786,0.0011014390785793447
-2.8493455229198897e-05,-0.0010428604613886797,-0.00015182228806022473,0.002139971298372691,-0.00018031574328942362,0.0010971108369840115
-2.8338504137618704e-05,-0.0010400231018506065,-0.00015080671426643213,0.002132837816053826,-0.00017914521840405083,0.0010928147142032195
-2.818481327444207e-05,-0.0010372011284994684,-0.0001498012798444642,0.00212575149493573,-0.00017798609311890626,0.0010885503664362615
-2.8032369013918047e-05,-0.001034394416613576,-0.00014880585048996246,0.002118711871261846,-0.0001768382195038805,0.0010843174546482702
-2.788115791390867e-05,-0.0010316028428146208,-0.00014782029411129034,0.0021117184873041474,-0.00017570145202519901,0.0010801156444895266
-2.7731166712928523e-05,-0.0010288262850496482,-0.00014684448078600216,0.0021047708912660308,-0.0001745756474989307,0.0010759446062163826
-2.758238232723988e-05,-0.0010260646225733235,-0.00014587828271830659,0.002097868637187076,-0.00017346066504554647,0.0010718040146137523
-2.7434791848002118e-05,-0.001023317735930479,-0.00014492157419749817,0.0020910112848496164,-0.00017235636604550028,0.0010676935489191373
-2.7288382538474357e-05,-0.0010205855069389412,-0.0001439742315573323,0.0020841983996870966,-0.00017126261409580666,0.0010636128927481554
-2.714314183127012e-05,-0.0010178678186726297,-0.0001430361331363192,0.0020774295526941595,-0.00017017927496758932,0.0010595617340215299
-2.699905732566292e-05,-0.0010151645554449258,-0.0001421071592389129,0.002070704320338445,-0.00016910621656457582,0.0010555397648935193
-2.68561167849418e-05,-0.001012475602792306,-0.00014118719209757323,0.0020640222844740467,-0.00016804330888251504,0.0010515466816817408
-2.671430813381558e-05,-0.001009800847458229,-0.00014027611583567712,0.002057383032256598,-0.0001669904239694927,0.001047582184798369
-2.6573619455864968e-05,-0.0010071401773772825,-0.0001393738164312588,0.0020507861560599507,-0.00016594743588712376,0.0010436459786826683
-2.643403899104144e-05,-0.0010044934816595746,-0.00013848018168155716,0.002044231253394415,-0.0001649142206725986,0.0010397377717348403
-2.6295555133211858e-05,-0.0010018606505753718,-0.00013759510116834986,0.0020377179268265145,-0.0001638906563015617,0.0010358572762511427
-2.615815642774809e-05,-0.0009992415755399771,-0.0001367184662240549,0.002031245783900244,-0.00016287662265180298,0.0010320042083602668
-2.6021831569160408e-05,-0.0009966361490988437,-0.0001358501698985795,0.00202481443705978,-0.0001618720014677399,0.0010281782879609364
-2.5886569398773935e-05,-0.0009940442649129192,-0.0001349901069268981,0.002018423503573619,-0.00016087667632567202,0.0010243792386606999
-2.5752358902447248e-05,-0.0009914658177442189,-0.00013413817369734121,0.0020120726054601184,-0.00015989053259978845,0.0010206067877158995
-2.5619189208332134e-05,-0.0009889007034416205,-0.000133294268220577,0.0020057613694143966,-0.00015891345742890912,0.0010168606659727761
-2.5487049584673863e-05,-0.0009863488189268785,-0.00013245829009926886,0.0019994894267365824,-0.00015794533968394272,0.0010131406078097039
-2.5355929437650934e-05,-0.0009838100621808563,-0.00013163014049839223,0.001993256413261368,-0.00015698606993604317,0.0010094463510805117
-2.5225818309253583e-05,-0.0009812843322299645,-0.0001308097221161935,0.0019870619692888437,-0.00015603554042544708,0.0010057776370588792
-2.5096705875200313e-05,-0.0009787715291328122,-0.00012999693915577648,0.0019809057395165936,-0.0001550936450309768,0.0010021342103837814
-2.496858194289152e-05,-0.0009762715539670583,-0.0001291916972973001,0.0019747873729730157,-0.00015416027924019163,0.0009985158190059574
-2.4841436449399647e-05,-0.0009737843088164662,-0.0001283939036707727,0.0019687065229518482,-0.00015323534012017236,0.000994922214135382
-2.4715259459494965e-05,-0.0009713096967581522,-0.00012760346682942834,0.0019626628469478742,-0.0001523187262889233,0.0009913531501897221
-2.4590041163706334e-05,-0.0009688476218500297,-0.0001268202967236708,0.001956656006593778,-0.00015141033788737714,0.000987808384743748
-2.4465771876416255e-05,-0.000966397989118442,-0.0001260443046755719,0.0019506856675981362,-0.00015051007655198816,0.0009842876784796942
-2.4342442033989444e-05,-0.000963960704545982,-0.00012527540335390997,0.0019447514996845069,-0.00014961784538789941,0.000980790795138525
-2.4220042192934376e-05,-0.0009615356750594949,-0.0001245135067497365,0.0019388531765316109,-0.00014873354894267087,0.0009773175014721161
-2.4098563028097e-05,-0.0009591228085182608,-0.00012375853015245735,0.001932990375714572,-0.00014785709318055435,0.0009738675671963112
-2.3977995330886102e-05,-0.0009567220137023556,-0.00012301039012641658,0.0019271627786471932,-0.00014698838545730268,0.0009704407649448377
