-2.121476608833928e-05,0.0012728859653003569,0.00031751609594393086,0.006350321918878617,0.0002963013298555916,0.007623207884178974
-2.135686843985803e-05,0.00127714073270351,0.00031127506961059123,0.0062877564061339436,0.0002899182011707332,0.007564897138837454
-2.1500403214071348e-05,0.0012814240315586524,0.0003052161148564488,0.006226408743071558,0.0002837157116423775,0.0075078327746302105
-2.164538972621375e-05,0.0012857361497370966,0.0002993322232309483,0.006166243798557537,0.00027768683350473455,0.007451979948294634
-2.1791847618155245e-05,0.0012900773789947906,0.00029361672002932416,0.006107227776609945,0.0002718248724111689,0.0073973051556047355
-2.1939796865051624e-05,0.001294448015038046,0.0002880632454151952,0.006049328153719099,0.0002661234485501436,0.007343776168757145
-2.208925778215316e-05,0.0012988483575906056,0.00028266573677629924,0.005992513619657545,0.0002605764789941461,0.007291361977248151
-2.2240251031776137e-05,0.0013032787104620817,0.0002774184122222333,0.005936754021555793,0.0002551781611904572,0.0072400327320178755
-2.2392797630441722e-05,0.0013077393816177966,0.00027231575514055135,0.005882020311035911,0.00024992295751010964,0.007189759692653708
-2.254691895618662e-05,0.0013122306832500613,0.0002673524997344115,0.005828284494210173,0.0002448055807782249,0.007140515177460234
-2.270263675605045e-05,0.001316752931850926,0.0002625236174711676,0.005775519584365687,0.00023982098071511715,0.007092272516216613
-2.285997315374457e-05,0.0013213064482864364,0.00025782430437695656,0.005723699557168437,0.000234964331223212,0.007045006005454873
-2.3018950657507547e-05,0.001325891557872435,0.0002532499691175038,0.005672799308232086,0.00023023101845999624,0.006998690866104521
-2.3179592168152343e-05,0.0013305085904519445,0.00024879622181005976,0.005622794612907353,0.00022561662964190742,0.006953303203359297
-2.334192098731064e-05,0.0013351578804741686,0.000244458863515698,0.005573662088157918,0.00022111694252838736,0.006908819968632086
-2.3505960825879925e-05,0.0013398397670751558,0.00024023387636512504,0.005525379156397876,0.0002167279155392451,0.006865218923473032
-2.367173581267887e-05,0.0013445545941601598,0.0002361174142747501,0.0054779240111742025,0.00021244567846207124,0.006822478605334362
-2.3839270503317072e-05,0.0013493027104877463,0.00023210579421306,0.005431275584585606,0.00020826652370974295,0.006780578295073352
-2.4008589889285145e-05,0.001354084469755682,0.00022819548798035019,0.005385413516336267,0.00020418689809106503,0.006739497986091948
-2.417971940727146e-05,0.001358900230688656,0.0002243831144676374,0.005340318124329772,0.00020020339506036594,0.0066992183550184286
-2.4352684948712067e-05,0.0013637503571278758,0.00022066543236311313,0.005295970376714715,0.00019631274741440107,0.00665972073384259
-2.4527512869580356e-05,0.0013686352181225838,0.00021703933327682438,0.005252351865299151,0.00019251182040724404,0.006620987083421735
-2.4704230000423545e-05,0.001373555188023549,0.00021350183525641595,0.00520944478025655,0.0001887976052559924,0.006582999968280099
-2.4882863656652996e-05,0.001378510646578576,0.00021005007666872802,0.0051672318860507115,0.00018516721301207502,0.006545742532629287
-2.506344164909573e-05,0.0013835019790300843,0.00020668131042386235,0.005125696498511788,0.0001816178687747666,0.006509198477541872
-2.5245992294814855e-05,0.001388529576214817,0.00020339289851999405,0.00508482246299985,0.0001781469062251792,0.006473352039214668
-2.5430544428206604e-05,0.001393593834665722,0.0002001823068887432,0.00504459413359633,0.0001747517624605366,0.006438187968262052
-2.5617127412382215e-05,0.0013986951567160689,0.00019704710052234153,0.005004996353267476,0.00017142997310995933,0.006403691509983545
-2.5805771150843063e-05,0.0014038339506058624,0.00019398493886512916,0.004966014434947309,0.0001681791677142861,0.006369848385553171
-2.5996506099457488e-05,0.0014090106305905956,0.00019099357145313238,0.0049276341434908175,0.0001649970653536749,0.006336644774081413
-2.6189363278748632e-05,0.001414225617052426,0.00018807083378658237,0.004889841678451141,0.00016188147050783373,0.006304067295503568
-2.6384374286502145e-05,0.0014194793366138153,0.00018521464342126766,0.004852623657637213,0.00015883026913476552,0.006272102994251029
-2.6581571310703612e-05,0.0014247722222537136,0.00018242299626556856,0.004815967101411011,0.00015584142495486496,0.006240739323664724
-2.6780987142815492e-05,0.001430104713426347,0.000179693963070899,0.004779859417685915,0.0001529129759280835,0.006209964131112263
-2.6982655191403678e-05,0.0014354772561826759,0.00017702568610410455,0.0047442883875900045,0.00015004303091270088,0.00617976564377268
-2.718660949612447e-05,0.0014408903032945967,0.00017441637599111817,0.004709242151760191,0.0001472297664949937,0.006150132455054788
-2.7392884742082644e-05,0.0014463443143819636,0.0001718643087218782,0.004674709197235088,0.00014447142397979555,0.006121053511617051
-2.7601516274572127e-05,0.0014518397560424941,0.00016936782280716747,0.004640678344916389,0.00014176630653259535,0.0060925181009588835
-2.7812540114210837e-05,0.0014573771019846479,0.0001669253165786305,0.004607138737570203,0.00013911277646441966,0.0060645158395548505
-2.8025992972481787e-05,0.0014629568331635493,0.00016453524562379325,0.0045740798283414544,0.00013650925265131146,0.0060370366615050035
-2.824191226769307e-05,0.0014685794379200397,0.00016219612034842838,0.004541491369755994,0.0001339542080807353,0.006010070807676034
-2.8460336141369536e-05,0.001474245412122942,0.00015990650365909305,0.004509363403186425,0.0001314461675177235,0.0059836088153093665
-2.8681303475089637e-05,0.0014799552593146254,0.00015766500875912158,0.004477686248759054,0.00012898370528403194,0.005957641508073679
-2.8904853907781333e-05,0.0014857094908599605,0.00015547029705176833,0.004446450495680576,0.000126565443143987,0.005932159986540536
-2.9131027853491306e-05,0.001491508626098755,0.00015332107614459344,0.004415646992964293,0.00012419004829110214,0.005907155619063048
-2.935986651964249e-05,0.001497353192501767,0.00015121609794954425,0.004385266840536784,0.00012185623142990177,0.005882620033038551
-2.959141192579514e-05,0.001503243725830393,0.00014915415687352543,0.004355301380706943,0.0001195627449477303,0.005858545106537336
-2.9825706922927568e-05,0.001509180770300135,0.00014713408809456898,0.004325742189980329,0.00011730838117164142,0.005834922960280464
-3.006279521325291e-05,0.0015151648787479464,0.00014515476591900702,0.004296581071202609,0.00011509197070575411,0.005811745949950555
-3.030272137058902e-05,0.001521196612803569,0.00014321510221532909,0.004267810046016809,0.00011291238084474007,0.005789006658820378
-3.0545530861299384e-05,0.0015272765430649692,0.00014131404492066178,0.004239421347619853,0.0001107685140593624,0.005766697890684822
-3.079127006582311e-05,0.0015334052492779909,0.00013945057661604774,0.004211407413804643,0.00010865930655022464,0.005744812663082634
-3.103998630081333e-05,0.0015395833205203416,0.0001376237131669292,0.004183760880274649,0.00010658372686611587,0.005723344200794991
-3.12917278419036e-05,0.0015458113553900375,0.00013583250242544615,0.004156474574218653,0.00010454077458354254,0.00570228592960869
-3.1546543947122505e-05,0.0015520899621984275,0.00013407602299136113,0.004129541508133924,0.00010252947904423862,0.0056816314703323515
-3.180448488097825e-05,0.0015584197591679344,0.0001323533830286032,0.004102954873886699,0.00010054889814762496,0.005661374633054633
-3.206560193923447e-05,0.0015648013746346419,0.00013066371913459654,0.004076708036999412,9.859811719536206e-05,0.005641509411634054
-3.232994747440065e-05,0.0015712354472558715,0.00012900619525970275,0.004050794531154667,9.66762477853021e-05,0.005622029978410539
-3.25975749219605e-05,0.0015777226262228884,0.00012738000167425288,0.0040252080529063925,9.478242675229237e-05,0.005602930679129281
-3.286853882736281e-05,0.0015842635714788877,0.0001257843539807913,0.003999942456589164,9.29158151534285e-05,0.005584206028068052
-3.314289487380033e-05,0.0015908589539424158,0.00012421849216928416,0.003974991749417093,9.107559729548383e-05,0.005565850703359509
-3.342069991080293e-05,0.00159750945573638,0.0001226816797131699,0.003950350086764072,8.926097980236696e-05,0.005547859542500451
-3.370201198367262e-05,0.0016042157704228167,0.00012117320270424856,0.0039260117676176536,8.747119072057593e-05,0.00553022753804047
-3.3986890363788736e-05,0.001610978603243586,0.00011969236902451325,0.003901971230199133,8.570547866072452e-05,0.005512949833442719
-3.427539557981271e-05,0.00161779867136716,0.00011823850755313341,0.0038782230477427773,8.39631119733207e-05,0.005496021719109937
-3.456758944982342e-05,0.0016246767041417007,0.00011681096740689567,0.0038547619244275566,8.224337795707225e-05,0.005479438628569257
-3.486353511441456e-05,0.0016316134433546014,0.00011540911721249796,0.0038315826914549324,8.05455820980834e-05,0.005463196134809533
-3.5163297070787344e-05,0.0016386096434986906,0.00011403234440918197,0.0038086803032666787,7.886904733839462e-05,0.005447289946765369
-3.5466941207872825e-05,0.001645666072045299,0.00011268005458026498,0.0037860498338969048,7.721311337239214e-05,0.005431715905942203
-3.577453484251946e-05,0.001652783509724399,0.00011135167081221244,0.0037636864734527813,7.557713596969298e-05,0.0054164699831771804
-3.608614675678307e-05,0.0016599627508120211,0.0001100466330799622,0.003741585524718715,7.396048632317913e-05,0.005401548275530736
-3.6401847236357716e-05,0.0016672046034251833,0.0001087643976572783,0.003719742399878918,7.236255042092059e-05,0.005386947003304101
-3.672170811018754e-05,0.001674509889824552,0.00010750443655097794,0.0036981526173536414,7.07827284407904e-05,0.005372662507178194
-3.704580279130124e-05,0.001681879446725076,0.00010626623695793234,0.0036768117987444598,6.92204341666311e-05,0.005358691245469536
-3.7374206318912426e-05,0.0016893141256148416,0.00010504930074380069,0.003655715665884265,6.767509442488827e-05,0.005345029791499107
-3.770699540183107e-05,0.0016968147930823984,0.0001038531439425092,0.0036348600379878214,6.614614854067813e-05,0.005331674831070219
-3.8044248463232685e-05,0.0017043823311528243,0.00010267729627553647,0.0036142408288988843,6.463304781230379e-05,0.005318623160051709
-3.83860456868341e-05,0.0017120176376328009,0.00010152130069011629,0.003593854044430117,6.313525500328219e-05,0.0053058716820629185
-3.8732469064526635e-05,0.0017197216264649828,0.00010038471291550996,0.0035736957797921558,6.165224385098332e-05,0.005293417406257139
-3.908360244551925e-05,0.0017274952280919508,9.926710103654665e-05,0.003553762217108371,6.01834985910274e-05,0.005281257445200322
-3.9439531587046856e-05,0.0017353393898300617,9.816804508366713e-05,0.003534049623012017,5.8728513496620276e-05,0.005269389012842079
-3.980034420670079e-05,0.0017432550762534946,9.708713663874538e-05,0.0035145543463225835,5.7286792432044584e-05,0.005257809422576078
-4.016613003644124e-05,0.0017512432695888376,9.602397845599884e-05,0.0034952728157983583,5.58578484195576e-05,0.005246516085387196
-4.053698087835344e-05,0.0017593049701205392,9.497818409732964e-05,0.0034762015379622654,5.4441203218976196e-05,0.005235506508082804
-4.091299066221254e-05,0.001767441196607582,9.394937758147352e-05,0.003457337094998227,5.3036386919260986e-05,0.005224778291605809
-4.129425550492419e-05,0.0017756529867117403,9.293719304636224e-05,0.0034386761427154027,5.164293754143805e-05,0.005214329129427143
-4.1680873771911224e-05,0.0017839413974378004,9.194127442413293e-05,0.0034202154085777453,5.026040065222171e-05,0.005204156806015546
-4.207294614051955e-05,0.0017923075055861326,9.096127512824786e-05,0.0034019516897964707,4.888832898772831e-05,0.005194259195382603
-4.247057566551944e-05,0.0018007524082180244,8.999685775220971e-05,0.0033838818514830855,4.752628208669027e-05,0.00518463425970111
-4.287386784678184e-05,0.0018092772231341936,8.904769377938525e-05,0.0033660028248607633,4.617382593260341e-05,0.005175280047994957
-4.328293069921233e-05,0.001817883089366918,8.811346330347146e-05,0.003348311605531916,4.483053260425913e-05,0.005166194694898834
-4.369787482502961e-05,0.0018265711676862376,8.71938547591603e-05,0.0033308052517999243,4.3495979934130697e-05,0.005157376419486162
-4.411881348847847e-05,0.0018353426411207043,8.62885646625798e-05,0.003313480883043064,4.2169751174101324e-05,0.005148823524163768
-4.454586269307142e-05,0.0018441987154931567,8.539729736110707e-05,0.003296335678138734,4.0851434668035654e-05,0.0051405343936318905
-4.4979141261457424e-05,0.0018531406199720458,8.451976479216975e-05,0.0032793668739361874,3.9540623530712323e-05,0.0051325074939082335
-4.541877091802007e-05,0.0018621696076388228,8.365568625066773e-05,0.003262571763776041,3.8236915332647654e-05,0.005124741371414864
-4.5864876374312434e-05,0.001871286956071947,8.280478816466549e-05,0.0032459476960548872,3.693991179035306e-05,0.005117234652126834
-4.6317585417440575e-05,0.001880493967948087,8.196680387902111e-05,0.0032294920728334325,3.5649218461580535e-05,0.005109986040781519
-4.677702900151226e-05,0.0018897919716610954,8.114147344663146e-05,0.003213202348486606,3.4364444445119195e-05,0.005102994320147701
-4.7243341342273384e-05,0.0018991823219593898,8.032854342698998e-05,0.003197076028394202,3.3085202084716595e-05,0.005096258350353592
-4.771666001505919e-05,0.0019086664006023675,3.535794348056547e-05,-0.0021214766088339283,-1.2358716534493719e-05,-0.0002128102082315608
-4.819712605619402e-05,0.001918245617036522,3.535794348056547e-05,-0.0021214766088339283,-1.2839182575628549e-05,-0.00020323099179740635
-4.86848840679789e-05,0.0019279214090919643,3.535794348056547e-05,-0.0021214766088339283,-1.3326940587413431e-05,-0.00019355519974196406
-4.918008232741268e-05,0.0019376952437000596,3.535794348056547e-05,-0.0021214766088339283,-1.3822138846847212e-05,-0.00018378136513386872
-4.968287289879929e-05,0.0019475686176329324,3.535794348056547e-05,-0.0021214766088339283,-1.4324929418233822e-05,-0.0001739079912009959
-5.0193411750400626e-05,0.0019575430582656245,3.535794348056547e-05,-0.0021214766088339283,-1.4835468269835156e-05,-0.00016393355056830384
-5.071185887530188e-05,0.001967620124361713,3.535794348056547e-05,-0.0021214766088339283,-1.535391539473641e-05,-0.00015385648447221534
-5.123837841666428e-05,0.001977801406883241,3.535794348056547e-05,-0.0021214766088339283,-1.588043493609881e-05,-0.0001436752019506873
-5.1773138797547885e-05,0.001988088529825839,3.535794348056547e-05,-0.0021214766088339283,-1.6415195316982414e-05,-0.00013338807900808948
-5.231631285549618e-05,0.0019984831510799542,3.535794348056547e-05,-0.0021214766088339283,-1.695836937493071e-05,-0.0001229934577539741
-5.286807798208288e-05,0.002008986963319149,3.535794348056547e-05,-0.0021214766088339283,-1.7510134501517407e-05,-0.00011248964551477912
-5.342861626763118e-05,0.002019601694916459,3.535794348056547e-05,-0.0021214766088339283,-1.807067278706571e-05,-0.00010187491391746954
-5.399811465132587e-05,0.0020303291108898524,3.535794348056547e-05,-0.0021214766088339283,-1.8640171170760398e-05,-9.114749794407592e-05
-5.4576765076948735e-05,0.0020411710138778824,3.535794348056547e-05,-0.0021214766088339283,-1.9218821596383264e-05,-8.030559495604593e-05
-5.516476465447976e-05,0.002052129245146647,3.535794348056547e-05,-0.0021214766088339283,-1.9806821173914288e-05,-6.934736368728123e-05
-5.576231582781734e-05,0.0020632056856292416,3.535794348056547e-05,-0.0021214766088339283,-2.040437234725187e-05,-5.8270923204686766e-05
-5.636962654888416e-05,0.002074402256998937,3.535794348056547e-05,-0.0021214766088339283,-2.101168306831869e-05,-4.707435183499151e-05
-5.698691045839782e-05,0.00208572092277736,3.535794348056547e-05,-0.0021214766088339283,-2.162896697783235e-05,-3.575568605656849e-05
-5.761438707359933e-05,0.0020971636894790155,3.535794348056547e-05,-0.0021214766088339283,-2.225644359303386e-05,-2.4312919354912803e-05
-5.825228198324722e-05,0.0021087326077935497,3.535794348056547e-05,-0.0021214766088339283,-2.289433850268175e-05,-1.2744001040378584e-05
-5.890082705020027e-05,0.0021204297738072098,3.535794348056547e-05,-0.0021214766088339283,-2.35428835696348e-05,-1.0468350267185504e-06
-5.956026062192803e-05,0.0021322573302650235,3.535794348056547e-05,-0.0021214766088339283,-2.420231714136256e-05,1.078072143109515e-05
-6.023082774930601e-05,0.0021442174678752935,3.535794348056547e-05,-0.0021214766088339283,-2.4872884268740542e-05,2.2740859041365212e-05
-6.091278041406979e-05,0.0021563124266580705,3.535794348056547e-05,-0.0021214766088339283,-2.5554836933504318e-05,3.483581782414216e-05
-6.160637776532188e-05,0.0021685444973393304,3.535794348056547e-05,-0.0021214766088339283,-2.6248434284756408e-05,4.7067888505402094e-05
-6.231188636550551e-05,0.002180916022792693,3.535794348056547e-05,-0.0021214766088339283,-2.6953942884940038e-05,5.943941395876451e-05
-6.302958044628046e-05,0.00219342939953056,3.535794348056547e-05,-0.0021214766088339283,-2.767163696571499e-05,7.195279069663156e-05
-6.375974217475944e-05,0.0022060870792466763,3.535794348056547e-05,-0.0021214766088339283,-2.8401798694193974e-05,8.461047041274797e-05
-6.450266193058679e-05,0.002218891570412185,3.535794348056547e-05,-0.0021214766088339283,-2.9144718450021315e-05,9.741496157825678e-05
-6.525863859436697e-05,0.0022318454399273507,3.535794348056547e-05,-0.0021214766088339283,-2.9900695113801495e-05,0.00011036883109342239
-6.602797984797732e-05,0.002244951314831229,3.535794348056547e-05,-0.0021214766088339283,-3.0670036367411845e-05,0.0001234747059973007
-6.68110024873275e-05,0.0022582118840716696,3.535794348056547e-05,-0.0021214766088339283,-3.145305900676203e-05,0.00013673527523774126
-6.760803274815904e-05,0.0022716299003381433,3.535794348056547e-05,-0.0021214766088339283,-3.2250089267593566e-05,0.00015015329150421496
-6.841940664550921e-05,0.0022852081819600073,3.535794348056547e-05,-0.0021214766088339283,-3.306146316494374e-05,0.000163731573126079
-6.924547032749877e-05,0.002298949614872959,3.535794348056547e-05,-0.0021214766088339283,-3.38875268469333e-05,0.00017747300603903086
-7.00865804441374e-05,0.002312857154656534,3.535794348056547e-05,-0.0021214766088339283,-3.4728636963571924e-05,0.00019138054582260554
-7.09431045318801e-05,0.0023269338286456666,3.535794348056547e-05,-0.0021214766088339283,-3.558516105131463e-05,0.0002054572198117383
-7.181542141470801e-05,0.0023411827381194807,3.535794348056547e-05,-0.0021214766088339283,-3.645747793414254e-05,0.00021970612928555238
-7.270392162254916e-05,0.002355607060570593,3.535794348056547e-05,-0.0021214766088339283,-3.734597814198369e-05,0.0002341304517366645
-7.360900782790193e-05,0.0023702100520584424,3.535794348056547e-05,-0.0021214766088339283,-3.8251064347336463e-05,0.00024873344322451406
-7.453109530157049e-05,0.0023849950496502557,3.535794348056547e-05,-0.0021214766088339283,-3.917315182100502e-05,0.00026351844081632736
-7.547061238847484e-05,0.0023999654739535,3.535794348056547e-05,-0.0021214766088339283,-4.011266890790937e-05,0.0002784888651195718
-7.642800100455177e-05,0.002415124831743836,3.535794348056547e-05,-0.0021214766088339283,-4.10700575239863e-05,0.00029364822290990763
-7.740371715582168e-05,0.0024304767186928006,3.535794348056547e-05,-0.0021214766088339283,-4.204577367525621e-05,0.00030900010985887225
-7.839823148075793e-05,0.0024460248221996475,3.535794348056547e-05,-0.0021214766088339283,-4.304028800019246e-05,0.0003245482133657192
-7.941202981716191e-05,0.002461772924332019,3.535794348056547e-05,-0.0021214766088339283,-4.4054086336596443e-05,0.0003402963154980907
-8.044561379481674e-05,0.0024777249048803553,3.535794348056547e-05,-0.0021214766088339283,-4.5087670314251266e-05,0.00035624829604642694
-8.149950145526773e-05,0.0024938847445311924,3.535794348056547e-05,-0.0021214766088339283,-4.614155797470226e-05,0.00037240813569726404
-8.257422790015755e-05,0.0025102565281647895,3.535794348056547e-05,-0.0021214766088339283,-4.721628441959208e-05,0.0003887799193308611
-8.367034596962867e-05,0.0025268444482827858,3.535794348056547e-05,-0.0021214766088339283,-4.83124024890632e-05,0.00040536783944885744
-8.478842695239706e-05,0.0025436528085719117,3.535794348056547e-05,-0.0021214766088339283,-4.943048347183159e-05,0.00042217619973798333
-8.592906132919752e-05,0.002560686027610086,3.535794348056547e-05,-0.0021214766088339283,-5.057111784863205e-05,0.0004392094187761577
-8.709285955140427e-05,0.002577948642721566,3.535794348056547e-05,-0.0021214766088339283,-5.17349160708388e-05,0.0004564720338876378
-8.828045285674143e-05,0.002595445313988198,3.535794348056547e-05,-0.0021214766088339283,-5.292250937617596e-05,0.00047396870515426957
-8.949249412411527e-05,0.002613180828424166,3.535794348056547e-05,-0.0021214766088339283,-5.41345506435498e-05,0.0004917042195902378
-9.072965876972656e-05,0.00263116010432207,3.535794348056547e-05,-0.0021214766088339283,-5.537171528916109e-05,0.0005096834954881418
-9.199264568675615e-05,0.0026493881957785764,3.535794348056547e-05,-0.0021214766088339283,-5.6634702206190676e-05,0.0005279115869446481
-9.328217823106106e-05,0.002667870297408346,3.535794348056547e-05,-0.0021214766088339283,-5.792423475049559e-05,0.0005463936885744176
-9.459900525547298e-05,0.0026866117492554326,3.535794348056547e-05,-0.0021214766088339283,-5.9241061774907513e-05,0.0005651351404215043
-9.594390219545583e-05,0.0027056180419118545,3.535794348056547e-05,-0.0021214766088339283,-6.0585958714890364e-05,0.0005841414330779262
-9.731767220905702e-05,0.0027248948218535963,3.535794348056547e-05,-0.0021214766088339283,-6.195972872849155e-05,0.000603418213019668
-9.872114737427605e-05,0.002744447897004874,3.535794348056547e-05,-0.0021214766088339283,-6.336320389371057e-05,0.0006229712881709458
-0.00010015518994717834,0.002764283242542122,3.535794348056547e-05,-0.0021214766088339283,-6.479724646661286e-05,0.0006428066337081937
-0.00010162069368430053,0.0027844070069498344,3.535794348056547e-05,-0.0021214766088339283,-6.626275020373505e-05,0.0006629303981159061
-0.00010311858523312696,0.0028048255183410527,3.535794348056547e-05,-0.0021214766088339283,-6.776064175256148e-05,0.0006833489095071244
-0.0001046498255946709,0.002825545291056114,3.535794348056547e-05,-0.0021214766088339283,-6.929188211410542e-05,0.0007040686822221858
-0.00010621541166246284,0.0028465730325540036,3.535794348056547e-05,-0.0021214766088339283,-7.085746818189737e-05,0.0007250964237200752
-0.00010781637784253944,0.00286791565061155,3.535794348056547e-05,-0.0021214766088339283,-7.245843436197398e-05,0.0007464390417776215
-0.00010945379775934117,0.0028895802608466066,3.535794348056547e-05,-0.0021214766088339283,-7.409585427877569e-05,0.0007681036520126782
-0.00011112878605276064,0.0029115741945823287,3.535794348056547e-05,-0.0021214766088339283,-7.577084257219516e-05,0.0007900975857484003
-0.00011284250027194942,0.002933905007070685,3.535794348056547e-05,-0.0021214766088339283,-7.748455679138395e-05,0.0008124283982367565
-0.00011459614287187953,0.0029565804860944914,3.535794348056547e-05,-0.0021214766088339283,-7.923819939131406e-05,0.000835103877260563
-0.00011639096331907756,0.0029796086609683854,3.535794348056547e-05,-0.0021214766088339283,-8.10330198385121e-05,0.0008581320521344571
-0.00011822826031340498,0.003002997811960486,3.535794348056547e-05,-0.0021214766088339283,-8.28703168328395e-05,0.0008815212031265578
-0.000120109384133246,0.0030267564801577987,3.535794348056547e-05,-0.0021214766088339283,-8.475144065268054e-05,0.0009052798713238704
-0.00012203573911199641,0.0030508934777999106,3.535794348056547e-05,-0.0021214766088339283,-8.667779563143095e-05,0.0009294168689659823
-0.00012400878625431754,0.003075417899107075,3.535794348056547e-05,-0.0021214766088339283,-8.865084277375206e-05,0.0009539412902731465
-0.00012603004600123688,0.003100339131630427,3.535794348056547e-05,-0.0021214766088339283,-9.06721025206714e-05,0.0009788625227964988
-0.00012810110115384963,0.0031256668681539307,3.535794348056547e-05,-0.0021214766088339283,-9.274315767328415e-05,0.0010041902593200024
-0.00013022359996609469,0.0031514111191794907,3.535794348056547e-05,-0.0021214766088339283,-9.486565648552921e-05,0.0010299345103455624
-0.00013239925941786786,0.003177582226028829,3.535794348056547e-05,-0.0021214766088339283,-9.704131593730238e-05,0.0010561056171949005
-0.0001346298686805826,0.003204190874597865,3.535794348056547e-05,-0.0021214766088339283,-9.927192520001711e-05,0.0010827142657639367
-0.00013691729278821017,0.0032312481098017605,3.535794348056547e-05,-0.0021214766088339283,-0.0001015593493076447,0.0011097715009678322
-0.00013926347652783608,0.0032587653507513644,3.535794348056547e-05,-0.0021214766088339283,-0.0001039055330472706,0.001137288741917436
-0.00014167044856485013,0.0032867544067045227,3.535794348056547e-05,-0.0021214766088339283,-0.00010631250508428465,0.0011652777978705944
-0.00014414032581907502,0.003315227493838725,3.535794348056547e-05,-0.0021214766088339283,-0.00010878238233850954,0.0011937508850047968
-0.00014667531810941896,0.003344197252894752,3.535794348056547e-05,-0.0021214766088339283,-0.00011131737462885348,0.0012227206440608238
-0.00014927773308603593,0.0033736767677444122,3.535794348056547e-05,-0.0021214766088339283,-0.00011391978960547045,0.001252200158910484
-0.00015194998147050236,0.0034036795849392526,3.535794348056547e-05,-0.0021214766088339283,-0.00011659203798993688,0.0012822029761053243
-0.00015469458262617404,0.0034342197343010627,3.535794348056547e-05,-0.0021214766088339283,-0.00011933663914560856,0.0013127431254671344
-0.00015751417048270053,0.0034653117506194117,3.535794348056547e-05,-0.0021214766088339283,-0.00012215622700213505,0.0013438351417854833
-0.0001604114998406471,0.003496970696526106,3.535794348056547e-05,-0.0021214766088339283,-0.00012505355636008162,0.0013754940876921778
-0.000163389453084331,0.003529212186621548,3.535794348056547e-05,-0.0021214766088339283,-0.0001280315096037655,0.0014077355777876196
-0.0001664510473333401,0.003562052412933478,3.535794348056547e-05,-0.0021214766088339283,-0.00013109310385277462,0.0014405758040995495
-0.00016959944206577964,0.003595508171794528,3.535794348056547e-05,-0.0021214766088339283,-0.00013424149858521416,0.0014740315629605998
-0.0001728379472491171,0.0036295968922314594,3.535794348056547e-05,-0.0021214766088339283,-0.00013748000376855162,0.001508120283397531
-0.00017617003201759473,0.00366433666596597,3.535794348056547e-05,-0.0021214766088339283,-0.00014081208853702925,0.0015428600571320418
-0.0001795993339385692,0.003699746279134525,3.535794348056547e-05,-0.0021214766088339283,-0.00014424139045800372,0.0015782696703005965
-0.00018312966891386942,0.0037358452458429356,3.535794348056547e-05,-0.0021214766088339283,-0.00014777172543330394,0.0016143686370090073
-0.00018676504176635484,0.003772653843680367,3.535794348056547e-05,-0.0021214766088339283,-0.00015140709828578936,0.0016511772348464385
-0.0001905096575663585,0.00381019315132717,3.535794348056547e-05,-0.0021214766088339283,-0.000155151714085793,0.0016887165424932416
-0.00019436793375765768,0.0038484850884016215,3.535794348056547e-05,-0.0021214766088339283,-0.0001590099902770922,0.0017270084795676932
-0.0001983445131480678,0.0038875524577021278,3.535794348056547e-05,-0.0021214766088339283,-0.00016298656966750233,0.0017660758488681995
-0.00020244427783577953,0.003927418990014123,3.535794348056547e-05,-0.0021214766088339283,-0.00016708633435521405,0.0018059423811801947
-0.00020667236414919867,0.003968109391664614,3.535794348056547e-05,-0.0021214766088339283,-0.0001713144206686332,0.0018466327828306857
-0.00021103417868538607,0.004009649395022335,3.535794348056547e-05,-0.0021214766088339283,-0.0001756762352048206,0.0018881727861884065
-0.0002155354155403165,0.00405206581215795,3.535794348056547e-05,-0.0021214766088339283,-0.00018017747205975102,0.0019305892033240216
-0.00022018207483315023,0.004095386591896593,3.535794348056547e-05,-0.0021214766088339283,-0.00018482413135258475,0.0019739099830626645
-0.0002249804826366762,0.004139640880514842,3.535794348056547e-05,-0.0021214766088339283,-0.00018962253915611073,0.0020181642716809133
-0.00022993731243712315,0.00418485908635564,3.535794348056547e-05,-0.0021214766088339283,-0.00019457936895655767,0.0020633824775217113
-0.00023505960825879926,0.004231072948658387,3.535794348056547e-05,-0.0021214766088339283,-0.00019970166477823378,0.0021095963398244585
-0.000240354809602661,0.0042783156109273655,3.535794348056547e-05,-0.0021214766088339283,-0.00020499686612209553,0.002156839002093437
-0.00024583077836307695,0.004326621699190153,3.535794348056547e-05,-0.0021214766088339283,-0.00021047283488251147,0.0022051450903562246
-0.0002514958279039695,0.004376027405529069,3.535794348056547e-05,-0.0021214766088339283,-0.00021613788442340404,0.0022545507966951405
-0.00025735875449437335,0.004426570577303221,3.535794348056547e-05,-0.0021214766088339283,-0.00022200081101380787,0.002305093968469293
-0.0002634288713245164,0.004478290812516779,3.535794348056547e-05,-0.0021214766088339283,-0.00022807092784395093,0.0023568142036828506
-0.00026971604534709005,0.004531229561831112,3.535794348056547e-05,-0.0021214766088339283,-0.00023435810186652457,0.002409752952997184
-0.00027623073721474474,0.004585430237764762,3.535794348056547e-05,-0.0021214766088339283,-0.00024087279373417926,0.0024639536289308333
-0.0002829840446144235,0.004640938331676545,3.535794348056547e-05,-0.0021214766088339283,-0.00024762610113385805,0.0025194617228426162
-0.00028998774933233296,0.004697801539183792,3.535794348056547e-05,-0.0021214766088339283,-0.0002546298058517675,0.0025763249303498636
-0.0002972543684206605,0.004756069894730568,3.535794348056547e-05,-0.0021214766088339283,-0.00026189642494009506,0.00263459328589664
-0.00030479720987914855,0.004815795916090546,3.535794348056547e-05,-0.0021214766088339283,-0.0002694392663985831,0.0026943193072566174
-0.000312630433311957,0.004877034759666527,3.535794348056547e-05,-0.0021214766088339283,-0.00027727248983139155,0.002755558150832599
-0.00032076911607368895,0.00493984438753481,3.535794348056547e-05,-0.0021214766088339283,-0.0002854111725931235,0.002818367778700882
-0.000329229325478839,0.005004285747278351,3.535794348056547e-05,-0.0021214766088339283,-0.00029387138199827353,0.0028828091384444227
-0.0003380281977172998,0.0050704229657594965,3.535794348056547e-05,-0.0021214766088339283,-0.00030267025423673437,0.002948946356925568
-0.00034718402419609977,0.0051383235581022755,3.535794348056547e-05,-0.0021214766088339283,-0.0003118260807155343,0.003016846949268347
-0.00035671634611556696,0.005208058653287276,3.535794348056547e-05,-0.0021214766088339283,-0.0003213584026350015,0.0030865820444533473
-0.00036664605818827883,0.005279703237911214,3.535794348056547e-05,-0.0021214766088339283,-0.0003312881147077134,0.003158226629077286
-0.0003769955225232422,0.005353336419830037,3.535794348056547e-05,-0.0021214766088339283,-0.00034163757904267676,0.003231859810996109
-0.0003877886938279683,0.005429041713591556,3.535794348056547e-05,-0.0021214766088339283,-0.00035243075034740285,0.003307565104757628
-0.00039905125722999266,0.0055069073497738975,3.535794348056547e-05,-0.0021214766088339283,-0.0003636933137494272,0.003385430740939969
-0.0004108107801898786,0.005587026610582346,3.535794348056547e-05,-0.0021214766088339283,-0.00037545283670931313,0.003465550001748418
-0.0004230968801734037,0.005669498194323609,3.535794348056547e-05,-0.0021214766088339283,-0.00038773893669283825,0.0035480215854896803
-0.0004359414099755182,0.005754426611676838,3.535794348056547e-05,-0.0021214766088339283,-0.00040058346649495273,0.0036329500028429093
-0.00044937866284770447,0.005841922617020158,3.535794348056547e-05,-0.0021214766088339283,-0.000414020719367139,0.00372044600818623
-0.0004634455998793363,0.005932103678455503,3.535794348056547e-05,-0.0021214766088339283,-0.00042808765639877085,0.0038106270696215746
-0.00047818210242933044,0.006025094490609561,3.535794348056547e-05,-0.0021214766088339283,-0.000442824158948765,0.0039036178817756324
-0.0004936312528050515,0.0061210275347826386,3.535794348056547e-05,-0.0021214766088339283,-0.0004582733093244861,0.00399955092594871
-0.0005098396468507061,0.006220043691578614,3.535794348056547e-05,-0.0021214766088339283,-0.0004744817033701407,0.004098567082744685
-0.0005268577426490328,0.006322292911788394,3.535794348056547e-05,-0.0021214766088339283,-0.0004914997991684674,0.004200816302954466
-0.0005447402501719182,0.006427934952028632,3.535794348056547e-05,-0.0021214766088339283,-0.0005093823066913527,0.0043064583431947035
-0.0005635465674543364,0.006537140182470298,3.535794348056547e-05,-0.0021214766088339283,-0.000528188623973771,0.0044156635736363695
-0.0005833412697320538,0.006650090474945413,3.535794348056547e-05,-0.0021214766088339283,-0.0005479833262514883,0.0045286138661114845
-0.0006041946590011848,0.006766980180813269,3.535794348056547e-05,-0.0021214766088339283,-0.0005688367155206194,0.00464550357197934
-0.0006261833826566374,0.006888017209223011,3.535794348056547e-05,-0.0021214766088339283,-0.0005908254391760719,0.004766540600389083
-0.0006493911312828102,0.007013424217854348,3.535794348056547e-05,-0.0021214766088339283,-0.0006140331878022447,0.00489194760902042
-0.0006739094273474756,0.007143439929883237,3.535794348056547e-05,-0.0021214766088339283,-0.0006385514838669102,0.005021963321049309
-0.000699838518542596,0.007278320592842997,3.535794348056547e-05,-0.0021214766088339283,-0.0006644805750620305,0.005156843984009069
-0.0007272883918898499,0.0074183415972764654,3.535794348056547e-05,-0.0021214766088339283,-0.0006919304484092844,0.005296864988442537
-0.0007563799275654431,0.007563799275654431,3.535794348056547e-05,-0.0021214766088339283,-0.0007210219840848777,0.005442322666820503
-0.0007872462147991529,0.007715012905031696,3.535794348056547e-05,-0.0021214766088339283,-0.0007518882713185874,0.005593536296197767
-0.0008200340562914324,0.007872326940397746,3.535794348056547e-05,-0.0021214766088339283,-0.000784676112810867,0.005750850331563818
-0.0008549056925258481,0.008036113509742971,3.535794348056547e-05,-0.0021214766088339283,-0.0008195477490452826,0.005914636900909043
-0.0008920407833268313,0.008206775206606844,3.535794348056547e-05,-0.0021214766088339283,-0.0008566828398462659,0.006085298597772916
-0.0009316386912696312,0.00838474822142668,3.535794348056547e-05,-0.0021214766088339283,-0.0008962807477890658,0.006263271612592752
-0.000973921120399156,0.00857050585951257,3.535794348056547e-05,-0.0021214766088339283,-0.0009385631769185906,0.006449029250678641
-0.0010191351745478903,0.00876456250111185,3.535794348056547e-05,-0.0021214766088339283,-0.0009837772310673247,0.006643085892277922
-0.0010675569128578786,0.008967478068006178,3.535794348056547e-05,-0.0021214766088339283,-0.001032198969377313,0.00684600145917225
-0.0011194954965432274,0.00917986307165446,3.535794348056547e-05,-0.0021214766088339283,-0.0010841375530626618,0.007058386462820532
-0.0011752980412939962,0.00940238433035197,3.535794348056547e-05,-0.0021214766088339283,-0.0011399400978134306,0.007280907721518041
-0.0012353553150729272,0.009635771457568828,3.535794348056547e-05,-0.0021214766088339283,-0.0011999973715923617,0.0075142948487348996
-0.0013001084527588472,0.009880824240967232,3.535794348056547e-05,-0.0021214766088339283,-0.0012647505092782817,0.007759347632133304
-0.0013700568989259288,0.010138421052051871,3.535794348056547e-05,-0.0021214766088339283,-0.0013346989554453633,0.008016944443217943
-0.0014457678403503,0.010409528450522154,3.535794348056547e-05,-0.0021214766088339283,-0.0014104098968697344,0.008288051841688225
-0.0015278874536821952,0.010695212175775366,3.535794348056547e-05,-0.0021214766088339283,-0.0014925295102016297,0.008573735566941437
-0.0016171543751928412,0.010996649751311316,3.535794348056547e-05,-0.0021214766088339283,-0.0015817964317122756,0.008875173142477388
-0.0017144159040419634,0.011315144966676948,3.535794348056547e-05,-0.0021214766088339283,-0.0016790579605613979,0.00919366835784302
-0.0018206475854172972,0.0116521445466707,3.535794348056547e-05,-0.0021214766088339283,-0.0017852896419367317,0.009530667937836771
-0.0019369769950332114,0.012009257369205903,3.535794348056547e-05,-0.0021214766088339283,-0.0019016190515526458,0.009887780760371974
-0.0020647127752462095,0.012388276651477258,3.535794348056547e-05,-0.0021214766088339283,-0.002029354831765644,0.01026680004264333
-0.0022053802737906996,0.01279120558798605,3.535794348056547e-05,-0.0021214766088339283,-0.002170022330310134,0.010669728979152122
-0.002360765534119589,0.013220286991069686,3.535794348056547e-05,-0.0021214766088339283,-0.0023254075906390236,0.011098810382235758
-0.0025329699165818897,0.0136780375495422,3.535794348056547e-05,-0.0021214766088339283,-0.002497611973101324,0.011556560940708272
-0.002724478341088084,0.014167287373658025,3.535794348056547e-05,-0.0021214766088339283,-0.0026891203976075182,0.012045810764824097
-0.002938245103234991,0.014691225516174954,3.535794348056547e-05,-0.0021214766088339283,-0.0029028871597544252,0.012569748907341026
-0.003177802524297414,0.015253452116627578,3.535794348056547e-05,-0.0021214766088339283,-0.0031424445808168485,0.01313197550779365
-0.0034473994893551418,0.01585803765103363,3.535794348056547e-05,-0.0021214766088339283,-0.003412041545874576,0.013736561042199703
-0.003752179404916984,0.016509589381634725,3.535794348056547e-05,-0.0021214766088339283,-0.0037168214614364185,0.014388112772800797
-0.004098410551722634,0.017213324317235046,3.535794348056547e-05,-0.0021214766088339283,-0.004063052608242069,0.015091847708401118
-0.004493786628477044,0.017975146513908177,3.535794348056547e-05,-0.0021214766088339283,-0.004458428684996479,0.01585366990507425
-0.0049478220650330225,0.01880172384712547,3.535794348056547e-05,-0.0021214766088339283,-0.004912464121552457,0.01668024723829154
-0.005472376266770056,0.01970055456037217,3.535794348056547e-05,-0.0021214766088339283,-0.005437018323289491,0.017579077951538243
-0.006082354513066069,0.020680005344424622,3.535794348056547e-05,-0.0021214766088339283,-0.0060469965695855036,0.018558528735590694
-0.006796652374031134,0.021749287596899595,3.535794348056547e-05,-0.0021214766088339283,-0.0067612944305505684,0.019627810988065666
-0.0076394372684109755,0.022918311805232926,3.535794348056547e-05,-0.0021214766088339283,-0.00760407932493041,0.020796835196398997
-0.00864189736245587,0.024197312614876412,3.535794348056547e-05,-0.0021214766088339283,-0.008606539418975304,0.022075836006042484
-0.009844635655168821,0.025596052703438878,3.535794348056547e-05,-0.0021214766088339283,-0.009809277711688255,0.02347457609460495
-0.011300942704749975,0.027122262491399922,3.535794348056547e-05,-0.0021214766088339283,-0.011265584761269409,0.025000785882565994
-0.013081228199333904,0.028778702038534533,3.535794348056547e-05,-0.0021214766088339283,-0.013045870255853338,0.026657225429700605
-0.015278874536821951,0.030557749073643902,3.535794348056547e-05,-0.0021214766088339283,-0.015243516593341385,0.028436272464809974
-0.018017540727384422,0.03243157330929191,3.535794348056547e-05,-0.0021214766088339283,-0.017982182783903858,0.03031009670045798
-0.02145909345059274,0.034334549520948256,3.535794348056547e-05,-0.0021214766088339283,-0.021423735507112174,0.032213072912114324
-0.025808909690577655,0.03613247356680868,3.535794348056547e-05,-0.0021214766088339283,-0.02577355174709709,0.03401099695797476
-0.031309169132832,0.03757100295939827,3.535794348056547e-05,-0.0021214766088339283,-0.031273811189351436,0.03544952635056434
-0.03819718634205488,0.03819718634205488,3.535794348056547e-05,-0.0021214766088339283,-0.038161828398574314,0.036075709733220954
-0.04658193456348169,0.03726554765078522,3.535794348056547e-05,-0.0021214766088339283,-0.046546576620001126,0.03514407104195129
-0.05617233285596334,0.033703399713577685,3.535794348056547e-05,-0.0021214766088339283,-0.056136974912482776,0.03158192310474375
-0.06585721783112918,0.026342887132451573,3.535794348056547e-05,-0.0021214766088339283,-0.0658218598876486,0.024221410523617645
-0.07345612758087489,0.014691225516174664,3.535794348056547e-05,-0.0021214766088339283,-0.07342076963739431,0.012569748907340736
-0.07639437268410976,  0.0,3.535794348056547e-05,-0.0021214766088339283,-0.07635901474062919,-0.0021214766088339283
-0.07345612758087469,-0.014691225516175145,3.535794348056547e-05,-0.0021214766088339283,-0.07342076963739412,-0.01681270212500907
-0.06585721783112884,-0.02634288713245191,3.535794348056547e-05,-0.0021214766088339283,-0.06582185988764827,-0.028464363741285838
-0.056172332855962986,-0.03370339971357787,3.535794348056547e-05,-0.0021214766088339283,-0.05613697491248242,-0.0358248763224118
-0.046581934563481364,-0.03726554765078529,3.535794348056547e-05,-0.0021214766088339283,-0.0465465766200008,-0.03938702425961922
-0.03819718634205488,-0.03819718634205488,3.535794348056547e-05,-0.0021214766088339283,-0.038161828398574314,-0.0403186629508888
-0.031309169132831785,-0.03757100295939823,3.535794348056547e-05,-0.0021214766088339283,-0.03127381118935122,-0.03969247956823216
-0.025808909690577482,-0.03613247356680862,3.535794348056547e-05,-0.0021214766088339283,-0.025773551747096918,-0.03825395017564255
-0.0214590934505926,-0.03433454952094819,3.535794348056547e-05,-0.0021214766088339283,-0.021423735507112036,-0.03645602612978212
-0.01801754072738431,-0.03243157330929184,3.535794348056547e-05,-0.0021214766088339283,-0.017982182783903747,-0.03455304991812577
-0.015278874536821951,-0.030557749073643902,3.535794348056547e-05,-0.0021214766088339283,-0.015243516593341385,-0.03267922568247783
-0.013081228199333834,-0.028778702038534474,3.535794348056547e-05,-0.0021214766088339283,-0.013045870255853268,-0.030900178647368402
-0.011300942704749918,-0.02712226249139987,3.535794348056547e-05,-0.0021214766088339283,-0.011265584761269352,-0.029243739100233798
-0.009844635655168773,-0.025596052703438826,3.535794348056547e-05,-0.0021214766088339283,-0.009809277711688207,-0.027717529312272754
-0.00864189736245583,-0.024197312614876364,3.535794348056547e-05,-0.0021214766088339283,-0.008606539418975264,-0.026318789223710292
-0.0076394372684109755,-0.022918311805232926,3.535794348056547e-05,-0.0021214766088339283,-0.00760407932493041,-0.025039788414066854
-0.006796652374031107,-0.02174928759689956,3.535794348056547e-05,-0.0021214766088339283,-0.0067612944305505416,-0.02387076420573349
-0.006082354513066045,-0.020680005344424587,3.535794348056547e-05,-0.0021214766088339283,-0.00604699656958548,-0.022801481953258516
-0.005472376266770036,-0.01970055456037214,3.535794348056547e-05,-0.0021214766088339283,-0.005437018323289471,-0.021822031169206068
-0.004947822065033004,-0.01880172384712544,3.535794348056547e-05,-0.0021214766088339283,-0.004912464121552439,-0.020923200455959367
-0.004493786628477044,-0.017975146513908177,3.535794348056547e-05,-0.0021214766088339283,-0.004458428684996479,-0.020096623122742106
-0.004098410551722621,-0.01721332431723502,3.535794348056547e-05,-0.0021214766088339283,-0.004063052608242056,-0.01933480092606895
-0.0037521794049169732,-0.016509589381634705,3.535794348056547e-05,-0.0021214766088339283,-0.0037168214614364077,-0.018631065990468633
-0.0034473994893551214,-0.01585803765103359,3.535794348056547e-05,-0.0021214766088339283,-0.003412041545874556,-0.01797951425986752
-0.003177802524297414,-0.015253452116627578,3.535794348056547e-05,-0.0021214766088339283,-0.0031424445808168485,-0.017374928725461508
-0.002938245103234991,-0.014691225516174954,3.535794348056547e-05,-0.0021214766088339283,-0.0029028871597544252,-0.016812702125008884
-0.002724478341088077,-0.014167287373658008,3.535794348056547e-05,-0.0021214766088339283,-0.0026891203976075113,-0.016288763982491936
-0.0025329699165818832,-0.013678037549542185,3.535794348056547e-05,-0.0021214766088339283,-0.0024976119731013177,-0.01579951415837611
-0.0023607655341195775,-0.013220286991069655,3.535794348056547e-05,-0.0021214766088339283,-0.002325407590639012,-0.015341763599903583
-0.0022053802737906996,-0.01279120558798605,3.535794348056547e-05,-0.0021214766088339283,-0.002170022330310134,-0.014912682196819979
-0.0020647127752462095,-0.012388276651477258,3.535794348056547e-05,-0.0021214766088339283,-0.002029354831765644,-0.014509753260311186
-0.0019369769950332073,-0.01200925736920589,3.535794348056547e-05,-0.0021214766088339283,-0.0019016190515526417,-0.014130733978039819
-0.0018206475854172933,-0.011652144546670688,3.535794348056547e-05,-0.0021214766088339283,-0.0017852896419367277,-0.013773621155504616
-0.001714415904041956,-0.011315144966676923,3.535794348056547e-05,-0.0021214766088339283,-0.0016790579605613905,-0.013436621575510852
-0.0016171543751928412,-0.010996649751311316,3.535794348056547e-05,-0.0021214766088339283,-0.0015817964317122756,-0.013118126360145244
-0.0015278874536821952,-0.010695212175775366,3.535794348056547e-05,-0.0021214766088339283,-0.0014925295102016297,-0.012816688784609294
-0.001445767840350297,-0.010409528450522143,3.535794348056547e-05,-0.0021214766088339283,-0.0014104098968697315,-0.012531005059356072
-0.0013700568989259262,-0.010138421052051863,3.535794348056547e-05,-0.0021214766088339283,-0.0013346989554453607,-0.012259897660885791
-0.0013001084527588425,-0.009880824240967213,3.535794348056547e-05,-0.0021214766088339283,-0.001264750509278277,-0.012002300849801141
-0.0012353553150729272,-0.009635771457568828,3.535794348056547e-05,-0.0021214766088339283,-0.0011999973715923617,-0.011757248066402756
-0.0011752980412939962,-0.00940238433035197,3.535794348056547e-05,-0.0021214766088339283,-0.0011399400978134306,-0.011523860939185898
-0.0011194954965432255,-0.009179863071654451,3.535794348056547e-05,-0.0021214766088339283,-0.00108413755306266,-0.01130133968048838
-0.0010675569128578766,-0.00896747806800617,3.535794348056547e-05,-0.0021214766088339283,-0.001032198969377311,-0.011088954676840098
-0.001019135174547887,-0.008764562501111836,3.535794348056547e-05,-0.0021214766088339283,-0.0009837772310673214,-0.010886039109945764
-0.000973921120399156,-0.00857050585951257,3.535794348056547e-05,-0.0021214766088339283,-0.0009385631769185906,-0.010691982468346498
-0.0009316386912696312,-0.00838474822142668,3.535794348056547e-05,-0.0021214766088339283,-0.0008962807477890658,-0.010506224830260608
-0.0008920407833268298,-0.008206775206606837,3.535794348056547e-05,-0.0021214766088339283,-0.0008566828398462644,-0.010328251815440765
-0.0008549056925258467,-0.008036113509742964,3.535794348056547e-05,-0.0021214766088339283,-0.0008195477490452812,-0.010157590118576892
-0.00082003405629143,-0.007872326940397734,3.535794348056547e-05,-0.0021214766088339283,-0.0007846761128108646,-0.009993803549231663
-0.0007872462147991529,-0.007715012905031696,3.535794348056547e-05,-0.0021214766088339283,-0.0007518882713185874,-0.009836489513865624
-0.0007563799275654431,-0.007563799275654431,3.535794348056547e-05,-0.0021214766088339283,-0.0007210219840848777,-0.00968527588448836
-0.0007272883918898488,-0.007418341597276459,3.535794348056547e-05,-0.0021214766088339283,-0.0006919304484092833,-0.009539818206110388
-0.000699838518542595,-0.007278320592842992,3.535794348056547e-05,-0.0021214766088339283,-0.0006644805750620295,-0.00939979720167692
-0.0006739094273474738,-0.007143439929883228,3.535794348056547e-05,-0.0021214766088339283,-0.0006385514838669084,-0.009264916538717156
-0.0006493911312828102,-0.007013424217854348,3.535794348056547e-05,-0.0021214766088339283,-0.0006140331878022447,-0.009134900826688276
-0.0006261833826566374,-0.006888017209223011,3.535794348056547e-05,-0.0021214766088339283,-0.0005908254391760719,-0.009009493818056939
-0.0006041946590011841,-0.006766980180813263,3.535794348056547e-05,-0.0021214766088339283,-0.0005688367155206186,-0.00888845678964719
-0.0005833412697320532,-0.00665009047494541,3.535794348056547e-05,-0.0021214766088339283,-0.0005479833262514878,-0.008771567083779339
-0.000563546567454335,-0.00653714018247029,3.535794348056547e-05,-0.0021214766088339283,-0.0005281886239737695,-0.008658616791304218
-0.0005447402501719182,-0.006427934952028632,3.535794348056547e-05,-0.0021214766088339283,-0.0005093823066913527,-0.008549411560862561
-0.0005268577426490328,-0.006322292911788394,3.535794348056547e-05,-0.0021214766088339283,-0.0004914997991684674,-0.008443769520622323
-0.0005098396468507056,-0.00622004369157861,3.535794348056547e-05,-0.0021214766088339283,-0.00047448170337014014,-0.008341520300412538
-0.000493631252805051,-0.006121027534782635,3.535794348056547e-05,-0.0021214766088339283,-0.00045827330932448555,-0.008242504143616564
-0.0004781821024293293,-0.006025094490609554,3.535794348056547e-05,-0.0021214766088339283,-0.00044282415894876385,-0.008146571099443483
-0.0004634455998793363,-0.005932103678455503,3.535794348056547e-05,-0.0021214766088339283,-0.00042808765639877085,-0.008053580287289431
-0.00044937866284770447,-0.005841922617020158,3.535794348056547e-05,-0.0021214766088339283,-0.000414020719367139,-0.007963399225854087
-0.00043594140997551775,-0.005754426611676835,3.535794348056547e-05,-0.0021214766088339283,-0.0004005834664949523,-0.007875903220510762
-0.00042309688017340327,-0.005669498194323606,3.535794348056547e-05,-0.0021214766088339283,-0.0003877389366928378,-0.007790974803157534
-0.0004108107801898777,-0.00558702661058234,3.535794348056547e-05,-0.0021214766088339283,-0.00037545283670931226,-0.007708503219416268
-0.00039905125722999266,-0.0055069073497738975,3.535794348056547e-05,-0.0021214766088339283,-0.0003636933137494272,-0.007628383958607826
-0.0003877886938279683,-0.005429041713591556,3.535794348056547e-05,-0.0021214766088339283,-0.00035243075034740285,-0.007550518322425485
-0.0003769955225232419,-0.0053533364198300355,3.535794348056547e-05,-0.0021214766088339283,-0.00034163757904267643,-0.007474813028663964
-0.00036664605818827845,-0.005279703237911212,3.535794348056547e-05,-0.0021214766088339283,-0.000331288114707713,-0.00740117984674514
-0.00035671634611556625,-0.00520805865328727,3.535794348056547e-05,-0.0021214766088339283,-0.0003213584026350008,-0.007329535262121199
-0.00034718402419609977,-0.0051383235581022755,3.535794348056547e-05,-0.0021214766088339283,-0.0003118260807155343,-0.007259800166936204
-0.0003380281977172998,-0.0050704229657594965,3.535794348056547e-05,-0.0021214766088339283,-0.00030267025423673437,-0.007191899574593425
-0.0003292293254788387,-0.005004285747278348,3.535794348056547e-05,-0.0021214766088339283,-0.00029387138199827326,-0.007125762356112277
-0.00032076911607368874,-0.004939844387534808,3.535794348056547e-05,-0.0021214766088339283,-0.0002854111725931233,-0.007061320996368736
-0.0003126304333119564,-0.004877034759666523,3.535794348056547e-05,-0.0021214766088339283,-0.00027727248983139095,-0.006998511368500451
-0.00030479720987914855,-0.004815795916090546,3.535794348056547e-05,-0.0021214766088339283,-0.0002694392663985831,-0.006937272524924474
-0.0002972543684206605,-0.004756069894730568,3.535794348056547e-05,-0.0021214766088339283,-0.00026189642494009506,-0.0068775465035644965
-0.0002899877493323327,-0.00469780153918379,3.535794348056547e-05,-0.0021214766088339283,-0.00025462980585176724,-0.0068192781480177185
-0.0002829840446144232,-0.004640938331676543,3.535794348056547e-05,-0.0021214766088339283,-0.0002476261011338578,-0.006762414940510471
-0.0002762307372147443,-0.004585430237764758,3.535794348056547e-05,-0.0021214766088339283,-0.00024087279373417883,-0.0067069068465986864
-0.00026971604534708956,-0.004531229561831108,3.535794348056547e-05,-0.0021214766088339283,-0.00023435810186652408,-0.006652706170665036
-0.0002634288713245164,-0.004478290812516779,3.535794348056547e-05,-0.0021214766088339283,-0.00022807092784395093,-0.006599767421350707
-0.0002573587544943732,-0.0044265705773032194,3.535794348056547e-05,-0.0021214766088339283,-0.0002220008110138077,-0.006548047186137148
-0.00025149582790396925,-0.004376027405529066,3.535794348056547e-05,-0.0021214766088339283,-0.00021613788442340377,-0.006497504014362995
-0.0002458307783630766,-0.00432662169919015,3.535794348056547e-05,-0.0021214766088339283,-0.00021047283488251115,-0.006448098308024079
-0.00024035480960266062,-0.004278315610927362,3.535794348056547e-05,-0.0021214766088339283,-0.00020499686612209515,-0.00639979221976129
-0.00023505960825879926,-0.004231072948658387,3.535794348056547e-05,-0.0021214766088339283,-0.00019970166477823378,-0.006352549557492315
-0.00022993731243712296,-0.004184859086355639,3.535794348056547e-05,-0.0021214766088339283,-0.00019457936895655748,-0.006306335695189567
-0.00022498048263667602,-0.00413964088051484,3.535794348056547e-05,-0.0021214766088339283,-0.00018962253915611054,-0.006261117489348768
-0.0002201820748331499,-0.00409538659189659,3.535794348056547e-05,-0.0021214766088339283,-0.00018482413135258443,-0.006216863200730519
-0.00021553541554031615,-0.0040520658121579465,3.535794348056547e-05,-0.0021214766088339283,-0.00018017747205975067,-0.006173542420991875
-0.00021103417868538607,-0.004009649395022335,3.535794348056547e-05,-0.0021214766088339283,-0.0001756762352048206,-0.006131126003856263
-0.0002066723641491985,-0.003968109391664611,3.535794348056547e-05,-0.0021214766088339283,-0.00017131442066863303,-0.00608958600049854
-0.0002024442778357794,-0.003927418990014121,3.535794348056547e-05,-0.0021214766088339283,-0.00016708633435521392,-0.00604889559884805
-0.00019834451314806753,-0.0038875524577021256,3.535794348056547e-05,-0.0021214766088339283,-0.00016298656966750206,-0.0060090290665360535
-0.0001943679337576574,-0.003848485088401619,3.535794348056547e-05,-0.0021214766088339283,-0.00015900999027709193,-0.005969961697235547
-0.0001905096575663585,-0.00381019315132717,3.535794348056547e-05,-0.0021214766088339283,-0.000155151714085793,-0.005931669760161098
-0.0001867650417663547,-0.003772653843680366,3.535794348056547e-05,-0.0021214766088339283,-0.00015140709828578923,-0.005894130452514294
-0.00018312966891386928,-0.0037358452458429348,3.535794348056547e-05,-0.0021214766088339283,-0.0001477717254333038,-0.005857321854676863
-0.00017959933393856895,-0.003699746279134522,3.535794348056547e-05,-0.0021214766088339283,-0.00014424139045800347,-0.0058212228879684505
-0.00017617003201759448,-0.0036643366659659675,3.535794348056547e-05,-0.0021214766088339283,-0.000140812088537029,-0.005785813274799895
-0.0001728379472491171,-0.0036295968922314594,3.535794348056547e-05,-0.0021214766088339283,-0.00013748000376855162,-0.005751073501065388
-0.00016959944206577956,-0.003595508171794527,3.535794348056547e-05,-0.0021214766088339283,-0.00013424149858521408,-0.005716984780628456
-0.00016645104733333996,-0.003562052412933476,3.535794348056547e-05,-0.0021214766088339283,-0.00013109310385277448,-0.005683529021767404
-0.00016338945308433077,-0.0035292121866215462,3.535794348056547e-05,-0.0021214766088339283,-0.0001280315096037653,-0.005650688795455475
-0.00016041149984064688,-0.003496970696526104,3.535794348056547e-05,-0.0021214766088339283,-0.0001250535563600814,-0.005618447305360033
-0.00015751417048270053,-0.0034653117506194117,3.535794348056547e-05,-0.0021214766088339283,-0.00012215622700213505,-0.00558678835945334
-0.00015469458262617393,-0.003434219734301062,3.535794348056547e-05,-0.0021214766088339283,-0.00011933663914560845,-0.00555569634313499
-0.00015194998147050225,-0.0034036795849392517,3.535794348056547e-05,-0.0021214766088339283,-0.00011659203798993677,-0.00552515619377318
-0.00014927773308603585,-0.0033736767677444114,3.535794348056547e-05,-0.0021214766088339283,-0.00011391978960547037,-0.00549515337657834
-0.0001466753181094188,-0.0033441972528947504,3.535794348056547e-05,-0.0021214766088339283,-0.00011131737462885332,-0.005465673861728679
-0.00014414032581907502,-0.003315227493838725,3.535794348056547e-05,-0.0021214766088339283,-0.00010878238233850954,-0.005436704102672654
-0.00014167044856485005,-0.0032867544067045214,3.535794348056547e-05,-0.0021214766088339283,-0.00010631250508428457,-0.00540823101553845
-0.000139263476527836,-0.003258765350751363,3.535794348056547e-05,-0.0021214766088339283,-0.00010390553304727052,-0.0053802419595852915
-0.0001369172927882101,-0.003231248109801759,3.535794348056547e-05,-0.0021214766088339283,-0.00010155934930764461,-0.005352724718635687
-0.00013462986868058242,-0.0032041908745978633,3.535794348056547e-05,-0.0021214766088339283,-9.927192520001695e-05,-0.005325667483431792
-0.00013239925941786786,-0.003177582226028829,3.535794348056547e-05,-0.0021214766088339283,-9.704131593730238e-05,-0.005299058834862758
-0.0001302235999660946,-0.00315141111917949,3.535794348056547e-05,-0.0021214766088339283,-9.486565648552913e-05,-0.005272887728013418
-0.00012810110115384958,-0.0031256668681539303,3.535794348056547e-05,-0.0021214766088339283,-9.27431576732841e-05,-0.005247143476987858
-0.00012603004600123682,-0.0031003391316304267,3.535794348056547e-05,-0.0021214766088339283,-9.067210252067134e-05,-0.005221815740464355
-0.0001240087862543174,-0.003075417899107073,3.535794348056547e-05,-0.0021214766088339283,-8.865084277375192e-05,-0.005196894507941001
-0.00012203573911199641,-0.0030508934777999106,3.535794348056547e-05,-0.0021214766088339283,-8.667779563143095e-05,-0.005172370086633839
-0.00012010938413324592,-0.0030267564801577974,3.535794348056547e-05,-0.0021214766088339283,-8.475144065268046e-05,-0.005148233088991726
-0.00011822826031340491,-0.0030029978119604853,3.535794348056547e-05,-0.0021214766088339283,-8.287031683283945e-05,-0.005124474420794414
-0.00011639096331907749,-0.0029796086609683845,3.535794348056547e-05,-0.0021214766088339283,-8.103301983851201e-05,-0.005101085269802312
-0.00011459614287187942,-0.00295658048609449,3.535794348056547e-05,-0.0021214766088339283,-7.923819939131396e-05,-0.005078057094928418
-0.00011284250027194942,-0.002933905007070685,3.535794348056547e-05,-0.0021214766088339283,-7.748455679138395e-05,-0.005055381615904613
-0.00011112878605276059,-0.002911574194582328,3.535794348056547e-05,-0.0021214766088339283,-7.577084257219511e-05,-0.005033050803416256
-0.00010945379775934111,-0.002889580260846606,3.535794348056547e-05,-0.0021214766088339283,-7.409585427877564e-05,-0.005011056869680534
-0.0001078163778425394,-0.002867915650611549,3.535794348056547e-05,-0.0021214766088339283,-7.245843436197392e-05,-0.004989392259445478
-0.00010621541166246273,-0.0028465730325540023,3.535794348056547e-05,-0.0021214766088339283,-7.085746818189727e-05,-0.004968049641387931
-0.0001046498255946709,-0.002825545291056114,3.535794348056547e-05,-0.0021214766088339283,-6.929188211410542e-05,-0.004947021899890042
-0.00010311858523312692,-0.0028048255183410523,3.535794348056547e-05,-0.0021214766088339283,-6.776064175256145e-05,-0.004926302127174981
-0.00010162069368430048,-0.0027844070069498335,3.535794348056547e-05,-0.0021214766088339283,-6.6262750203735e-05,-0.004905883615783762
-0.00010015518994717829,-0.002764283242542122,3.535794348056547e-05,-0.0021214766088339283,-6.479724646661281e-05,-0.00488575985137605
-9.872114737427594e-05,-0.0027444478970048724,3.535794348056547e-05,-0.0021214766088339283,-6.336320389371046e-05,-0.0048659245058388
-9.731767220905702e-05,-0.0027248948218535963,3.535794348056547e-05,-0.0021214766088339283,-6.195972872849155e-05,-0.004846371430687524
-9.594390219545582e-05,-0.002705618041911854,3.535794348056547e-05,-0.0021214766088339283,-6.058595871489035e-05,-0.0048270946507457824
-9.459900525547294e-05,-0.002686611749255432,3.535794348056547e-05,-0.0021214766088339283,-5.924106177490747e-05,-0.0048080883580893605
-9.328217823106099e-05,-0.002667870297408345,3.535794348056547e-05,-0.0021214766088339283,-5.792423475049552e-05,-0.004789346906242274
-9.199264568675605e-05,-0.0026493881957785756,3.535794348056547e-05,-0.0021214766088339283,-5.663470220619058e-05,-0.004770864804612504
-9.072965876972656e-05,-0.00263116010432207,3.535794348056547e-05,-0.0021214766088339283,-5.537171528916109e-05,-0.004752636713155999
-8.949249412411524e-05,-0.0026131808284241653,3.535794348056547e-05,-0.0021214766088339283,-5.413455064354977e-05,-0.004734657437258094
-8.828045285674138e-05,-0.0025954453139881975,3.535794348056547e-05,-0.0021214766088339283,-5.292250937617591e-05,-0.004716921922822126
-8.70928595514042e-05,-0.0025779486427215653,3.535794348056547e-05,-0.0021214766088339283,-5.173491607083873e-05,-0.004699425251555494
-8.592906132919745e-05,-0.002560686027610085,3.535794348056547e-05,-0.0021214766088339283,-5.0571117848631984e-05,-0.004682162636444014
-8.478842695239706e-05,-0.0025436528085719117,3.535794348056547e-05,-0.0021214766088339283,-4.943048347183159e-05,-0.0046651294174058396
-8.367034596962865e-05,-0.0025268444482827853,3.535794348056547e-05,-0.0021214766088339283,-4.8312402489063184e-05,-0.004648321057116714
-8.257422790015753e-05,-0.002510256528164789,3.535794348056547e-05,-0.0021214766088339283,-4.7216284419592055e-05,-0.004631733136998717
-8.149950145526769e-05,-0.002493884744531192,3.535794348056547e-05,-0.0021214766088339283,-4.614155797470222e-05,-0.00461536135336512
-8.044561379481667e-05,-0.0024777249048803544,3.535794348056547e-05,-0.0021214766088339283,-4.50876703142512e-05,-0.004599201513714283
-7.941202981716191e-05,-0.002461772924332019,3.535794348056547e-05,-0.0021214766088339283,-4.4054086336596443e-05,-0.004583249533165947
-7.839823148075792e-05,-0.0024460248221996475,3.535794348056547e-05,-0.0021214766088339283,-4.304028800019245e-05,-0.004567501431033576
-7.740371715582164e-05,-0.0024304767186928,3.535794348056547e-05,-0.0021214766088339283,-4.204577367525617e-05,-0.004551953327526729
-7.642800100455171e-05,-0.002415124831743835,3.535794348056547e-05,-0.0021214766088339283,-4.1070057523986244e-05,-0.004536601440577763
-7.547061238847478e-05,-0.002399965473953499,3.535794348056547e-05,-0.0021214766088339283,-4.0112668907909306e-05,-0.004521442082787427
-7.453109530157049e-05,-0.0023849950496502557,3.535794348056547e-05,-0.0021214766088339283,-3.917315182100502e-05,-0.004506471658484184
-7.360900782790193e-05,-0.0023702100520584424,3.535794348056547e-05,-0.0021214766088339283,-3.8251064347336463e-05,-0.00449168666089237
-7.270392162254914e-05,-0.0023556070605705924,3.535794348056547e-05,-0.0021214766088339283,-3.7345978141983665e-05,-0.004477083669404521
-7.181542141470794e-05,-0.0023411827381194794,3.535794348056547e-05,-0.0021214766088339283,-3.645747793414247e-05,-0.004462659346953408
-7.094310453188003e-05,-0.002326933828645666,3.535794348056547e-05,-0.0021214766088339283,-3.558516105131456e-05,-0.004448410437479594
-7.00865804441374e-05,-0.002312857154656534,3.535794348056547e-05,-0.0021214766088339283,-3.4728636963571924e-05,-0.004434333763490462
-6.924547032749877e-05,-0.002298949614872959,3.535794348056547e-05,-0.0021214766088339283,-3.38875268469333e-05,-0.004420426223706888
-6.841940664550917e-05,-0.0022852081819600073,3.535794348056547e-05,-0.0021214766088339283,-3.30614631649437e-05,-0.004406684790793936
-6.760803274815898e-05,-0.0022716299003381424,3.535794348056547e-05,-0.0021214766088339283,-3.225008926759351e-05,-0.004393106509172071
-6.681100248732746e-05,-0.002258211884071669,3.535794348056547e-05,-0.0021214766088339283,-3.145305900676199e-05,-0.004379688492905598
-6.602797984797732e-05,-0.002244951314831229,3.535794348056547e-05,-0.0021214766088339283,-3.0670036367411845e-05,-0.004366427923665157
-6.525863859436697e-05,-0.0022318454399273507,3.535794348056547e-05,-0.0021214766088339283,-2.9900695113801495e-05,-0.0043533220487612795
-6.450266193058676e-05,-0.0022188915704121847,3.535794348056547e-05,-0.0021214766088339283,-2.9144718450021288e-05,-0.0043403681792461134
-6.37597421747594e-05,-0.002206087079246676,3.535794348056547e-05,-0.0021214766088339283,-2.8401798694193934e-05,-0.004327563688080604
-6.30295804462804e-05,-0.0021934293995305586,3.535794348056547e-05,-0.0021214766088339283,-2.7671636965714934e-05,-0.0043149060083644865
-6.231188636550551e-05,-0.002180916022792693,3.535794348056547e-05,-0.0021214766088339283,-2.6953942884940038e-05,-0.004302392631626621
-6.160637776532188e-05,-0.0021685444973393304,3.535794348056547e-05,-0.0021214766088339283,-2.6248434284756408e-05,-0.004290021106173259
-6.091278041406977e-05,-0.00215631242665807,3.535794348056547e-05,-0.0021214766088339283,-2.5554836933504298e-05,-0.004277789035491999
-6.023082774930597e-05,-0.002144217467875293,3.535794348056547e-05,-0.0021214766088339283,-2.48728842687405e-05,-0.004265694076709221
-5.956026062192798e-05,-0.0021322573302650226,3.535794348056547e-05,-0.0021214766088339283,-2.420231714136251e-05,-0.0042537339390989505
-5.890082705020027e-05,-0.0021204297738072098,3.535794348056547e-05,-0.0021214766088339283,-2.35428835696348e-05,-0.004241906382641138
-5.825228198324722e-05,-0.0021087326077935497,3.535794348056547e-05,-0.0021214766088339283,-2.289433850268175e-05,-0.0042302092166274785
-5.76143870735993e-05,-0.002097163689479015,3.535794348056547e-05,-0.0021214766088339283,-2.225644359303383e-05,-0.004218640298312943
-5.6986910458397774e-05,-0.002085720922777359,3.535794348056547e-05,-0.0021214766088339283,-2.1628966977832303e-05,-0.004207197531611287
-5.6369626548884113e-05,-0.002074402256998936,3.535794348056547e-05,-0.0021214766088339283,-2.1011683068318643e-05,-0.004195878865832864
-5.576231582781734e-05,-0.0020632056856292416,3.535794348056547e-05,-0.0021214766088339283,-2.040437234725187e-05,-0.0041846822944631695
-5.516476465447976e-05,-0.002052129245146647,3.535794348056547e-05,-0.0021214766088339283,-1.9806821173914288e-05,-0.004173605853980576
-5.4576765076948715e-05,-0.0020411710138778824,3.535794348056547e-05,-0.0021214766088339283,-1.9218821596383244e-05,-0.004162647622711811
-5.399811465132582e-05,-0.0020303291108898515,3.535794348056547e-05,-0.0021214766088339283,-1.864017117076035e-05,-0.00415180571972378
-5.342861626763114e-05,-0.002019601694916458,3.535794348056547e-05,-0.0021214766088339283,-1.807067278706567e-05,-0.004141078303750386
-5.286807798208288e-05,-0.002008986963319149,3.535794348056547e-05,-0.0021214766088339283,-1.7510134501517407e-05,-0.0041304635721530775
-5.231631285549618e-05,-0.0019984831510799542,3.535794348056547e-05,-0.0021214766088339283,-1.695836937493071e-05,-0.004119959759913883
-5.177313879754787e-05,-0.0019880885298258384,3.535794348056547e-05,-0.0021214766088339283,-1.64151953169824e-05,-0.004109565138659767
-5.123837841666424e-05,-0.00197780140688324,3.535794348056547e-05,-0.0021214766088339283,-1.588043493609877e-05,-0.0040992780157171685
-5.071185887530184e-05,-0.001967620124361712,3.535794348056547e-05,-0.0021214766088339283,-1.535391539473637e-05,-0.00408909673319564
-5.0193411750400626e-05,-0.0019575430582656245,3.535794348056547e-05,-0.0021214766088339283,-1.4835468269835156e-05,-0.004079019667099552
-4.968287289879929e-05,-0.0019475686176329324,3.535794348056547e-05,-0.0021214766088339283,-1.4324929418233822e-05,-0.004069045226466861
-4.918008232741267e-05,-0.0019376952437000594,3.535794348056547e-05,-0.0021214766088339283,-1.3822138846847198e-05,-0.004059171852533988
-4.868488406797887e-05,-0.0019279214090919636,3.535794348056547e-05,-0.0021214766088339283,-1.3326940587413397e-05,-0.004049398017925892
-4.8197126056193986e-05,-0.0019182456170365211,3.535794348056547e-05,-0.0021214766088339283,-1.2839182575628515e-05,-0.00403972222587045
