 -0.0,  0.0,0.00028169016476441654,-0.004225352471466248,0.00028169016476441654,-0.004225352471466248
 -0.0,  0.0,0.00028546691734342915,-0.0042534570684170945,0.00028546691734342915,-0.0042534570684170945
 -0.0,  0.0,0.0002893200201634163,-0.004281936298418562,0.0002893200201634163,-0.004281936298418562
 -0.0,  0.0,0.0002932515419261972,-0.0043107976663150985,0.0002932515419261972,-0.0043107976663150985
 -0.0,  0.0,0.00029726362176297225,-0.004340048877739395,0.00029726362176297225,-0.004340048877739395
 -0.0,  0.0,0.0003013584721266657,-0.004369697845836653,0.0003013584721266657,-0.004369697845836653
 -0.0,  0.0,0.0003055383818235656,-0.004399752698259345,0.0003055383818235656,-0.004399752698259345
 -0.0,  0.0,0.0003098057191919711,-0.004430221784445186,0.0003098057191919711,-0.004430221784445186
 -0.0,  0.0,0.00031416293543603505,-0.004461113683191697,0.00031416293543603505,-0.004461113683191697
 -0.0,  0.0,0.000318612568123508,-0.004492437210541463,0.000318612568123508,-0.004492437210541463
 -0.0,  0.0,0.0003231572448566403,-0.004524201427992963,0.0003231572448566403,-0.004524201427992963
 -0.0,  0.0,0.000327799687126091,-0.004556415651052665,0.000327799687126091,-0.004556415651052665
 -0.0,  0.0,0.000332542714358327,-0.004589089458144913,0.000332542714358327,-0.004589089458144913
 -0.0,  0.0,0.0003373892481676726,-0.004622232699897115,0.0003373892481676726,-0.004622232699897115
 -0.0,  0.0,0.0003423423168248986,-0.004655855508818621,0.0003423423168248986,-0.004655855508818621
 -0.0,  0.0,0.0003474050599550239,-0.004689968309392823,0.0003474050599550239,-0.004689968309392823
 -0.0,  0.0,0.00035258073347783637,-0.004724581828603008,0.00035258073347783637,-0.004724581828603008
 -0.0,  0.0,0.0003578727148055435,-0.004759707106913729,0.0003578727148055435,-0.004759707106913729
 -0.0,  0.0,0.00036328450831293164,-0.004795355509730697,0.00036328450831293164,-0.004795355509730697
 -0.0,  0.0,0.00036881975109644946,-0.004831538739363488,0.00036881975109644946,-0.004831538739363488
 -0.0,  0.0,0.0003744822190397537,-0.004868268847516798,0.0003744822190397537,-0.004868268847516798
 -0.0,  0.0,0.00038027583320445694,-0.004905558248337495,0.00038027583320445694,-0.004905558248337495
 -0.0,  0.0,0.00038620466656611336,-0.004943419732046251,0.00038620466656611336,-0.004943419732046251
 -0.0,  0.0,0.00039227295111687806,-0.004981866479184351,0.00039227295111687806,-0.004981866479184351
 -0.0,  0.0,0.000398485085357775,-0.005020912075507965,0.000398485085357775,-0.005020912075507965
 -0.0,  0.0,0.0004048456422051392,-0.005060570527564239,0.0004048456422051392,-0.005060570527564239
 -0.0,  0.0,0.0004113593773375428,-0.005100856278985531,0.0004113593773375428,-0.005100856278985531
 -0.0,  0.0,0.0004180312380114133,-0.005141784227540384,0.0004180312380114133,-0.005141784227540384
 -0.0,  0.0,0.00042486637237558824,-0.005183369742982176,0.00042486637237558824,-0.005183369742982176
 -0.0,  0.0,0.0004318701393172657,-0.005225628685738915,0.0004318701393172657,-0.005225628685738915
 -0.0,  0.0,0.00043904811887419406,-0.005268577426490328,0.00043904811887419406,-0.005268577426490328
 -0.0,  0.0,0.00044640612325053033,-0.005312232866681311,0.00044640612325053033,-0.005312232866681311
 -0.0,  0.0,0.0004539502084765982,-0.0053566124600238595,0.0004539502084765982,-0.0053566124600238595
 -0.0,  0.0,0.00046168668675580635,-0.005401734235042934,0.00046168668675580635,-0.005401734235042934
 -0.0,  0.0,0.00046962213954527984,-0.005447616818725246,0.00046962213954527984,-0.005447616818725246
 -0.0,  0.0,0.0004777634314203237,-0.005494279461333723,0.0004777634314203237,-0.005494279461333723
 -0.0,  0.0,0.00048611772477671146,-0.005541742062454511,0.00048611772477671146,-0.005541742062454511
 -0.0,  0.0,0.000494692495429001,-0.005590025198347712,0.000494692495429001,-0.005590025198347712
 -0.0,  0.0,0.0005034955491676538,-0.005639150150677722,0.0005034955491676538,-0.005639150150677722
 -0.0,  0.0,0.000512535039342711,-0.005689138936704093,0.000512535039342711,-0.005689138936704093
 -0.0,  0.0,0.0005218194855471978,-0.005740014341019176,0.0005218194855471978,-0.005740014341019176
 -0.0,  0.0,0.0005313577934793268,-0.005791799948924661,0.0005313577934793268,-0.005791799948924661
 -0.0,  0.0,0.0005411592760690082,-0.005844520181545289,0.0005411592760690082,-0.005844520181545289
 -0.0,  0.0,0.0005512336759611927,-0.005898200332784761,0.0005512336759611927,-0.005898200332784761
 -0.0,  0.0,0.0005615911894562291,-0.005952866608236029,0.0005615911894562291,-0.005952866608236029
 -0.0,  0.0,0.0005722424920158035,-0.006008546166165937,0.0005722424920158035,-0.006008546166165937
 -0.0,  0.0,0.0005831987654521634,-0.006065267160702498,0.0005831987654521634,-0.006065267160702498
 -0.0,  0.0,0.0005944717269283604,-0.006123058787362114,0.0005944717269283604,-0.006123058787362114
 -0.0,  0.0,0.0006060736599082078,-0.006181951331063719,0.0006060736599082078,-0.006181951331063719
 -0.0,  0.0,0.0006180174472066609,-0.0062419762167872745,0.0006180174472066609,-0.0062419762167872745
 -0.0,  0.0,0.000630316606304536,-0.00630316606304536,0.000630316606304536,-0.00630316606304536
 -0.0,  0.0,0.0006429853271059302,-0.0063655547383487075,0.0006429853271059302,-0.0063655547383487075
 -0.0,  0.0,0.000656038512332627,-0.006429177420859745,0.000656038512332627,-0.006429177420859745
 -0.0,  0.0,0.0006694918207672536,-0.0064940706614423594,0.0006694918207672536,-0.0064940706614423594
 -0.0,  0.0,0.000683361713576193,-0.0065602724503314525,0.000683361713576193,-0.0065602724503314525
 -0.0,  0.0,0.0006976655039644727,-0.006627822287662491,0.0006976655039644727,-0.006627822287662491
 -0.0,  0.0,0.0007124214104382067,-0.006696761258119142,0.0007124214104382067,-0.006696761258119142
 -0.0,  0.0,0.0007276486139759759,-0.006767132109976576,0.0007276486139759759,-0.006767132109976576
 -0.0,  0.0,0.0007433673194390256,-0.006838979338839034,0.0007433673194390256,-0.006838979338839034
 -0.0,  0.0,0.0007595988215816507,-0.00691234927639302,0.0007595988215816507,-0.00691234927639302
 -0.0,  0.0,0.000776365576058026,-0.0069872901845222345,0.000776365576058026,-0.0069872901845222345
 -0.0,  0.0,0.0007936912758603435,-0.0070638523551570555,0.0007936912758603435,-0.0070638523551570555
 -0.0,  0.0,0.0008116009336659629,-0.0071420882162604735,0.0008116009336659629,-0.0071420882162604735
 -0.0,  0.0,0.000830120970618831,-0.00722205244438383,0.000830120970618831,-0.00722205244438383
 -0.0,  0.0,0.000849279312123241,-0.0073038020842598715,0.000849279312123241,-0.0073038020842598715
 -0.0,  0.0,0.0008691054912868005,-0.007387396675937804,0.0008691054912868005,-0.007387396675937804
 -0.0,  0.0,0.0008896307607148988,-0.007472898390005149,0.0008896307607148988,-0.007472898390005149
 -0.0,  0.0,0.0009108882134319376,-0.007560372171485083,0.0009108882134319376,-0.007560372171485083
 -0.0,  0.0,0.0009329129137860219,-0.00764988589304538,0.0009329129137860219,-0.00764988589304538
 -0.0,  0.0,0.0009557420392847641,-0.007741510518206588,0.0009557420392847641,-0.007741510518206588
 -0.0,  0.0,0.0009794150344116636,-0.007835320275293309,0.0009794150344116636,-0.007835320275293309
 -0.0,  0.0,0.0010039737775864714,-0.007931392842933123,0.0010039737775864714,-0.007931392842933123
 -0.0,  0.0,0.001029462762560772,-0.008029809547974021,0.001029462762560772,-0.008029809547974021
 -0.0,  0.0,0.0010559292956834989,-0.00813065557676294,0.0010559292956834989,-0.00813065557676294
 -0.0,  0.0,0.0010834237106323713,-0.008234020200806021,0.0010834237106323713,-0.008234020200806021
 -0.0,  0.0,0.0011119996023887884,-0.008339997017915914,0.0011119996023887884,-0.008339997017915914
 -0.0,  0.0,0.0011417140824382737,-0.008448684210043226,0.0011417140824382737,-0.008448684210043226
 -0.0,  0.0,0.0011726280574094333,-0.008560184819088863,0.0011726280574094333,-0.008560184819088863
 -0.0,  0.0,0.001204806533625249,-0.008674607042101792,0.001204806533625249,-0.008674607042101792
 -0.0,  0.0,0.0012383189503356962,-0.008792064547383443,0.0012383189503356962,-0.008792064547383443
 -0.0,  0.0,0.0012732395447351628,-0.008912676813146139,0.0012732395447351628,-0.008912676813146139
 -0.0,  0.0,0.0013096477522476471,-0.009036569490508765,0.0013096477522476471,-0.009036569490508765
 -0.0,  0.0,0.0013476286459940337,-0.009163874792759428,0.0013476286459940337,-0.009163874792759428
 -0.0,  0.0,0.0013872734198465493,-0.00929473191297188,0.0013872734198465493,-0.00929473191297188
 -0.0,  0.0,0.0014286799200349672,-0.009429287472230784,0.0014286799200349672,-0.009429287472230784
 -0.0,  0.0,0.0014719532309077025,-0.009567696000900065,0.0014719532309077025,-0.009567696000900065
 -0.0,  0.0,0.00151720632118108,-0.009710120455558914,0.00151720632118108,-0.009710120455558914
 -0.0,  0.0,0.0015645607578461086,-0.009856732774430483,0.0015645607578461086,-0.009856732774430483
 -0.0,  0.0,0.0016141474958610079,-0.010007714474338248,0.0016141474958610079,-0.010007714474338248
 -0.0,  0.0,0.0016661077528594124,-0.010163257292442414,0.0016661077528594124,-0.010163257292442414
 -0.0,  0.0,0.0017205939793718415,-0.010323563876231049,0.0017205939793718415,-0.010323563876231049
 -0.0,  0.0,0.001777770936519356,-0.0104888485254642,0.001777770936519356,-0.0104888485254642
 -0.0,  0.0,0.001837816894825582,-0.010659337989988374,0.001837816894825582,-0.010659337989988374
 -0.0,  0.0,0.0019009249697449432,-0.010835272327546174,0.0019009249697449432,-0.010835272327546174
 -0.0,  0.0,0.0019673046117663208,-0.011016905825891394,0.0019673046117663208,-0.011016905825891394
 -0.0,  0.0,0.0020371832715762603,-0.011204507993669432,0.0020371832715762603,-0.011204507993669432
 -0.0,  0.0,0.0021108082638182416,-0.011398364624618502,0.0021108082638182416,-0.011398364624618502
 -0.0,  0.0,0.0021884488565403286,-0.01159877893966374,0.0021884488565403286,-0.01159877893966374
 -0.0,  0.0,0.0022703986175734007,-0.011806072811381681,0.0022703986175734007,-0.011806072811381681
 -0.0,  0.0,0.0023569780539340296,-0.012020588075063551,0.0023569780539340296,-0.012020588075063551
-0.0008569881551102059,0.004284940775551029,0.002448537586029159,-0.012242687930145796,0.0015915494309189531,-0.007957747154594767
-0.0008909113167878994,0.004365465452260705,0.0025454609051082833,-0.012472758435030585,0.001654549588320384,-0.00810729298276988
-0.0009268590695867455,0.004448923534016378,0.002648168770247844,-0.012711210097189648,0.0017213097006610984,-0.008262286563173269
-0.0009649931586342727,0.004535467845581081,0.002757123310383636,-0.012958479558803086,0.0017921301517493634,-0.008423011713222003
-0.001005491517728581,0.004625260981551472,0.0028728329077959453,-0.013215031375861348,0.0018673413900673643,-0.008589770394309876
-0.0010485502133113108,0.004718475959900898,0.0029958577523180297,-0.013481359885431135,0.001947307539006719,-0.008762883925530237
-0.001094385659767454,0.004815296902976797,0.003126816170764154,-0.013757991151362272,0.0020324305109967,-0.008942694248385476
-0.0011432371489412704,0.004915919740447462,0.003266391854117915,-0.01404548497270703,0.0021231547051766444,-0.009129565232259568
-0.0011953697442524335,0.005020552925860219,0.0034153421264355235,-0.014344436931029197,0.00221997238218309,-0.009323884005168977
-0.0012510775987010306,0.005129418154674225,0.0035745074248600866,-0.014655480441926353,0.002323429826159056,-0.009526062287252128
-0.0013106877666391383,0.005242751066556553,0.0037448221903975372,-0.014979288761590149,0.002434134423758399,-0.009736537695033597
-0.0013745645917868827,0.005360801907968841,0.0039273274051053785,-0.01531657687991097,0.002552762813318496,-0.00995577497194213
-0.0014431147689679639,0.005483836122078261,0.004123185054194182,-0.015668103205937887,0.002680070285226218,-0.010184267083859626
-0.0015167931948853206,0.005612134821075685,0.004333694842529487,-0.016034670917359096,0.0028169016476441667,-0.010422536096283411
-0.0015961097444745958,0.005745995080108544,0.004560313555641701,-0.016417128800310123,0.002964203811167105,-0.010671133720201578
-0.0016816371345558755,0.0058857299709455645,0.0048046775273025005,-0.016816371345558752,0.003123040392746625,-0.010930641374613187
-0.001774020066310937,0.006031668225457184,0.005068628760888391,-0.017233337787020523,0.003294608694577454,-0.011201669561563338
-0.0018739858732435125,0.006184153381703589,0.005354245352124321,-0.01766900966201025,0.003480259478880808,-0.011484856280306661
-0.001982356942425744,0.006343542215762379,0.005663876978359268,-0.018124406330749653,0.0036815200359335237,-0.011780864114987273
-0.002100065224586744,0.006510202196218906,0.0060001863559621255,-0.018600577703482585,0.0039001211313753814,-0.01209037550726368
-0.002228169203286535,0.006684507609859605,0.006366197723675813,-0.01909859317102744,0.004138028520389279,-0.012414085561167834
-0.0023678737548209748,0.006866833888980822,0.006765353585202784,-0.019619525397088063,0.0043974798303818095,-0.01275269150810724
-0.0025205533973829603,0.007057549512672286,0.0072015811353798856,-0.020164427179063672,0.004681027737996925,-0.013106877666391386
-0.0026877794973299593,0.007257004642790888,0.007679369992371311,-0.020734298979402536,0.004991590495041352,-0.013477294336611649
-0.0028713520660908964,0.007465515371836331,0.008203863045973989,-0.021330043919532367,0.005332510979883093,-0.013864528547696035
-0.003073336832119359,0.007683342080298397,0.00878096237748388,-0.021952405943709702,0.005707625545364522,-0.014269063863411304
-0.0032961082888854102,0.007910659893324979,0.009417452253958312,-0.022601885409499936,0.006121343965072902,-0.014691225516174957
-0.0035423993692949712,0.00814751854937843,0.010121141055128489,-0.023278624426795513,0.0065787416858335175,-0.015131105877417084
-0.0038153582248057127,0.008393788094572566,0.010901023499444891,-0.023982251698778753,0.007085665274639178,-0.015588463604206187
-0.004118612205705242,0.008649085631981007,0.011767463444872117,-0.024711673234231443,0.0076488512391668755,-0.016062587602250437
-0.00445633840657307,0.00891267681314614,0.012732395447351627,-0.025464790894703253,0.008276057040778557,-0.016552114081557115
-0.004833338835762555,0.009183343787948847,0.013809539530750155,-0.026238125108425277,0.008976200694987599,-0.017054781320476428
-0.005255116045487116,0.009459208881876803,0.015014617272820326,-0.027026311091076574,0.009759501227333212,-0.01756710220919977
-0.005727941396623488,0.009737500374259925,0.016365546847495676,-0.027821429640742638,0.010637605450872188,-0.018083929266482713
-0.006258902256422854,0.010014243610276564,0.017882577875493865,-0.028612124600790177,0.011623675619071011,-0.018597880990513613
-0.006855905240881647,0.010283857861322469,0.019588300688233272,-0.029382451032349908,0.012732395447351625,-0.01909859317102744
-0.007527598659751818,0.010538638123652534,0.02150742474214805,-0.030110394639007235,0.01397982608239623,-0.0195717565153547
-0.008283156889541031,0.010768103956403333,0.0236661625415458,-0.03076601130400951,0.015383005652004768,-0.01999790734760618
-0.009131840997075969,0.010958209196491157,0.026090974277359905,-0.03130916913283187,0.016959133280283936,-0.02035095993634071
-0.010082213589531838,0.011090434948485018,0.028806324541519532,-0.03168695699567147,0.018724110951987692,-0.020596522047186455
-0.011140846016432676,0.011140846016432676,0.03183098861837907,-0.03183098861837907,0.02069014260194639,-0.02069014260194639
-0.012310327089980875,0.01107929438098277,0.03517236311423107,-0.03165512680280791,0.022862036024250194,-0.02057583242182514
-0.013586397581015472,0.010869118064812363,0.03881827880290134,-0.03105462304232103,0.02523188122188587,-0.020185504977508664
-0.014954155726755281,0.010467909008728685,0.04272615921930079,-0.029908311453510524,0.02777200349254551,-0.01944040244478184
-0.016383597082989233,0.009830158249793533,0.04681027737996923,-0.02808616642798152,0.030426680296979994,-0.01825600817818799
-0.01782535362629228,0.00891267681314614,0.05092958178940651,-0.025464790894703253,0.03310422816311423,-0.016552114081557115
-0.019208355200746013,0.0076833420802983774,0.05488101485927431,-0.021952405943709646,0.0356726596585283,-0.014269063863411268
-0.020441919296206756,0.006132575788862005,0.058405483703447864,-0.017521645111034295,0.03796356440724111,-0.01138906932217229
-0.02142470387775515,0.004284940775551015,0.061213439650728986,-0.012242687930145754,0.039788735772973836,-0.00795774715459474
-0.022061081220658765,0.0022061081220658687,0.0630316606304536,-0.006303166063045337,0.04097057940979483,-0.004097057940979468
-0.02228169203286535,  0.0,0.06366197723675814, -0.0,0.04138028520389278,  0.0
-0.02206108122065876,-0.0022061081220659073,0.06303166063045358,0.006303166063045449,0.04097057940979482,0.004097057940979542
-0.021424703877755136,-0.004284940775551051,0.06121343965072895,0.012242687930145855,0.039788735772973816,0.007957747154594803
-0.020441919296206736,-0.006132575788862035,0.0584054837034478,0.017521645111034382,0.037963564407241066,0.011389069322172346
-0.019208355200745986,-0.007683342080298402,0.05488101485927424,0.021952405943709716,0.035672659658528255,0.014269063863411313
-0.01782535362629228,-0.00891267681314614,0.05092958178940651,0.025464790894703253,0.03310422816311423,0.016552114081557115
-0.01638359708298921,-0.009830158249793549,0.04681027737996916,0.02808616642798156,0.03042668029697995,0.01825600817818801
-0.014954155726755253,-0.010467909008728694,0.042726159219300716,0.02990831145351055,0.027772003492545463,0.019440402444781853
-0.01358639758101545,-0.01086911806481237,0.03881827880290128,0.031054623042321053,0.025231881221885827,0.020185504977508685
-0.012310327089980854,-0.011079294380982771,0.035172363114231005,0.031655126802807916,0.022862036024250153,0.020575832421825146
-0.011140846016432676,-0.011140846016432676,0.03183098861837907,0.03183098861837907,0.02069014260194639,0.02069014260194639
-0.010082213589531819,-0.011090434948485016,0.02880632454151948,0.031686956995671464,0.01872411095198766,0.020596522047186448
-0.009131840997075969,-0.010958209196491157,0.026090974277359905,0.03130916913283187,0.016959133280283936,0.02035095993634071
-0.008283156889541015,-0.010768103956403327,0.023666162541545757,0.030766011304009497,0.015383005652004742,0.01999790734760617
-0.007527598659751792,-0.010538638123652525,0.021507424742147972,0.03011039463900721,0.013979826082396181,0.019571756515354685
-0.006855905240881647,-0.010283857861322469,0.019588300688233272,0.029382451032349908,0.012732395447351625,0.01909859317102744
-0.006258902256422843,-0.01001424361027656,0.017882577875493837,0.028612124600790163,0.011623675619070994,0.018597880990513606
-0.005727941396623488,-0.009737500374259925,0.016365546847495676,0.027821429640742638,0.010637605450872188,0.018083929266482713
-0.005255116045487109,-0.0094592088818768,0.015014617272820307,0.027026311091076564,0.009759501227333198,0.017567102209199763
-0.00483333883576254,-0.009183343787948836,0.013809539530750113,0.026238125108425246,0.008976200694987573,0.017054781320476407
-0.00445633840657307,-0.00891267681314614,0.012732395447351627,0.025464790894703253,0.008276057040778557,0.016552114081557115
-0.004118612205705236,-0.008649085631981001,0.0117674634448721,0.02471167323423143,0.007648851239166864,0.016062587602250426
-0.0038153582248057127,-0.008393788094572566,0.010901023499444891,0.023982251698778753,0.007085665274639178,0.015588463604206187
-0.0035423993692949665,-0.008147518549378426,0.010121141055128473,0.0232786244267955,0.006578741685833507,0.015131105877417074
-0.003296108288885402,-0.007910659893324972,0.00941745225395829,0.022601885409499915,0.0061213439650728875,0.014691225516174944
-0.003073336832119359,-0.007683342080298397,0.00878096237748388,0.021952405943709702,0.005707625545364522,0.014269063863411304
-0.002871352066090893,-0.0074655153718363254,0.008203863045973979,0.021330043919532353,0.005332510979883086,0.013864528547696028
-0.0026877794973299593,-0.007257004642790888,0.007679369992371311,0.020734298979402536,0.004991590495041352,0.013477294336611649
-0.0025205533973829573,-0.007057549512672283,0.007201581135379877,0.02016442717906366,0.00468102773799692,0.013106877666391376
-0.0023678737548209696,-0.006866833888980816,0.006765353585202768,0.019619525397088042,0.004397479830381799,0.012752691508107226
-0.002228169203286535,-0.006684507609859605,0.006366197723675813,0.01909859317102744,0.004138028520389279,0.012414085561167834
-0.0021000652245867424,-0.006510202196218904,0.006000186355962119,0.018600577703482578,0.003900121131375377,0.012090375507263674
-0.001982356942425744,-0.006343542215762379,0.005663876978359268,0.018124406330749653,0.0036815200359335237,0.011780864114987273
-0.0018739858732435108,-0.0061841533817035875,0.0053542453521243155,0.017669009662010245,0.0034802594788808047,0.011484856280306658
-0.0017740200663109336,-0.0060316682254571785,0.0050686287608883804,0.017233337787020506,0.003294608694577447,0.011201669561563328
-0.0016816371345558755,-0.0058857299709455645,0.0048046775273025005,0.016816371345558752,0.003123040392746625,0.010930641374613187
-0.0015961097444745942,-0.005745995080108542,0.0045603135556416974,0.016417128800310116,0.0029642038111671034,0.010671133720201575
-0.0015167931948853206,-0.005612134821075685,0.004333694842529487,0.016034670917359096,0.0028169016476441667,0.010422536096283411
-0.0014431147689679628,-0.00548383612207826,0.004123185054194178,0.01566810320593788,0.0026800702852262156,0.010184267083859621
-0.0013745645917868803,-0.0053608019079688365,0.0039273274051053715,0.015316576879910958,0.002552762813318491,0.009955774971942121
-0.0013106877666391383,-0.005242751066556553,0.0037448221903975372,0.014979288761590149,0.002434134423758399,0.009736537695033597
-0.0012510775987010295,-0.005129418154674223,0.0035745074248600835,0.014655480441926348,0.002323429826159054,0.009526062287252125
-0.0011953697442524313,-0.005020552925860216,0.0034153421264355175,0.014344436931029185,0.002219972382183086,0.009323884005168969
-0.0011432371489412695,-0.004915919740447461,0.0032663918541179127,0.014045484972707026,0.002123154705176643,0.009129565232259565
-0.0010943856597674525,-0.004815296902976793,0.0031268161707641495,0.013757991151362264,0.002032430510996697,0.00894269424838547
-0.0010485502133113108,-0.004718475959900898,0.0029958577523180297,0.013481359885431135,0.001947307539006719,0.008762883925530237
-0.0010054915177285801,-0.00462526098155147,0.002872832907795943,0.013215031375861342,0.001867341390067363,0.008589770394309873
-0.0009649931586342713,-0.004535467845581078,0.0027571233103836318,0.012958479558803075,0.0017921301517493603,0.008423011713221996
-0.0009268590695867448,-0.004448923534016376,0.002648168770247842,0.012711210097189642,0.0017213097006610971,0.008262286563173266
-0.0008909113167878982,-0.0043654654522607035,0.0025454609051082802,0.012472758435030578,0.001654549588320382,0.008107292982769874
-0.0008569881551102059,-0.004284940775551029,0.002448537586029159,0.012242687930145796,0.0015915494309189531,0.007957747154594767
-0.00082494231887691,-0.004207205826272242,0.0023569780539340283,0.012020588075063548,0.0015320357350571182,0.007813382248791306
-0.0007946395161506892,-0.004132125483983586,0.0022703986175733977,0.011806072811381673,0.0014757591014227084,0.0076739473273980865
-0.0007659570997891146,-0.004059572628882308,0.0021884488565403273,0.011598778939663736,0.0014224917567512126,0.007539206310781428
-0.0007387828923363838,-0.003989427618616474,0.002110808263818239,0.011398364624618495,0.001372025371481855,0.007408937006002021
-0.0007130141450516912,-0.003921577797784302,0.0020371832715762603,0.011204507993669432,0.001324169126524569,0.00728293019588513
-0.000688556614118212,-0.0038559170390619884,0.00196730461176632,0.011016905825891392,0.001278747997648108,0.007160988786829404
-0.0006653237394107295,-0.0037923453146411603,0.001900924969744941,0.010835272327546169,0.0012356012303342116,0.007042927012905009
-0.0006432359131889534,-0.00373076829649593,0.001837816894825581,0.01065933798998837,0.0011945809816366277,0.00692856969349244
-0.0006222198277817743,-0.0036710969839124697,0.0017777709365193548,0.010488848525464197,0.0011555511087375805,0.0068177515415517274
-0.0006022078927801446,-0.0036132473566808676,0.0017205939793718415,0.010323563876231049,0.0011183860865916968,0.0067103165195501815
-0.0005831377135007941,-0.003557140052354845,0.0016661077528594113,0.01016325729244241,0.0010829700393586172,0.006606117240087566
-0.0005649516235513522,-0.0035027000660183857,0.0016141474958610061,0.010007714474338243,0.001049195872309654,0.006505014408319857
-0.0005475962652461378,-0.0034498564710506684,0.0015645607578461075,0.00985673277443048,0.0010169644925999697,0.0064068763033798114
-0.0005310222124133779,-0.0033985421594456195,0.0015172063211810795,0.009710120455558911,0.0009861841087677016,0.006311578296113292
-0.000515183630817696,-0.0033486936003150236,0.0014719532309077025,0.009567696000900065,0.0009567696000900064,0.006219002400585042
-0.0005000379720122384,-0.0033002506152807745,0.0014286799200349666,0.009429287472230782,0.0009286419480227282,0.0061290368569500075
-0.0004855456969462919,-0.0032531561695401568,0.001387273419846548,0.009294731912971876,0.0009017277229002561,0.006041575743431719
-0.0004716700260979117,-0.0032073561774658,0.001347628645994033,0.009163874792759426,0.0008759586198961213,0.005956518615293626
-0.0004583767132866764,-0.003162799321678068,0.0013096477522476465,0.009036569490508765,0.0008512710389609701,0.005873770168830697
-0.000445633840657307,-0.0031194368846011494,0.0012732395447351628,0.008912676813146139,0.0008276057040778558,0.0057932399285449895
-0.0004334116326174936,-0.003077222591584205,0.0012383189503356957,0.008792064547383441,0.0008049073177182021,0.005714841955799237
-0.00042168228676883675,-0.003036112464735626,0.0012048065336252476,0.008674607042101786,0.0007831242468564108,0.005638494577366161
-0.0004104198200933016,-0.0029960646866811023,0.001172628057409433,0.008560184819088863,0.0007622082373161315,0.005564120132407761
-0.0003995999288533956,-0.002957039473515128,0.0011417140824382728,0.008448684210043222,0.0007421141535848772,0.005491644736528094
-0.000389199860836076,-0.00291899895627057,0.0011119996023887884,0.008339997017915914,0.0007227997415527123,0.005420998061645343
-0.00037919829872132987,-0.0028819070702821078,0.001083423710632371,0.008234020200806021,0.000704225411911041,0.005352113130523913
-0.0003695752534892244,-0.0028457294518670286,0.001055929295683498,0.008130655576762938,0.0006863540421942736,0.00528492612489591
-0.0003603119668962702,-0.0028104333417909074,0.0010294627625607718,0.00802980954797402,0.0006691507956645016,0.005219376206183112
-0.0003513908221552648,-0.0027759874950265924,0.0010039737775864707,0.007931392842933122,0.0006525829554312059,0.005155405347906529
-0.00034279526204408236,-0.002742362096352659,0.0009794150344116636,0.007835320275293309,0.0006366197723675813,0.00509295817894065
-0.00033450971374966737,-0.002709528681372306,0.0009557420392847637,0.007741510518206586,0.0006212323255350963,0.00503198183683428
-0.0003265195198251075,-0.0026774600625658826,0.0009329129137860212,0.007649885893045377,0.0006063933939609137,0.004972425830479494
-0.00031881087470117823,-0.0026461302600197796,0.0009108882134319376,0.007560372171485083,0.0005920773387307594,0.004914241911465304
-0.00031137076625021437,-0.0026155144365018015,0.0008896307607148981,0.007472898390005147,0.0005782599944646837,0.0048573839535033456
-0.0003041869219503802,-0.002585588836578232,0.0008691054912868005,0.007387396675937804,0.0005649185693364203,0.004801807839359572
-0.0002972477592431343,-0.0025563307294909554,0.0008492793121232406,0.00730380208425987,0.0005520315528801064,0.004747471354768914
-0.00029054233971659066,-0.0025277183555343394,0.0008301209706188303,0.007222052444383825,0.0005395786309022396,0.0046943340888494865
-0.00028406032678308707,-0.002499730875691166,0.0008116009336659629,0.0071420882162604735,0.0005275406068828758,0.004642357340569307
-0.0002777919465511201,-0.0024723483243049692,0.0007936912758603429,0.007063852355157055,0.0005158993293092229,0.004591504030852085
-0.0002717279516203092,-0.0024455515645827822,0.000776365576058026,0.0069872901845222345,0.0005046376244377169,0.004541738619939452
-0.00026585958755357764,-0.0024193222467375573,0.0007595988215816503,0.006912349276393019,0.0004937392340280726,0.004493027029655461
-0.0002601785618036588,-0.0023936427685936615,0.0007433673194390249,0.006838979338839032,0.00048318875763536613,0.00444533657024537
-0.0002546770148915916,-0.002368496238491802,0.0007276486139759759,0.006767132109976576,0.00047297159908438424,0.004398635871484774
-0.0002493474936533722,-0.0023438664403416993,0.0007124214104382062,0.006696761258119139,0.00046307391678483396,0.004352894817777439
-0.0002441829263875655,-0.0023197378006818725,0.0006976655039644727,0.006627822287662491,0.00045348257757690715,0.004308084486980619
-0.0002391765997516675,-0.0022960953576160086,0.0006833617135761928,0.006560272450331452,0.00044418511382452526,0.004264177092715443
-0.00023432213726853863,-0.002272924731504825,0.0006694918207672531,0.006494070661442357,0.0004351696834987145,0.004221145929937532
-0.0002296134793164195,-0.002250212097300911,0.000656038512332627,0.006429177420859745,0.0004264250330162075,0.004178965323558834
-0.00022504486448707547,-0.0022279441584220475,0.0006429853271059298,0.006365554738348706,0.00041794046261885436,0.004137610579926659
-0.00022061081220658765,-0.0022061081220658765,0.000630316606304536,0.00630316606304536,0.0004097057940979483,0.004097057940979484
-0.00021630610652233128,-0.002184691675875546,0.0006180174472066607,0.006241976216787274,0.0004017113406843294,0.004057284540911728
-0.0002121257809678726,-0.002163682965872301,0.0006060736599082073,0.006181951331063717,0.00039394787894033475,0.0040182683651914155
-0.0002080651044249262,-0.0021430705755767403,0.0005944717269283604,0.006123058787362114,0.00038640662250343427,0.003979988211785373
-0.0002041195679082571,-0.002122843506245874,0.000583198765452163,0.006065267160702496,0.00037907919754390587,0.003942423654456621
-0.00020028487220553125,-0.002102991158158078,0.0005722424920158035,0.006008546166165937,0.00037195761981027224,0.003905555008007859
-0.0001965569163096802,-0.00208350331288261,0.000561591189456229,0.005952866608236028,0.00036503427314654876,0.0038693632953534177
-0.00019293178658641734,-0.002064370116474666,0.0005512336759611923,0.005898200332784759,0.000358301889374775,0.003833830216310093
-0.0001894057466241529,-0.0020455820635408516,0.0005411592760690082,0.005844520181545289,0.00035175352944485526,0.0037989381180044374
-0.00018597522771776433,-0.0020271299821236315,0.0005313577934793265,0.0057917999489246605,0.00034538256576156215,0.003764669966801029
-0.00018263681994151927,-0.002009005019356712,0.0005218194855471978,0.005740014341019176,0.00033918266560567853,0.0037310093216624644
-0.00017938726376994884,-0.0019911986278464324,0.0005125350393427109,0.005689138936704092,0.00033314777557276205,0.0036979403088576593
-0.00017622344220867873,-0.0019737025527372023,0.0005034955491676535,0.005639150150677719,0.00032727210695897475,0.003665447597940517
-0.0001731423734001504,-0.0019565088194216994,0.000494692495429001,0.005590025198347712,0.00032155012202885066,0.0036335163789260124
-0.000170141203671849,-0.001939609721859079,0.00048611772477671135,0.00554174206245451,0.0003159765211048623,0.0036021323405954313
-0.00016721720099711334,-0.0019229978114668033,0.0004777634314203237,0.005494279461333723,0.00031054623042321033,0.0035712816498669198
-0.00016436774884084793,-0.001906665886553836,0.00046962213954527973,0.005447616818725245,0.00030525439070443184,0.0035409509321714092
-0.00016159034036453216,-0.0018906069822650269,0.0004616866867558061,0.005401734235042932,0.0003000963463912739,0.0035111272527779055
-0.0001588825729668094,-0.0018748143610083509,0.0004539502084765982,0.0053566124600238595,0.00029506763550978877,0.003481798099015509
-0.0001562421431376856,-0.001859281503338459,0.0004464061232505302,0.005312232866681311,0.0002901639801128446,0.003452951363342852
-0.00015366684160596794,-0.0018440020992716152,0.00043904811887419406,0.005268577426490328,0.0002853812772682261,0.003424575327218713
-0.000151154548761043,-0.0018289700400086202,0.0004318701393172656,0.005225628685738915,0.0002807155905562226,0.0033966586457302946
-0.00014870323033145584,-0.0018141794100437617,0.00042486637237558803,0.005183369742982175,0.00027616314204413216,0.003369190332938413
-0.00014631093330399466,-0.0017996244796391345,0.0004180312380114133,0.005141784227540384,0.0002717203047074186,0.0033421597479012495
-0.00014397578206814,-0.0017852996976449364,0.00041135937733754275,0.005100856278985531,0.0002673835952694027,0.0033155565813405945
-0.00014169597477179874,-0.001771199684647484,0.0004048456422051392,0.005060570527564239,0.00026314966743334043,0.0032893708429167553
-0.00013946977987522123,-0.001757319226427788,0.0003984850853577749,0.005020912075507964,0.00025901530548255367,0.003263592849080176
-0.00013729553289090727,-0.0017436532677145228,0.00039227295111687784,0.00498186647918435,0.00025497741822597055,0.003238213211469827
-0.0001351716332981397,-0.001730196906216188,0.00038620466656611336,0.004943419732046251,0.00025103303326797367,0.003213222825830063
-0.0001330965416215599,-0.0017169453869181233,0.00038027583320445683,0.004905558248337494,0.0002471792915828969,0.0031886128614193703
-0.00013106877666391385,-0.0017038940966308796,0.0003744822190397537,0.004868268847516798,0.00024341344237583987,0.0031643747508859187
-0.0001290869128837573,-0.0016910385587772209,0.00036881975109644935,0.004831538739363487,0.00023973283821269206,0.003140500180586266
-0.00012714957790952605,-0.001678374428405744,0.0003632845083129315,0.004795355509730696,0.00023613493040340543,0.0031169810813249524
-0.00012525545018194023,-0.0016658974874198054,0.0003578727148055435,0.004759707106913729,0.00023261726462360326,0.0030938096194939235
-0.00012340325671724272,-0.0016536036400110526,0.00035258073347783626,0.004724581828603007,0.00022917747676059355,0.003070978188591954
-0.0001215917709842584,-0.0016414889082874886,0.0003474050599550239,0.004689968309392823,0.0002258132889707655,0.0030484794011053345
-0.00011981981088871449,-0.0016295494280865173,0.0003423423168248985,0.0046558555088186205,0.00022252250593618402,0.003026306080732103
-0.00011808623685868537,-0.00161778144496399,0.0003373892481676724,0.004622232699897113,0.00021930301130898702,0.0030044512549331232
-0.00011638995002541448,-0.00160618131035072,0.000332542714358327,0.004589089458144913,0.00021615276433291253,0.002982908147794193
-0.00011472989049413184,-0.0015947454778684328,0.0003277996871260909,0.004556415651052664,0.0002130697966319591,0.0029616701731842313
-0.00011310503569982411,-0.0015834704997975378,0.0003231572448566403,0.004524201427992963,0.00021005220915681618,0.002940730928195426
-0.0001115143988432278,-0.0015723530236895122,0.00031861256812350795,0.004492437210541463,0.00020709816928028013,0.0029200841868519505
-0.00010995702740261223,-0.001561389789117094,0.0003141629354360349,0.004461113683191697,0.00020420590803342265,0.002899723894074603
-0.00010843200171718989,-0.0015505776245558155,0.0003098057191919711,0.004430221784445186,0.0002013737174747812,0.00287964415988937
-0.00010693843363824796,-0.0015399134443907709,0.00030553838182356555,0.004399752698259344,0.00019859994818531758,0.002859839253868573
-0.00010547546524433302,-0.001529394246042829,0.0003013584721266657,0.004369697845836653,0.0001958830068823327,0.0028403035997938237
-0.00010404226761704028,-0.0015190171072087882,0.0002972636217629722,0.004340048877739394,0.0001932213541459319,0.0028210317705306062
-0.00010263803967416897,-0.0015087791832102842,0.000293251541926197,0.004310797666315097,0.00019061350225202807,0.0028020184831048125
-0.00010126200705719574,-0.001498677704446497,0.0002893200201634163,0.004281936298418562,0.0001880580131062206,0.0027832585939720645
-9.991342107020018e-05,-0.001488709973945983,0.00028546691734342904,0.004253457068417094,0.00018555349627322887,0.0027647470944711103
-9.85915576675458e-05,-0.0014788733650131871,0.00028169016476441654,0.004225352471466248,0.00018309860709687074,0.002746479106453061
-9.729571648777498e-05,-0.0014691653189654022,0.00027798776139364273,0.004197615197044006,0.00018069204490586774,0.0027284498780786037
-9.602521993132798e-05,-0.0014595833429561856,0.0002743577712323656,0.004170238122731958,0.0001783325513010376,0.0027106547797757724
-9.477941227983048e-05,-0.0014501250078814065,0.00027079832079951563,0.004143214308232589,0.00017601890851968516,0.0026930893003511824
-9.355765885482595e-05,-0.0014407879463643196,0.00026730759672807407,0.004116536989612341,0.00017374993787324812,0.0026757490432480218
-9.235934521394964e-05,-0.0014315698508162195,0.0002638838434684275,0.004090199573760626,0.00017152449825447787,0.0026586297229444066
-9.118387638265407e-05,-0.0014224684715694036,0.0002605253610932973,0.0040641956330554375,0.00016934148471064325,0.0026417271614860337
-9.00306761197032e-05,-0.0014134816150793404,0.00025723050319915195,0.004038518900226686,0.00016719982707944875,0.002625037285147346
-8.889918621475163e-05,-0.0014046071421930759,0.0002539976748992903,0.004013163263408788,0.0001650984886845387,0.002608556121215712
-8.778886581641916e-05,-0.0013958429664810647,0.0002508253309040547,0.00398812276137447,0.00016303646508763553,0.002592279794893405
-8.669919078935935e-05,-0.0013871870526297495,0.0002477119736838838,0.003963391578942141,0.00016101278289452447,0.0025762045263123916
-8.562965309890223e-05,-0.0013786374148923258,0.0002446561517111492,0.003938964042549503,0.00015902649861224694,0.002560326627657177
-8.457976022193039e-05,-0.0013701921155952724,0.00024165645777694393,0.003914834615986492,0.00015707669755501356,0.0025446425003912195
-8.354903458271908e-05,-0.001361849263698321,0.00023871152737919732,0.0038909978962809164,0.00015516249279647824,0.0025291486325825954
-8.253701301254017e-05,-0.001353607013405659,0.00023582003717868616,0.0038674486097304535,0.000153283024166146,0.0025138415963247944
-8.154324623189516e-05,-0.00134546356282627,0.0002329807035197004,0.0038441816080750564,0.00015143745728780526,0.002498718045248786
-8.05672983543005e-05,-0.0013374171526813884,0.0002301922810122871,0.003821191864803966,0.00014962498265798661,0.0024837747121225777
-7.960874641060897e-05,-0.0013294660650571698,0.00022745356117316845,0.0037984744715919136,0.00014784481476255948,0.0024690084065347438
-7.866717989290126e-05,-0.001321608622200741,0.00022476337112257498,0.00377602463485926,0.00014609619122967372,0.0024544160126585193
-7.774220031703481e-05,-0.0013138431853578884,0.00022212057233438512,0.003753837672451109,0.00014437837201735032,0.002439994487093221
-7.683342080298397e-05,-0.0013061681536507275,0.00021952405943709703,0.0037319090104306492,0.00014269063863411304,0.0024257408567799218
-7.594046567214938e-05,-0.0012985819629937544,0.0002169727590632839,0.0037102341799821552,0.0001410322933911345,0.0024116522169884006
-7.506297006085886e-05,-0.0012910830850467727,0.000214465628745311,0.0036888088144193497,0.00013940265868445215,0.002397725729372577
-7.420057954932013e-05,-0.0012836700262032386,0.00021200165585520033,0.0036676286462949664,0.00013780107630588018,0.002383958620091728
-7.335294980532445e-05,-0.0012763413266126454,0.00020957985658664127,0.003646689504607558,0.00013622690678131682,0.0023703481779949126
-7.251974624203532e-05,-0.001269095559235618,0.00020719927497724373,0.003625987312101765,0.0001346795287352084,0.002356891752866147
-7.170064368923075e-05,-0.0012619313289304612,0.00020485898196923068,0.00360551808265846,0.00013315833827999993,0.0023435867537279992
-7.089532607739777e-05,-0.001254847271569941,0.00020255807450685073,0.0035852779187712587,0.00013166274842945296,0.002330430647201318
-7.010348613410942e-05,-0.0012478420531871481,0.00020029567466888404,0.0035652630091061372,0.0001301921885347746,0.002317420955918989
-6.932482509214198e-05,-0.0012409143691493414,0.00019807092883469132,0.0035454696261409744,0.00012874610374254933,0.002304555256991633
-6.855905240881647e-05,-0.0012340629433586962,0.00019588300688233272,0.003525894123881989,0.00012732395447351627,0.0022918311805232927
-6.780588549607542e-05,-0.0012272865274789654,0.00019373110141735834,0.003506532935654186,0.0001259252159212829,0.0022792464081752206
-6.706504946082755e-05,-0.0012205839001870615,0.0001916144270309358,0.003487382571963032,0.00012454937757010827,0.0022667986717759703
-6.633627685511728e-05,-0.0012139538664486464,0.0001895322195860493,0.003468439618424703,0.00012319594273093204,0.0022544857519760566
-6.561930743569724e-05,-0.001207395256816829,0.00018748373553056352,0.0034497007337623686,0.00012186442809486628,0.0022423054769455395
-6.491388793260116e-05,-0.0012009069267531216,0.0001854682512360033,0.003431162647866061,0.00012055436330340213,0.0022302557211129393
-6.421977182633546e-05,-0.0011944877559698396,0.0001834850623609584,0.003412822159913827,0.00011926529053462295,0.0022183344039439874
-6.353671913332386e-05,-0.0011881366477931564,0.00018153348323806813,0.003394676136551875,0.00011799676410474427,0.002206539488758719
-6.286449619925894e-05,-0.0011818525285460684,0.00017961284628359697,0.003376721510131623,0.00011674835008433803,0.002194868981585555
-6.220287550002892e-05,-0.0011756343469505463,0.000177722501428654,0.0033589552770015604,0.00011551962592862508,0.0021833209300510144
-6.155163544990429e-05,-0.0011694810735481814,0.00017586181557115507,0.0033413744958519466,0.00011431018012125078,0.002171893422303765
-6.0910560216684475e-05,-0.0011633917001386735,0.0001740301720476699,0.0033239762861104957,0.00011311961183098544,0.0021605845859718224
-6.0279439543516245e-05,-0.001157365239235512,0.0001722269701243321,0.0033067578263871766,0.00011194753058081585,0.0021493925871516645
-5.9658068577111414e-05,-0.0011514007235382505,0.00017045162450603257,0.0032897163529664293,0.00011079355592892115,0.002138315629428179
-5.904624770210238e-05,-0.001145497205420786,0.00016870356486314964,0.0032728491583451026,0.00010965731716104726,0.0021273519529243167
-5.844378238128617e-05,-0.0011396537564350804,0.00016698223537510331,0.0032561535898145144,0.00010853845299381714,0.002116499833379434
-5.785048300151975e-05,-0.0011338694668297873,0.00016528709429005639,0.0032396270480851055,0.00010743661128853664,0.002105757581255318
-5.72661647250388e-05,-0.0011281434450832646,0.00016361761350011084,0.003223266985952184,0.00010635144877507203,0.002095123540868919
-5.6690647345983466e-05,-0.0011224748174504728,0.0001619732781313813,0.00320707090700135,0.00010528263078539785,0.0020845960895508773
-5.612375515192402e-05,-0.001116862727523288,0.00016035358614835431,0.0031910363643522506,0.00010422983099643029,0.0020741736368289623
-5.556531679018791e-05,-0.0011113063358037581,0.00015875804797196543,0.0031751609594393086,0.00010319273118177753,0.0020638546236355507
-5.501516513879991e-05,-0.001105804819289878,0.00015718618611085684,0.0031594423408282226,0.00010217102097205693,0.0020536375215383443
-5.4473137181853474e-05,-0.0011003573710734404,0.00015563753480529562,0.0031438782030669718,0.00010116439762344214,0.0020435208319935314
-5.393907388914121e-05,-0.001094963199949567,0.0001541116396832606,0.0031284662855701906,0.00010017256579411938,0.0020335030856206237
-5.3412820099878594e-05,-0.0010896215300375232,0.00015260805742822452,0.00311320437153578,9.919523732834591e-05,0.002023582841498257
-5.289422441036285e-05,-0.0010843316004124385,0.00015112635545817956,0.0030980902868926806,9.823213104781671e-05,0.002013758686480242
-5.2383139065416e-05,-0.0010790926647475695,0.00014966611161547426,0.00308312189927877,9.728297255005825e-05,0.0020040292345312
-5.1879419853466544e-05,-0.0010739039909667576,0.00014822691386704725,0.0030682971170478785,9.634749401358071e-05,0.001994393126081121
-5.1382926005131776e-05,-0.0010687648609067411,0.0001468083600146622,0.003053613888304974,9.542543400953041e-05,0.001984849027398233
-5.089352009516766e-05,-0.001063674569989004,0.00014541005741476473,0.0030390701999685825,9.451653731959707e-05,0.0019753956299795785
-5.0411067947659166e-05,-0.0010586324269008425,0.0001440316227075976,0.0030246640768595494,9.362055475993843e-05,0.0019660316499587067
-4.9935438544329684e-05,-0.0010536377532853565,0.00014267268155522764,0.0030103935808153035,9.273724301089796e-05,0.001956755827529947
-4.946650393585238e-05,-0.0010486898834400707,0.00014133286838814962,0.0029962568098287727,9.186636445229724e-05,0.001947566926388702
-4.900413915605213e-05,-0.0010437881640239107,0.00014001182616014892,0.0029822518972111725,9.100768700409678e-05,0.0019384637331872618
-4.8548222138890876e-05,-0.0010389319537722646,0.00013870920611111674,0.002968377010777898,9.016098397222587e-05,0.0019294450570056334
-4.809863363813352e-05,-0.0010341206232198706,0.0001374246675375243,0.0029546303520567724,8.932603389939079e-05,0.0019205097288369018
-4.765525714959652e-05,-0.001029353554431285,0.00013615787757027576,0.0029410101555179566,8.850262042067923e-05,0.0019116566010866716
-4.72179788358841e-05,-0.001024630140738685,0.00013490851095966883,0.002927514687824814,8.769053212378473e-05,0.001902884547086129
-4.6786687453522055e-05,-0.0010199497864867811,0.00013367624986720584,0.002914142247105088,8.688956241368378e-05,0.0018941924606183068
-4.636127428240227e-05,-0.0010153119067846095,0.00013246078366400645,0.0029008911622417414,8.609950938160419e-05,0.0018855792554571319
-4.594163305745433e-05,-0.0010107159272639953,0.0001312618087355838,0.0028877597921828434,8.532017567812946e-05,0.001877043864918848
-4.55276599024649e-05,-0.0010061612838444744,0.00013007902829275685,0.002874746525269926,8.455136839029194e-05,0.0018685852414254518
-4.511925326596741e-05,-0.0010016474225044768,0.00012891215218847828,0.0028618497785842184,8.379289892251088e-05,0.0018602023560797417
-4.471631385912891e-05,-0.0009971737990585748,0.00012776089674036828,0.0028490679973102134,8.304458288123937e-05,0.0018518941982516386
-4.43187445955632e-05,-0.0009927398789406157,0.00012662498455875198,0.0028363996541160437,8.230623996318879e-05,0.001843659775175428
-4.3926450533002174e-05,-0.0009883451369925489,0.00012550414438000618,0.002823843248550139,8.157769384700402e-05,0.0018354981115575903
-4.3539338816760494e-05,-0.0009839890572587871,0.00012439811090502996,0.0028113973064536773,8.085877208826946e-05,0.0018274082491948902
-4.315731862493046e-05,-0.0009796711327859217,0.00012330662464265843,0.0027990603793883466,8.014930601772796e-05,0.001819389246602425
-4.2780301115247185e-05,-0.0009753908654276359,0.00012222943175784908,0.0027868310440789597,7.94491306426019e-05,0.0018114401786513239
-4.2408199373566076e-05,-0.0009711477656546633,0.00012116628392447448,0.0027747079018704654,7.875808455090841e-05,0.0018035601362158022
-4.204092836389689e-05,-0.0009669413523696284,0.00012011693818256252,0.002762689578198938,7.807600981866563e-05,0.0017957482258293095
-4.1678404879941175e-05,-0.0009627711527266412,0.0001190811567998319,0.002750774722076117,7.740275191989073e-05,0.0017880035693494758
-4.132054749808127e-05,-0.0009586367019554856,0.00011805870713737505,0.0027389620055871013,7.673815963929378e-05,0.0017803253036316156
-4.096727653177176e-05,-0.0009545375431902822,0.00011704936151934786,0.0027272501234008057,7.608208498757611e-05,0.0017727125802105234
-4.061851398728551e-05,-0.0009504732273024813,0.00011605289710653,0.002715637792292803,7.54343831192445e-05,0.0017651645649903215
-4.027418352076882e-05,-0.0009464433127380674,0.00011506909577362519,0.0027041237506801917,7.479491225285636e-05,0.0017576804379421244
-3.993421039656131e-05,-0.000942447365358847,0.00011409774399017516,0.002692706758168134,7.416353359361385e-05,0.0017502593928092872
-3.95985214467386e-05,-0.000938484958287705,0.00011313863270496742,0.002681385595107728,7.354011125822882e-05,0.0017429006368200228
-3.926704503183657e-05,-0.0009345556717577105,0.00011219155723381876,0.002670159062164887,7.29245122019822e-05,0.0017356033904071765
-3.893971100271813e-05,-0.0009306590929649635,0.00011125631715062321,0.0026590259798998954,7.231660614790508e-05,0.0017283668869349318
-3.86164506635448e-05,-0.0009267948159250752,0.00011033271618155656,0.0026479851883573573,7.171626551801175e-05,0.0017211903724322821
-3.8297196735816416e-05,-0.0009229624413331757,0.0001094205621023326,0.0026370355466662156,7.112336536651618e-05,0.00171407310533304
-3.798188332344427e-05,-0.0009191615764273514,0.00010851966663841219,0.0026261759326495753,7.053778331496792e-05,0.0017070143562222238
-3.767044587882355e-05,-0.0009153918348554124,0.00010762984536806726,0.0026154052424440352,6.995939948924371e-05,0.0017000134075886228
-3.73628211698728e-05,-0.0009116528365448966,0.00010675091762820798,0.002604722390128275,6.938809645833517e-05,0.0016930695535833785
-3.70589472480089e-05,-0.0009079442075762181,0.00010588270642288255,0.0025941263073606226,6.882375917487366e-05,0.0016861820997844045
-3.675876341702743e-05,-0.0009042655800588749,0.00010502503833436408,0.0025836159430253566,6.826627491733664e-05,0.0016793503629664818
-3.6462210202859395e-05,-0.0009006165920106271,0.0001041777434367411,0.0025731902628875055,6.77155332338817e-05,0.0016725736708768785
-3.616922932417594e-05,-0.0008969968872395635,0.00010334065521193123,0.002562848249255895,6.717142588775529e-05,0.0016658513620163315
-3.5879763663814334e-05,-0.0008934061152289771,0.00010251361046804093,0.0025525889006542198,6.663384680422659e-05,0.0016591827854252426
-3.5593757240998966e-05,-0.000889843931024974,0.00010169644925999703,0.002542411231499925,6.610269201899805e-05,0.001652567300474951
-3.531115518433202e-05,-0.0008863099951267338,0.00010088901481237718,0.002532314271790667,6.557785962804516e-05,0.0016460042766639335
-3.503190370553007e-05,-0.000882803973379358,0.0001000911534443716,0.002522297066798165,6.505924973884153e-05,0.0016394930934188069
-3.475595007388252e-05,-0.0008793255368692278,9.930271449680717e-05,0.002512358676769222,6.454676442292466e-05,0.0016330331398999942
-3.448324259140978e-05,-0.0008758743618218085,9.852355026117077e-05,0.002502498176633738,6.4040307669761e-05,0.0016266238148119295
-3.42137305686992e-05,-0.0008724501295018295,9.775351591056912e-05,0.0024927146557195126,6.353978534186992e-05,0.001620264526217683
-3.394736430139763e-05,-0.0008690525261157792,9.699246943256463e-05,0.0024830072174736547,6.3045105131167e-05,0.0016139546913578754
-3.368409504734062e-05,-0.000865681242716654,9.624027156383033e-05,0.0024733749791904396,6.25561765164897e-05,0.0016076937364737855
-3.3423875004298186e-05,-0.0008623359751108935,9.549678572656623e-05,0.002463817071745409,6.207291072226804e-05,0.0016014810966345156
-3.3166657288318636e-05,-0.0008590164237674528,9.476187796662465e-05,0.0024543326393355793,6.159522067830601e-05,0.0015953162155681266
-3.2912395912651925e-05,-0.00085572229372895,9.403541689329119e-05,0.0024449208392255707,6.112302098063927e-05,0.0015891985454966207
-3.266104576723494e-05,-0.000852453294524832,9.331727362067125e-05,0.0024355808414995195,6.0656227853436304e-05,0.0015831275469746875
-3.241256259872185e-05,-0.0008492091400865126,9.260732171063383e-05,0.0024263118288186066,6.019475911191198e-05,0.001577102688732094
-3.216690299104267e-05,-0.0008459895486644223,9.190543711726476e-05,0.002417112996184063,5.973853412622209e-05,0.001571123447519641
-3.1924024346474504e-05,-0.0008427942427469271,9.121149813278428e-05,0.0024079835507055053,5.9287473786309776e-05,0.0015651893079585782
-3.168388486720989e-05,-0.000839622948981062,9.052538533488537e-05,0.0023989227113744623,5.884150046767548e-05,0.0015592997623934002
-3.144644353740735e-05,-0.0008364753980950355,8.984698153544955e-05,0.002389929708842958,5.8400537998042204e-05,0.0015534543107479227
-3.121166010571005e-05,-0.0008333513248224584,8.917617173060013e-05,0.0023810037852070236,5.796451162489008e-05,0.0015476524603845652
-3.097949506821832e-05,-0.0008302504678282511,8.851284305205233e-05,0.0023721441937950027,5.753334798383401e-05,0.0015418937259667515
-3.0749909651902875e-05,-0.0008271725696361874,8.785688471972247e-05,0.0023633501989605353,5.7106975067819596e-05,0.001536177629324348
-3.052286579844569e-05,-0.0008241173765580336,8.720818799555908e-05,0.0023546210758800955,5.6685322197113394e-05,0.001530503699322062
-3.0298326148495872e-05,-0.0008210846386242382,8.656664613855962e-05,0.002345956110354966,5.626831999006375e-05,0.0015248714717307275
-3.007625402632869e-05,-0.0008180741095161405,8.59321543609391e-05,0.002337354598617544,5.585590033461041e-05,0.0015192804891014033
-2.9856613424895613e-05,-0.0008150855464996502,8.530460978541602e-05,0.0023288158471418577,5.54479963605204e-05,0.0015137303006422073
-2.963936899125431e-05,-0.0008121187103603683,8.468391140358374e-05,0.0023203391724581947,5.5044542412329424e-05,0.0015082204620978264
-2.9424486012367583e-05,-0.0008091733653401085,8.406996003533593e-05,0.002311923900971738,5.4645474022968355e-05,0.0015027505356316297
-2.9211930401260354e-05,-0.0008062492790747859,8.346265828931528e-05,0.002303569368785102,5.425072788805493e-05,0.001497320089710316
-2.9001668683524902e-05,-0.0008033462225336398,8.286191052435684e-05,0.0022952749215246846,5.386024184083194e-05,0.0014919286989910447
-2.879366798416384e-05,-0.0008004639699597548,8.226762281189666e-05,0.0022870399141707277,5.3473954827732825e-05,0.0014865759442109728
-2.8587896014761606e-05,-0.0007976022988118489,8.167970289931886e-05,0.0022788637108909966,5.3091806884557254e-05,0.0014812614120791477
-2.838432106097497e-05,-0.0007947609897072992,8.109806017421419e-05,0.002270745684877997,5.271373911323922e-05,0.0014759846951706978
-2.8182911970333474e-05,-0.0007919398263663706,8.052260562952419e-05,0.00226268521818963,5.233969365919072e-05,0.0014707453918232595
-2.798363814034129e-05,-0.0007891385955576245,7.995325182954653e-05,0.0022546817015932125,5.196961368920524e-05,0.001465543106035588
-2.7786469506871696e-05,-0.0007863570870444691,7.938991287677627e-05,0.0022467345344127686,5.160344336990457e-05,0.0014603774473682996
-2.759137653284628e-05,-0.0007835950935328346,7.883250437956079e-05,0.002238843124379527,5.1241127846714504e-05,0.0014552480308466925
-2.7398330197190717e-05,-0.0007808524106199355,7.82809434205449e-05,0.0022310068874855297,5.088261322335418e-05,0.0014501544768655943
-2.720730198405948e-05,-0.0007781288367441012,7.77351485258842e-05,0.0022232252478402883,5.052784654182473e-05,0.0014450964110961871
-2.7018263872322143e-05,-0.0007754241731356455,7.719503963520611e-05,0.0022154976375304155,5.0176775762883967e-05,0.00144007346439477
-2.683118832530387e-05,-0.0007727382237687515,7.666053807229675e-05,0.002207823496482147,4.982934974699288e-05,0.0014350852727133953
-2.664604828077318e-05,-0.0007700707953143452,7.613156651649479e-05,0.0022002022723267,4.948551823572161e-05,0.0014301314770123548
-2.646281714117025e-05,-0.0007674216970939373,7.560804897477213e-05,0.002192633420268392,4.9145231833601874e-05,0.0014252117231744548
-2.6281468764069012e-05,-0.0007647907410344083,7.508991075448288e-05,0.002185116402955452,4.880844199041387e-05,0.0014203256619210436
-2.6101977452866954e-05,-0.0007621777416237151,7.457707843676271e-05,0.0021776506903534716,4.8475100983895765e-05,0.0014154729487297565
-2.592431794769613e-05,-0.0007595825158674967,7.406947985056035e-05,0.0021702357596214187,4.8145161902864224e-05,0.001410653243753922
-2.5748465416549577e-05,-0.0007570048832465577,7.356704404728449e-05,0.0021628710949901644,4.7818578630734915e-05,0.0014058662117436066
-2.5574395446617332e-05,-0.0007544446656752113,7.30697012760495e-05,0.0021555561876434605,4.749530582943218e-05,0.0014011115219682492
-2.5402084035826246e-05,-0.000751901687460457,7.257738295950354e-05,0.002148290535601305,4.7175298923677296e-05,0.0013963888481408478
-2.523150758457841e-05,-0.0007493757752619788,7.209002167022401e-05,0.0021410736436056534,4.6858514085645606e-05,0.0013916978683436746
-2.5062642887682605e-05,-0.0007468667580529417,7.160755110766457e-05,0.002133905023008405,4.654490821998196e-05,0.0013870382649554631
-2.4895467126473832e-05,-0.0007443744670815678,7.11299060756395e-05,0.0021267841916616215,4.623443894916567e-05,0.0013824097245800538
-2.4729957861115816e-05,-0.0007418987358334745,7.065702246033089e-05,0.0021197106738099266,4.592706459921507e-05,0.0013778119379764522
-2.4566093023081718e-05,-0.0007394393999947597,7.01888372088049e-05,0.0021126839999850277,4.562274418572318e-05,0.001373244599990268
-2.4403850907808363e-05,-0.0007369962974158126,6.972528830802387e-05,0.0021057037069023214,4.532143740021551e-05,0.0013687074094865088
-2.4243210167519335e-05,-0.000734569268075836,6.926631476434095e-05,0.002098769337359531,4.502310459682161e-05,0.001364200069283695
-2.4084149804212616e-05,-0.0007321581540480637,6.88118565834646e-05,0.0020918804401373245,4.472770677925199e-05,0.0013597222860892608
-2.3926649162808433e-05,-0.0007297627994656571,6.836185475088122e-05,0.002085036569901877,4.443520558807279e-05,0.0013552737704362202
-2.377068792445309e-05,-0.0007273830504882646,6.79162512127231e-05,0.002078237287109327,4.414556328827001e-05,0.0013508542366210624
-2.361624609997493e-05,-0.0007250187552692305,6.747498885707122e-05,0.0020714821579120865,4.3858742757096285e-05,0.0013464634026428561
-2.3463304023488214e-05,-0.000722669763923437,6.703801149568059e-05,0.0020647707540669626,4.3574707472192374e-05,0.0013421009901435255
-2.3311842346141326e-05,-0.0007203359284957671,6.660526384611807e-05,0.0020581026528450484,4.329342149997674e-05,0.0013377667243492813
-2.3161842030005563e-05,-0.0007180171029301725,6.61766915143016e-05,0.0020514774369433495,4.3014849484296035e-05,0.001333460334013177
-2.3013284342100732e-05,-0.0007157131430393329,6.575224097743065e-05,0.0020448946943980935,4.273895663532992e-05,0.0013291815513587608
-2.28661508485544e-05,-0.0007134239064748972,6.533185956729827e-05,0.002038354018499706,4.246570871874387e-05,0.001324930112024809
-2.272042340889103e-05,-0.0007111492526982894,6.491549545397437e-05,0.0020318550077093977,4.219507204508334e-05,0.0013207057550111085
-2.2576084170447984e-05,-0.0007088890429520668,6.450309762985138e-05,0.0020253972655773335,4.192701345940339e-05,0.0013165082226252668
-2.243311556291503e-05,-0.0007066431402318233,6.409461589404292e-05,0.0020189804006623523,4.1661500331127894e-05,0.001312337260430529
-2.2291500292994268e-05,-0.0007044114092586189,6.369000083712647e-05,0.0020126040264531967,4.13985005441322e-05,0.0013081926171945777
-2.2151221339177593e-05,-0.0007021937164519297,6.328920382622167e-05,0.002006267761291227,4.113798248704408e-05,0.0013040740448392973
-2.2012261946638492e-05,-0.0006999899299031041,6.289217699039568e-05,0.0019999712282945826,4.087991504375719e-05,0.0012999812983914786
-2.1874605622235542e-05,-0.0006977999193493138,6.249887320638724e-05,0.0019937140552837534,4.06242675841517e-05,0.0012959141359344395
-2.1738236129624735e-05,-0.0006956235561479915,6.210924608464208e-05,0.0019874958747085466,4.0371009955017344e-05,0.001291872318560555
-2.16031374844779e-05,-0.0006934607132517407,6.172324995565113e-05,0.0019813163235764012,4.0120112471173226e-05,0.0012878556103246607
-2.1469293949804738e-05,-0.0006913112651837126,6.134083985658495e-05,0.001975175043382036,3.987154590678021e-05,0.0012838637781983232
-2.1336690031375718e-05,-0.0006891750880134357,6.096197151821632e-05,0.0019690716800383878,3.9625281486840606e-05,0.001279896592024952
-2.1205310473243504e-05,-0.0006870520593330895,6.058660135212428e-05,0.0019630058838088268,3.938129087888078e-05,0.0012759538244757373
-2.1075140253360464e-05,-0.0006849420582342152,6.0214686438172745e-05,0.001956977309240614,3.913954618481228e-05,0.0012720352510063987
-2.094616457928983e-05,-0.0006828449652848485,5.984618451225665e-05,0.001950985615099567,3.890001993296682e-05,0.0012681406498147184
-2.0818368884008398e-05,-0.0006807606625070747,5.94810539543097e-05,0.0019450304643059272,3.86626850703013e-05,0.0012642698017988525
-2.069173882179836e-05,-0.0006786890333549862,5.9119253776566724e-05,0.001939111523871389,3.8427514954768365e-05,0.0012604224905164029
-2.0566260264226236e-05,-0.0006766299626930432,5.8760743612074945e-05,0.0019332284648372663,3.8194483347848705e-05,0.0012565985021442232
-2.0441919296206744e-05,-0.0006745833367748225,5.8405483703447834e-05,0.0019273809622137783,3.796356440724109e-05,0.0012527976254389558
-2.0318702212149577e-05,-0.000672549043222151,5.805343489185593e-05,0.0019215686949204311,3.773473267970635e-05,0.00124901965169828
-2.0196595512187147e-05,-0.0006705269710046133,5.770455860624898e-05,0.0019157913457274662,3.7507963094061836e-05,0.0012452643747228528
-2.007558589848124e-05,-0.0006685170104194254,5.735881685280353e-05,0.001910048601198358,3.728323095432229e-05,0.0012415315907789324
-1.995566027160685e-05,-0.0006665190530716689,5.7016172204590984e-05,0.0019043401516333394,3.706051193298414e-05,0.0012378210985616706
-1.9836805727011218e-05,-0.0006645329918548759,5.6676587791460616e-05,0.0018986656910139307,3.68397820644494e-05,0.0012341326991590546
-1.9719009551546385e-05,-0.0006625587209319585,5.6340027290132515e-05,0.0018930249169484526,3.662101773858613e-05,0.0012304661960164942
-1.96022592200735e-05,-0.000660596135716477,5.60064549144957e-05,0.0018874175306185053,3.64041956944222e-05,0.0012268213949020283
-1.9486542392137188e-05,-0.000658645132854237,5.567583540610624e-05,0.001881843236726391,3.6189293013969054e-05,0.0012231981038721541
-1.937184690870827e-05,-0.0006567056102052105,5.5348134024880765e-05,0.0018763017434434584,3.5976287116172494e-05,0.001219596133238248
-1.925816078899339e-05,-0.0006547774668257752,5.50233165399811e-05,0.0018707927623593575,3.576515575098771e-05,0.0012160152955335824
-1.914547222730974e-05,-0.0006528606029512622,5.470134922088496e-05,0.0018653160084321774,3.555587699357522e-05,0.0012124554054809152
-1.9033769590023706e-05,-0.0006509549199788107,5.438219882863915e-05,0.001859871199939459,3.5348429238615444e-05,0.0012089162799606484
-1.8923041412551568e-05,-0.0006490603204505189,5.4065832607290186e-05,0.0018544580584300536,3.5142791194738614e-05,0.0012053977379795347
-1.8813276396421143e-05,-0.0006471767080368874,5.375221827548897e-05,0.0018490763086768207,3.4938941879067825e-05,0.0012018996006399334
-1.870446340639274e-05,-0.0006453039875205496,5.344132401826496e-05,0.001843725678630141,3.473686061187223e-05,0.0011984216911095915
-1.859659146763817e-05,-0.0006434420647802807,5.313311847896619e-05,0.0018384058993722303,3.453652701132802e-05,0.0011949638345919496
-1.84896497629765e-05,-0.0006415908467752846,5.2827570751361416e-05,0.0018331167050722413,3.4337920988384914e-05,0.0011915258582969566
-1.8383627630165132e-05,-0.0006397502415297467,5.252465037190037e-05,0.0018278578329421332,3.4141022741735236e-05,0.0011881075914123864
-1.827851455924508e-05,-0.0006379201581176533,5.222432731212879e-05,0.001822629023193295,3.394581275288371e-05,0.0011847088650756418
