7.065702246033089e-05,0.0021197106738099266,-7.065702246033089e-05,0.0021197106738099266,  0.0,0.004239421347619853
7.112990607563954e-05,0.002126784191661622,-7.112990607563954e-05,0.002126784191661622,  0.0,0.004253568383323244
7.16075511076646e-05,0.002133905023008405,-7.16075511076646e-05,0.002133905023008405,  0.0,0.00426781004601681
7.209002167022403e-05,0.002141073643605654,-7.209002167022403e-05,0.002141073643605654,  0.0,0.004282147287211308
7.257738295950354e-05,0.002148290535601305,-7.257738295950354e-05,0.002148290535601305,  0.0,0.00429658107120261
7.30697012760495e-05,0.0021555561876434605,-7.30697012760495e-05,0.0021555561876434605,  0.0,0.004311112375286921
7.356704404728453e-05,0.0021628710949901653,-7.356704404728453e-05,0.0021628710949901653,  0.0,0.0043257421899803306
7.406947985056037e-05,0.002170235759621419,-7.406947985056037e-05,0.002170235759621419,  0.0,0.004340471519242838
7.457707843676273e-05,0.0021776506903534716,-7.457707843676273e-05,0.0021776506903534716,  0.0,0.004355301380706943
7.508991075448288e-05,0.002185116402955452,-7.508991075448288e-05,0.002185116402955452,  0.0,0.004370232805910904
7.560804897477213e-05,0.002192633420268392,-7.560804897477213e-05,0.002192633420268392,  0.0,0.004385266840536784
7.613156651649483e-05,0.0022002022723267003,-7.613156651649483e-05,0.0022002022723267003,  0.0,0.004400404544653401
7.666053807229678e-05,0.0022078234964821473,-7.666053807229678e-05,0.0022078234964821473,  0.0,0.004415646992964295
7.719503963520612e-05,0.002215497637530416,-7.719503963520612e-05,0.002215497637530416,  0.0,0.004430995275060832
7.77351485258842e-05,0.0022232252478402883,-7.77351485258842e-05,0.0022232252478402883,  0.0,0.004446450495680577
7.82809434205449e-05,0.0022310068874855297,-7.82809434205449e-05,0.0022310068874855297,  0.0,0.0044620137749710595
7.883250437956083e-05,0.0022388431243795274,-7.883250437956083e-05,0.0022388431243795274,  0.0,0.004477686248759055
7.938991287677628e-05,0.002246734534412769,-7.938991287677628e-05,0.002246734534412769,  0.0,0.004493469068825538
7.995325182954654e-05,0.0022546817015932125,-7.995325182954654e-05,0.0022546817015932125,  0.0,0.004509363403186425
8.052260562952419e-05,0.00226268521818963,-8.052260562952419e-05,0.00226268521818963,  0.0,0.00452537043637926
8.109806017421419e-05,0.002270745684877997,-8.109806017421419e-05,0.002270745684877997,  0.0,0.004541491369755994
8.16797028993189e-05,0.002278863710890997,-8.16797028993189e-05,0.002278863710890997,  0.0,0.004557727421781994
8.226762281189669e-05,0.002287039914170728,-8.226762281189669e-05,0.002287039914170728,  0.0,0.004574079828341456
8.286191052435687e-05,0.002295274921524685,-8.286191052435687e-05,0.002295274921524685,  0.0,0.00459054984304937
8.346265828931528e-05,0.002303569368785102,-8.346265828931528e-05,0.002303569368785102,  0.0,0.004607138737570204
8.406996003533593e-05,0.002311923900971738,-8.406996003533593e-05,0.002311923900971738,  0.0,0.004623847801943476
8.468391140358379e-05,0.0023203391724581955,-8.468391140358379e-05,0.0023203391724581955,  0.0,0.004640678344916391
8.530460978541603e-05,0.0023288158471418577,-8.530460978541603e-05,0.0023288158471418577,  0.0,0.004657631694283715
8.593215436093913e-05,0.0023373545986175442,-8.593215436093913e-05,0.0023373545986175442,  0.0,0.0046747091972350885
8.656664613855962e-05,0.002345956110354966,-8.656664613855962e-05,0.002345956110354966,  0.0,0.004691912220709932
8.720818799555908e-05,0.0023546210758800955,-8.720818799555908e-05,0.0023546210758800955,  0.0,0.004709242151760191
8.785688471972254e-05,0.002363350198960536,-8.785688471972254e-05,0.002363350198960536,  0.0,0.004726700397921072
8.851284305205236e-05,0.002372144193795003,-8.851284305205236e-05,0.002372144193795003,  0.0,0.004744288387590006
8.917617173060015e-05,0.0023810037852070236,-8.917617173060015e-05,0.0023810037852070236,  0.0,0.004762007570414047
8.984698153544955e-05,0.002389929708842958,-8.984698153544955e-05,0.002389929708842958,  0.0,0.004779859417685916
9.052538533488537e-05,0.0023989227113744623,-9.052538533488537e-05,0.0023989227113744623,  0.0,0.004797845422748925
9.121149813278432e-05,0.0024079835507055058,-9.121149813278432e-05,0.0024079835507055058,  0.0,0.0048159671014110115
9.190543711726477e-05,0.002417112996184063,-9.190543711726477e-05,0.002417112996184063,  0.0,0.004834225992368126
9.260732171063386e-05,0.002426311828818607,-9.260732171063386e-05,0.002426311828818607,  0.0,0.004852623657637214
9.331727362067125e-05,0.0024355808414995195,-9.331727362067125e-05,0.0024355808414995195,  0.0,0.004871161682999039
9.403541689329119e-05,0.0024449208392255707,-9.403541689329119e-05,0.0024449208392255707,  0.0,0.004889841678451141
9.47618779666247e-05,0.0024543326393355797,-9.47618779666247e-05,0.0024543326393355797,  0.0,0.0049086652786711595
9.549678572656627e-05,0.0024638170717454096,-9.549678572656627e-05,0.0024638170717454096,  0.0,0.004927634143490819
9.624027156383034e-05,0.0024733749791904396,-9.624027156383034e-05,0.0024733749791904396,  0.0,0.004946749958380879
9.699246943256463e-05,0.0024830072174736547,-9.699246943256463e-05,0.0024830072174736547,  0.0,0.0049660144349473094
9.775351591056912e-05,0.0024927146557195126,-9.775351591056912e-05,0.0024927146557195126,  0.0,0.004985429311439025
9.852355026117082e-05,0.0025024981766337386,-9.852355026117082e-05,0.0025024981766337386,  0.0,0.005004996353267477
9.930271449680721e-05,0.0025123586767692224,-9.930271449680721e-05,0.0025123586767692224,  0.0,0.005024717353538445
0.00010009115344437164,0.0025222970667981653,-0.00010009115344437164,0.0025222970667981653,  0.0,0.0050445941335963305
0.00010088901481237718,0.002532314271790667,-0.00010088901481237718,0.002532314271790667,  0.0,0.005064628543581334
0.00010169644925999703,0.002542411231499925,-0.00010169644925999703,0.002542411231499925,  0.0,0.00508482246299985
0.00010251361046804101,0.002552588900654221,-0.00010251361046804101,0.002552588900654221,  0.0,0.005105177801308442
0.00010334065521193126,0.002562848249255895,-0.00010334065521193126,0.002562848249255895,  0.0,0.00512569649851179
0.00010417774343674114,0.002573190262887506,-0.00010417774343674114,0.002573190262887506,  0.0,0.005146380525775012
0.00010502503833436408,0.0025836159430253566,-0.00010502503833436408,0.0025836159430253566,  0.0,0.005167231886050713
0.00010588270642288255,0.0025941263073606226,-0.00010588270642288255,0.0025941263073606226,  0.0,0.005188252614721245
0.00010675091762820804,0.002604722390128276,-0.00010675091762820804,0.002604722390128276,  0.0,0.005209444780256552
0.00010762984536806732,0.002615405242444036,-0.00010762984536806732,0.002615405242444036,  0.0,0.005230810484888072
0.0001085196666384122,0.0026261759326495753,-0.0001085196666384122,0.0026261759326495753,  0.0,0.005252351865299151
0.0001094205621023326,0.0026370355466662156,-0.0001094205621023326,0.0026370355466662156,  0.0,0.005274071093332431
0.00011033271618155656,0.0026479851883573573,-0.00011033271618155656,0.0026479851883573573,  0.0,0.005295970376714715
0.00011125631715062328,0.0026590259798998962,-0.00011125631715062328,0.0026590259798998962,  0.0,0.0053180519597997924
0.00011219155723381878,0.002670159062164887,-0.00011219155723381878,0.002670159062164887,  0.0,0.005340318124329774
0.00011313863270496747,0.002681385595107729,-0.00011313863270496747,0.002681385595107729,  0.0,0.005362771190215458
0.00011409774399017516,0.002692706758168134,-0.00011409774399017516,0.002692706758168134,  0.0,0.005385413516336268
0.00011506909577362519,0.0027041237506801917,-0.00011506909577362519,0.0027041237506801917,  0.0,0.0054082475013603835
0.00011605289710653009,0.0027156377922928038,-0.00011605289710653009,0.0027156377922928038,  0.0,0.0054312755845856075
0.00011704936151934792,0.0027272501234008066,-0.00011704936151934792,0.0027272501234008066,  0.0,0.005454500246801613
0.00011805870713737508,0.0027389620055871017,-0.00011805870713737508,0.0027389620055871017,  0.0,0.005477924011174203
0.0001190811567998319,0.002750774722076117,-0.0001190811567998319,0.002750774722076117,  0.0,0.005501549444152234
0.00012011693818256252,0.002762689578198938,-0.00012011693818256252,0.002762689578198938,  0.0,0.005525379156397876
0.00012116628392447448,0.0027747079018704654,-0.00012116628392447448,0.0027747079018704654,  0.0,0.005549415803740931
0.0001222294317578491,0.0027868310440789597,-0.0001222294317578491,0.0027868310440789597,  0.0,0.005573662088157919
0.00012330662464265845,0.002799060379388347,-0.00012330662464265845,0.002799060379388347,  0.0,0.005598120758776694
0.00012439811090502996,0.0028113973064536773,-0.00012439811090502996,0.0028113973064536773,  0.0,0.005622794612907355
0.00012550414438000618,0.002823843248550139,-0.00012550414438000618,0.002823843248550139,  0.0,0.005647686497100278
0.00012662498455875198,0.0028363996541160437,-0.00012662498455875198,0.0028363996541160437,  0.0,0.0056727993082320875
0.00012776089674036833,0.002849067997310214,-0.00012776089674036833,0.002849067997310214,  0.0,0.005698135994620428
0.00012891215218847833,0.002861849778584219,-0.00012891215218847833,0.002861849778584219,  0.0,0.005723699557168438
0.00013007902829275685,0.002874746525269926,-0.00013007902829275685,0.002874746525269926,  0.0,0.005749493050539852
0.0001312618087355838,0.0028877597921828434,-0.0001312618087355838,0.0028877597921828434,  0.0,0.005775519584365687
0.00013246078366400645,0.0029008911622417414,-0.00013246078366400645,0.0029008911622417414,  0.0,0.005801782324483483
0.00013367624986720592,0.0029141422471050888,-0.00013367624986720592,0.0029141422471050888,  0.0,0.0058282844942101775
0.00013490851095966885,0.0029275146878248145,-0.00013490851095966885,0.0029275146878248145,  0.0,0.005855029375649629
0.00013615787757027576,0.0029410101555179566,-0.00013615787757027576,0.0029410101555179566,  0.0,0.005882020311035913
0.0001374246675375243,0.0029546303520567724,-0.0001374246675375243,0.0029546303520567724,  0.0,0.005909260704113545
0.00013870920611111674,0.002968377010777898,-0.00013870920611111674,0.002968377010777898,  0.0,0.005936754021555796
0.000140011826160149,0.0029822518972111734,-0.000140011826160149,0.0029822518972111734,  0.0,0.005964503794422347
0.00014133286838814967,0.0029962568098287727,-0.00014133286838814967,0.0029962568098287727,  0.0,0.005992513619657545
0.00014267268155522764,0.0030103935808153035,-0.00014267268155522764,0.0030103935808153035,  0.0,0.006020787161630607
0.0001440316227075976,0.0030246640768595494,-0.0001440316227075976,0.0030246640768595494,  0.0,0.006049328153719099
0.00014541005741476473,0.0030390701999685825,-0.00014541005741476473,0.0030390701999685825,  0.0,0.006078140399937165
0.0001468083600146623,0.003053613888304975,-0.0001468083600146623,0.003053613888304975,  0.0,0.00610722777660995
0.0001482269138670473,0.003068297117047879,-0.0001482269138670473,0.003068297117047879,  0.0,0.006136594234095758
0.00014966611161547426,0.00308312189927877,-0.00014966611161547426,0.00308312189927877,  0.0,0.00616624379855754
0.00015112635545817956,0.0030980902868926806,-0.00015112635545817956,0.0030980902868926806,  0.0,0.006196180573785361
0.00015260805742822452,0.00311320437153578,-0.00015260805742822452,0.00311320437153578,  0.0,0.00622640874307156
0.0001541116396832607,0.0031284662855701915,-0.0001541116396832607,0.0031284662855701915,  0.0,0.006256932571140383
0.00015563753480529567,0.003143878203066972,-0.00015563753480529567,0.003143878203066972,  0.0,0.006287756406133944
0.00015718618611085684,0.0031594423408282226,-0.00015718618611085684,0.0031594423408282226,  0.0,0.006318884681656445
0.00015875804797196543,0.0031751609594393086,-0.00015875804797196543,0.0031751609594393086,  0.0,0.006350321918878617
0.00016035358614835431,0.0031910363643522506,-0.00016035358614835431,0.0031910363643522506,  0.0,0.006382072728704501
0.0001619732781313814,0.0032070709070013514,-0.0001619732781313814,0.0032070709070013514,  0.0,0.006414141814002703
0.00016361761350011086,0.0032232669859521843,-0.00016361761350011086,0.0032232669859521843,  0.0,0.006446533971904369
0.00016528709429005639,0.0032396270480851055,-0.00016528709429005639,0.0032396270480851055,  0.0,0.006479254096170211
0.00016698223537510331,0.0032561535898145144,-0.00016698223537510331,0.0032561535898145144,  0.0,0.006512307179629029
0.00016870356486314964,0.0032728491583451026,-0.00016870356486314964,0.0032728491583451026,  0.0,0.006545698316690205
0.0001704516245060327,0.0032897163529664306,-0.0001704516245060327,0.0032897163529664306,  0.0,0.006579432705932861
0.00017222697012433215,0.003306757826387177,-0.00017222697012433215,0.003306757826387177,  0.0,0.006613515652774354
0.0001740301720476699,0.0033239762861104957,-0.0001740301720476699,0.0033239762861104957,  0.0,0.0066479525722209915
0.00017586181557115507,0.0033413744958519466,-0.00017586181557115507,0.0033413744958519466,  0.0,0.006682748991703893
0.000177722501428654,0.0033589552770015604,-0.000177722501428654,0.0033589552770015604,  0.0,0.006717910554003121
0.0001796128462835971,0.0033767215101316245,-0.0001796128462835971,0.0033767215101316245,  0.0,0.006753443020263249
0.00018153348323806818,0.0033946761365518754,-0.00018153348323806818,0.0033946761365518754,  0.0,0.006789352273103751
0.0001834850623609584,0.003412822159913827,-0.0001834850623609584,0.003412822159913827,  0.0,0.006825644319827654
0.0001854682512360033,0.003431162647866061,-0.0001854682512360033,0.003431162647866061,  0.0,0.006862325295732122
0.00018748373553056352,0.0034497007337623686,-0.00018748373553056352,0.0034497007337623686,  0.0,0.006899401467524737
0.00018953221958604947,0.003468439618424705,-0.00018953221958604947,0.003468439618424705,  0.0,0.00693687923684941
0.0001916144270309359,0.003487382571963033,-0.0001916144270309359,0.003487382571963033,  0.0,0.006974765143926066
0.00019373110141735834,0.003506532935654186,-0.00019373110141735834,0.003506532935654186,  0.0,0.007013065871308372
0.00019588300688233272,0.003525894123881989,-0.00019588300688233272,0.003525894123881989,  0.0,0.007051788247763978
0.00019807092883469132,0.0035454696261409744,-0.00019807092883469132,0.0035454696261409744,  0.0,0.007090939252281949
0.0002002956746688842,0.0035652630091061377,-0.0002002956746688842,0.0035652630091061377,  0.0,0.007130526018212275
0.0002025580745068508,0.0035852779187712596,-0.0002025580745068508,0.0035852779187712596,  0.0,0.007170555837542519
0.00020485898196923068,0.00360551808265846,-0.00020485898196923068,0.00360551808265846,  0.0,0.00721103616531692
0.00020719927497724373,0.003625987312101765,-0.00020719927497724373,0.003625987312101765,  0.0,0.00725197462420353
0.00020957985658664127,0.003646689504607558,-0.00020957985658664127,0.003646689504607558,  0.0,0.007293379009215116
0.0002120016558552005,0.0036676286462949677,-0.0002120016558552005,0.0036676286462949677,  0.0,0.007335257292589935
0.00021446562874531108,0.00368880881441935,-0.00021446562874531108,0.00368880881441935,  0.0,0.0073776176288387
0.0002169727590632839,0.0037102341799821552,-0.0002169727590632839,0.0037102341799821552,  0.0,0.0074204683599643105
0.00021952405943709703,0.0037319090104306492,-0.00021952405943709703,0.0037319090104306492,  0.0,0.0074638180208612985
0.0002221205723343852,0.0037538376724511094,-0.0002221205723343852,0.0037538376724511094,  0.0,0.007507675344902219
0.00022476337112257506,0.003776024634859261,-0.00022476337112257506,0.003776024634859261,  0.0,0.007552049269718522
0.00022745356117316853,0.0037984744715919144,-0.00022745356117316853,0.0037984744715919144,  0.0,0.007596948943183829
0.0002301922810122871,0.003821191864803966,-0.0002301922810122871,0.003821191864803966,  0.0,0.007642383729607932
0.0002329807035197004,0.0038441816080750564,-0.0002329807035197004,0.0038441816080750564,  0.0,0.007688363216150113
0.00023582003717868624,0.0038674486097304544,-0.00023582003717868624,0.0038674486097304544,  0.0,0.007734897219460909
0.00023871152737919743,0.0038909978962809173,-0.00023871152737919743,0.0038909978962809173,  0.0,0.007781995792561835
0.00024165645777694404,0.0039148346159864926,-0.00024165645777694404,0.0039148346159864926,  0.0,0.007829669231972985
0.0002446561517111492,0.003938964042549503,-0.0002446561517111492,0.003938964042549503,  0.0,0.007877928085099005
0.0002477119736838838,0.003963391578942141,-0.0002477119736838838,0.003963391578942141,  0.0,0.007926783157884282
0.0002508253309040548,0.003988122761374471,-0.0002508253309040548,0.003988122761374471,  0.0,0.007976245522748941
0.0002539976748992904,0.004013163263408788,-0.0002539976748992904,0.004013163263408788,  0.0,0.008026326526817576
0.00025723050319915205,0.004038518900226687,-0.00025723050319915205,0.004038518900226687,  0.0,0.008077037800453374
0.00026052536109329736,0.004064195633055438,-0.00026052536109329736,0.004064195633055438,  0.0,0.008128391266110877
0.0002638838434684275,0.004090199573760626,-0.0002638838434684275,0.004090199573760626,  0.0,0.008180399147521252
0.0002673075967280742,0.004116536989612342,-0.0002673075967280742,0.004116536989612342,  0.0,0.008233073979224684
0.0002707983207995157,0.00414321430823259,-0.0002707983207995157,0.00414321430823259,  0.0,0.00828642861646518
0.0002743577712323657,0.004170238122731959,-0.0002743577712323657,0.004170238122731959,  0.0,0.008340476245463918
0.0002779877613936428,0.004197615197044006,-0.0002779877613936428,0.004197615197044006,  0.0,0.008395230394088012
0.00028169016476441654,0.004225352471466248,-0.00028169016476441654,0.004225352471466248,  0.0,0.008450704942932496
0.0002854669173434292,0.0042534570684170945,-0.0002854669173434292,0.0042534570684170945,  0.0,0.008506914136834189
0.00028932002016341643,0.0042819362984185625,-0.00028932002016341643,0.0042819362984185625,  0.0,0.008563872596837125
0.0002932515419261972,0.0043107976663150985,-0.0002932515419261972,0.0043107976663150985,  0.0,0.008621595332630197
0.00029726362176297225,0.004340048877739395,-0.00029726362176297225,0.004340048877739395,  0.0,0.00868009775547879
0.0003013584721266657,0.004369697845836653,-0.0003013584721266657,0.004369697845836653,  0.0,0.008739395691673306
0.0003055383818235657,0.004399752698259346,-0.0003055383818235657,0.004399752698259346,  0.0,0.008799505396518692
0.0003098057191919711,0.004430221784445187,-0.0003098057191919711,0.004430221784445187,  0.0,0.008860443568890373
0.00031416293543603505,0.004461113683191697,-0.00031416293543603505,0.004461113683191697,  0.0,0.008922227366383394
0.000318612568123508,0.004492437210541463,-0.000318612568123508,0.004492437210541463,  0.0,0.008984874421082926
0.0003231572448566403,0.004524201427992963,-0.0003231572448566403,0.004524201427992963,  0.0,0.009048402855985927
0.0003277996871260911,0.004556415651052666,-0.0003277996871260911,0.004556415651052666,  0.0,0.009112831302105332
0.000332542714358327,0.004589089458144913,-0.000332542714358327,0.004589089458144913,  0.0,0.009178178916289826
0.0003373892481676726,0.004622232699897115,-0.0003373892481676726,0.004622232699897115,  0.0,0.00924446539979423
0.00034234231682489866,0.004655855508818621,-0.00034234231682489866,0.004655855508818621,  0.0,0.009311711017637243
0.0003474050599550239,0.004689968309392823,-0.0003474050599550239,0.004689968309392823,  0.0,0.009379936618785646
0.0003525807334778364,0.004724581828603008,-0.0003525807334778364,0.004724581828603008,  0.0,0.009449163657206015
0.0003578727148055435,0.004759707106913729,-0.0003578727148055435,0.004759707106913729,  0.0,0.009519414213827458
0.00036328450831293164,0.004795355509730697,-0.00036328450831293164,0.004795355509730697,  0.0,0.009590711019461394
0.0003688197510964495,0.004831538739363488,-0.0003688197510964495,0.004831538739363488,  0.0,0.009663077478726976
0.0003744822190397537,0.004868268847516798,-0.0003744822190397537,0.004868268847516798,  0.0,0.009736537695033597
0.000380275833204457,0.004905558248337495,-0.000380275833204457,0.004905558248337495,  0.0,0.00981111649667499
0.00038620466656611336,0.004943419732046251,-0.00038620466656611336,0.004943419732046251,  0.0,0.009886839464092502
0.00039227295111687806,0.004981866479184351,-0.00039227295111687806,0.004981866479184351,  0.0,0.009963732958368702
0.0003984850853577752,0.005020912075507967,-0.0003984850853577752,0.005020912075507967,  0.0,0.010041824151015934
0.0004048456422051392,0.005060570527564239,-0.0004048456422051392,0.005060570527564239,  0.0,0.010121141055128478
0.00041135937733754297,0.0051008562789855326,-0.00041135937733754297,0.0051008562789855326,  0.0,0.010201712557971065
0.0004180312380114133,0.005141784227540384,-0.0004180312380114133,0.005141784227540384,  0.0,0.010283568455080768
0.00042486637237558824,0.005183369742982176,-0.00042486637237558824,0.005183369742982176,  0.0,0.010366739485964352
0.0004318701393172659,0.0052256286857389166,-0.0004318701393172659,0.0052256286857389166,  0.0,0.010451257371477833
0.00043904811887419406,0.005268577426490328,-0.00043904811887419406,0.005268577426490328,  0.0,0.010537154852980657
0.0004464061232505305,0.005312232866681312,-0.0004464061232505305,0.005312232866681312,  0.0,0.010624465733362624
0.0004539502084765982,0.0053566124600238595,-0.0004539502084765982,0.0053566124600238595,  0.0,0.010713224920047719
0.00046168668675580635,0.005401734235042934,-0.00046168668675580635,0.005401734235042934,  0.0,0.010803468470085868
0.00046962213954528,0.005447616818725247,-0.00046962213954528,0.005447616818725247,  0.0,0.010895233637450494
0.0004777634314203237,0.005494279461333723,-0.0004777634314203237,0.005494279461333723,  0.0,0.010988558922667447
0.00048611772477671157,0.005541742062454511,-0.00048611772477671157,0.005541742062454511,  0.0,0.011083484124909022
0.000494692495429001,0.005590025198347712,-0.000494692495429001,0.005590025198347712,  0.0,0.011180050396695423
0.0005034955491676538,0.005639150150677722,-0.0005034955491676538,0.005639150150677722,  0.0,0.011278300301355444
0.0005125350393427112,0.0056891389367040935,-0.0005125350393427112,0.0056891389367040935,  0.0,0.011378277873408187
0.0005218194855471978,0.005740014341019176,-0.0005218194855471978,0.005740014341019176,  0.0,0.011480028682038353
0.0005313577934793268,0.005791799948924661,-0.0005313577934793268,0.005791799948924661,  0.0,0.011583599897849323
0.0005411592760690085,0.005844520181545291,-0.0005411592760690085,0.005844520181545291,  0.0,0.011689040363090581
0.0005512336759611927,0.005898200332784761,-0.0005512336759611927,0.005898200332784761,  0.0,0.011796400665569522
0.0005615911894562293,0.00595286660823603,-0.0005615911894562293,0.00595286660823603,  0.0,0.01190573321647206
0.0005722424920158035,0.006008546166165937,-0.0005722424920158035,0.006008546166165937,  0.0,0.012017092332331874
0.0005831987654521634,0.006065267160702498,-0.0005831987654521634,0.006065267160702498,  0.0,0.012130534321404996
0.0005944717269283609,0.006123058787362115,-0.0005944717269283609,0.006123058787362115,  0.0,0.01224611757472423
0.0006060736599082078,0.006181951331063719,-0.0006060736599082078,0.006181951331063719,  0.0,0.012363902662127437
0.0006180174472066611,0.006241976216787275,-0.0006180174472066611,0.006241976216787275,  0.0,0.01248395243357455
0.000630316606304536,0.00630316606304536,-0.000630316606304536,0.00630316606304536,  0.0,0.01260633212609072
0.0006429853271059302,0.0063655547383487075,-0.0006429853271059302,0.0063655547383487075,  0.0,0.012731109476697415
0.0006560385123326274,0.0064291774208597476,-0.0006560385123326274,0.0064291774208597476,  0.0,0.012858354841719495
0.0006694918207672536,0.0064940706614423594,-0.0006694918207672536,0.0064940706614423594,  0.0,0.012988141322884719
0.0006833617135761933,0.006560272450331454,-0.0006833617135761933,0.006560272450331454,  0.0,0.013120544900662908
0.0006976655039644727,0.006627822287662491,-0.0006976655039644727,0.006627822287662491,  0.0,0.013255644575324983
0.0007124214104382067,0.006696761258119142,-0.0007124214104382067,0.006696761258119142,  0.0,0.013393522516238284
0.0007276486139759763,0.006767132109976578,-0.0007276486139759763,0.006767132109976578,  0.0,0.013534264219953155
0.0007433673194390256,0.006838979338839034,-0.0007433673194390256,0.006838979338839034,  0.0,0.013677958677678069
0.0007595988215816509,0.006912349276393022,-0.0007595988215816509,0.006912349276393022,  0.0,0.013824698552786044
0.000776365576058026,0.0069872901845222345,-0.000776365576058026,0.0069872901845222345,  0.0,0.013974580369044469
0.0007936912758603435,0.0070638523551570555,-0.0007936912758603435,0.0070638523551570555,  0.0,0.014127704710314111
0.0008116009336659634,0.007142088216260476,-0.0008116009336659634,0.007142088216260476,  0.0,0.014284176432520952
0.000830120970618831,0.00722205244438383,-0.000830120970618831,0.00722205244438383,  0.0,0.01444410488876766
0.0008492793121232413,0.007303802084259872,-0.0008492793121232413,0.007303802084259872,  0.0,0.014607604168519745
0.0008691054912868005,0.007387396675937804,-0.0008691054912868005,0.007387396675937804,  0.0,0.014774793351875608
0.0008896307607148988,0.007472898390005149,-0.0008896307607148988,0.007472898390005149,  0.0,0.014945796780010298
0.0009108882134319384,0.007560372171485086,-0.0009108882134319384,0.007560372171485086,  0.0,0.015120744342970172
0.0009329129137860219,0.00764988589304538,-0.0009329129137860219,0.00764988589304538,  0.0,0.01529977178609076
0.0009557420392847644,0.00774151051820659,-0.0009557420392847644,0.00774151051820659,  0.0,0.01548302103641318
0.0009794150344116636,0.007835320275293309,-0.0009794150344116636,0.007835320275293309,  0.0,0.015670640550586618
0.0010039737775864716,0.007931392842933125,-0.0010039737775864716,0.007931392842933125,  0.0,0.01586278568586625
0.0010294627625607726,0.008029809547974024,-0.0010294627625607726,0.008029809547974024,  0.0,0.01605961909594805
0.0010559292956834989,0.00813065557676294,-0.0010559292956834989,0.00813065557676294,  0.0,0.01626131115352588
0.0010834237106323718,0.008234020200806024,-0.0010834237106323718,0.008234020200806024,  0.0,0.01646804040161205
0.0011119996023887884,0.008339997017915914,-0.0011119996023887884,0.008339997017915914,  0.0,0.016679994035831827
0.0011417140824382741,0.008448684210043226,-0.0011417140824382741,0.008448684210043226,  0.0,0.01689736842008645
0.0011726280574094342,0.008560184819088868,-0.0011726280574094342,0.008560184819088868,  0.0,0.017120369638177736
0.001204806533625249,0.008674607042101792,-0.001204806533625249,0.008674607042101792,  0.0,0.017349214084203583
0.0012383189503356968,0.008792064547383445,-0.0012383189503356968,0.008792064547383445,  0.0,0.01758412909476689
0.0012732395447351628,0.008912676813146139,-0.0012732395447351628,0.008912676813146139,  0.0,0.017825353626292277
0.0013096477522476478,0.009036569490508769,-0.0013096477522476478,0.009036569490508769,  0.0,0.018073138981017537
0.0013476286459940345,0.009163874792759432,-0.0013476286459940345,0.009163874792759432,  0.0,0.018327749585518863
0.0013872734198465493,0.00929473191297188,-0.0013872734198465493,0.00929473191297188,  0.0,0.01858946382594376
0.0014286799200349679,0.009429287472230785,-0.0014286799200349679,0.009429287472230785,  0.0,0.01885857494446157
0.0014719532309077025,0.009567696000900065,-0.0014719532309077025,0.009567696000900065,  0.0,0.01913539200180013
0.0015172063211810812,0.009710120455558918,-0.0015172063211810812,0.009710120455558918,  0.0,0.019420240911117836
0.0015645607578461094,0.009856732774430485,-0.0015645607578461094,0.009856732774430485,  0.0,0.01971346554886097
0.0016141474958610079,0.010007714474338248,-0.0016141474958610079,0.010007714474338248,  0.0,0.020015428948676497
0.0016661077528594133,0.010163257292442418,-0.0016661077528594133,0.010163257292442418,  0.0,0.020326514584884835
0.0017205939793718415,0.010323563876231049,-0.0017205939793718415,0.010323563876231049,  0.0,0.020647127752462097
0.0017777709365193568,0.010488848525464204,-0.0017777709365193568,0.010488848525464204,  0.0,0.020977697050928407
0.0018378168948255831,0.010659337989988377,-0.0018378168948255831,0.010659337989988377,  0.0,0.021318675979976755
0.0019009249697449432,0.010835272327546174,-0.0019009249697449432,0.010835272327546174,  0.0,0.02167054465509235
0.0019673046117663225,0.0110169058258914,-0.0019673046117663225,0.0110169058258914,  0.0,0.0220338116517828
0.0020371832715762603,0.011204507993669432,-0.0020371832715762603,0.011204507993669432,  0.0,0.022409015987338864
0.0021108082638182416,0.011398364624618502,-0.0021108082638182416,0.011398364624618502,  0.0,0.022796729249237004
0.00218844885654033,0.011598778939663743,-0.00218844885654033,0.011598778939663743,  0.0,0.023197557879327486
0.0022703986175734007,0.011806072811381681,-0.0022703986175734007,0.011806072811381681,  0.0,0.023612145622763363
0.0023569780539340313,0.012020588075063555,-0.0023569780539340313,0.012020588075063555,  0.0,0.02404117615012711
0.002448537586029159,0.012242687930145796,-0.002448537586029159,0.012242687930145796,  0.0,0.02448537586029159
0.0025454609051082833,0.012472758435030585,-0.0025454609051082833,0.012472758435030585,  0.0,0.02494551687006117
0.0026481687702478453,0.01271121009718965,-0.0026481687702478453,0.01271121009718965,  0.0,0.0254224201943793
0.002757123310383636,0.012958479558803086,-0.002757123310383636,0.012958479558803086,  0.0,0.02591695911760617
0.0028728329077959474,0.013215031375861353,-0.0028728329077959474,0.013215031375861353,  0.0,0.026430062751722706
0.0029958577523180297,0.013481359885431135,-0.0029958577523180297,0.013481359885431135,  0.0,0.02696271977086227
0.003126816170764154,0.013757991151362272,-0.003126816170764154,0.013757991151362272,  0.0,0.027515982302724545
0.0032663918541179175,0.014045484972707035,-0.0032663918541179175,0.014045484972707035,  0.0,0.02809096994541407
0.0034153421264355235,0.014344436931029197,-0.0034153421264355235,0.014344436931029197,  0.0,0.028688873862058394
0.00357450742486009,0.014655480441926362,-0.00357450742486009,0.014655480441926362,  0.0,0.029310960883852724
0.0037448221903975372,0.014979288761590149,-0.0037448221903975372,0.014979288761590149,  0.0,0.029958577523180298
0.0039273274051053785,0.01531657687991097,-0.0039273274051053785,0.01531657687991097,  0.0,0.03063315375982194
0.004123185054194185,0.015668103205937894,-0.004123185054194185,0.015668103205937894,  0.0,0.03133620641187579
0.004333694842529487,0.016034670917359096,-0.004333694842529487,0.016034670917359096,  0.0,0.03206934183471819
0.004560313555641705,0.01641712880031013,-0.004560313555641705,0.01641712880031013,  0.0,0.03283425760062026
0.0048046775273025005,0.016816371345558752,-0.0048046775273025005,0.016816371345558752,  0.0,0.033632742691117504
0.005068628760888391,0.017233337787020523,-0.005068628760888391,0.017233337787020523,  0.0,0.034466675574041046
0.005354245352124326,0.017669009662010262,-0.005354245352124326,0.017669009662010262,  0.0,0.035338019324020524
0.005663876978359268,0.018124406330749653,-0.005663876978359268,0.018124406330749653,  0.0,0.036248812661499305
0.0060001863559621315,0.018600577703482595,-0.0060001863559621315,0.018600577703482595,  0.0,0.03720115540696519
0.006366197723675813,0.01909859317102744,-0.006366197723675813,0.01909859317102744,  0.0,0.03819718634205488
0.006765353585202784,0.019619525397088063,-0.006765353585202784,0.019619525397088063,  0.0,0.039239050794176125
0.0072015811353798925,0.02016442717906368,-0.0072015811353798925,0.02016442717906368,  0.0,0.04032885435812736
0.007679369992371311,0.020734298979402536,-0.007679369992371311,0.020734298979402536,  0.0,0.04146859795880507
0.008203863045973998,0.021330043919532377,-0.008203863045973998,0.021330043919532377,  0.0,0.042660087839064754
0.00878096237748388,0.021952405943709702,-0.00878096237748388,0.021952405943709702,  0.0,0.043904811887419404
0.009417452253958312,0.022601885409499936,-0.009417452253958312,0.022601885409499936,  0.0,0.04520377081899987
0.010121141055128501,0.023278624426795524,-0.010121141055128501,0.023278624426795524,  0.0,0.04655724885359105
0.010901023499444891,0.023982251698778753,-0.010901023499444891,0.023982251698778753,  0.0,0.047964503397557506
0.011767463444872133,0.02471167323423145,-0.011767463444872133,0.02471167323423145,  0.0,0.0494233464684629
0.012732395447351627,0.025464790894703253,-0.012732395447351627,0.025464790894703253,  0.0,0.05092958178940651
0.013809539530750155,0.026238125108425277,-0.013809539530750155,0.026238125108425277,  0.0,0.05247625021685055
0.015014617272820352,0.02702631109107659,-0.015014617272820352,0.02702631109107659,  0.0,0.05405262218215318
0.016365546847495676,0.027821429640742638,-0.016365546847495676,0.027821429640742638,  0.0,0.055642859281485275
0.017882577875493893,0.028612124600790188,-0.017882577875493893,0.028612124600790188,  0.0,0.057224249201580375
0.019588300688233272,0.029382451032349908,-0.019588300688233272,0.029382451032349908,  0.0,0.058764902064699816
0.02150742474214805,0.030110394639007235,-0.02150742474214805,0.030110394639007235,  0.0,0.06022078927801447
0.02366616254154584,0.03076601130400953,-0.02366616254154584,0.03076601130400953,  0.0,0.06153202260801906
0.026090974277359905,0.03130916913283187,-0.026090974277359905,0.03130916913283187,  0.0,0.06261833826566374
0.028806324541519577,0.03168695699567147,-0.028806324541519577,0.03168695699567147,  0.0,0.06337391399134294
0.03183098861837907,0.03183098861837907,-0.03183098861837907,0.03183098861837907,  0.0,0.06366197723675814
0.03517236311423107,0.03165512680280791,-0.03517236311423107,0.03165512680280791,  0.0,0.06331025360561582
0.03881827880290141,0.031054623042321018,-0.03881827880290141,0.031054623042321018,  0.0,0.062109246084642036
0.04272615921930079,0.029908311453510524,-0.04272615921930079,0.029908311453510524,  0.0,0.05981662290702105
0.0468102773799693,0.028086166427981483,-0.0468102773799693,0.028086166427981483,  0.0,0.056172332855962966
0.05092958178940651,0.025464790894703253,-0.05092958178940651,0.025464790894703253,  0.0,0.05092958178940651
0.05488101485927431,0.021952405943709646,-0.05488101485927431,0.021952405943709646,  0.0,0.04390481188741929
0.05840548370344792,0.01752164511103421,-0.05840548370344792,0.01752164511103421,  0.0,0.03504329022206842
0.061213439650728986,0.012242687930145754,-0.061213439650728986,0.012242687930145754,  0.0,0.02448537586029151
0.06303166063045362,0.0063031660630452286,-0.06303166063045362,0.0063031660630452286,  0.0,0.012606332126090457
0.06366197723675814,  0.0,-0.06366197723675814,  0.0,  0.0,  0.0
0.06303166063045358,-0.006303166063045449,-0.06303166063045358,-0.006303166063045449,  0.0,-0.012606332126090898
0.06121343965072891,-0.012242687930145957,-0.06121343965072891,-0.012242687930145957,  0.0,-0.024485375860291914
0.0584054837034478,-0.017521645111034382,-0.0584054837034478,-0.017521645111034382,  0.0,-0.035043290222068764
0.05488101485927417,-0.021952405943709785,-0.05488101485927417,-0.021952405943709785,  0.0,-0.04390481188741957
0.05092958178940651,-0.025464790894703253,-0.05092958178940651,-0.025464790894703253,  0.0,-0.05092958178940651
0.04681027737996916,-0.02808616642798156,-0.04681027737996916,-0.02808616642798156,  0.0,-0.05617233285596312
0.04272615921930065,-0.029908311453510576,-0.04272615921930065,-0.029908311453510576,  0.0,-0.05981662290702115
0.03881827880290128,-0.031054623042321053,-0.03881827880290128,-0.031054623042321053,  0.0,-0.062109246084642106
0.03517236311423094,-0.03165512680280792,-0.03517236311423094,-0.03165512680280792,  0.0,-0.06331025360561585
0.03183098861837907,-0.03183098861837907,-0.03183098861837907,-0.03183098861837907,  0.0,-0.06366197723675814
0.02880632454151948,-0.031686956995671464,-0.02880632454151948,-0.031686956995671464,  0.0,-0.06337391399134293
0.026090974277359822,-0.031309169132831854,-0.026090974277359822,-0.031309169132831854,  0.0,-0.06261833826566371
0.023666162541545757,-0.030766011304009497,-0.023666162541545757,-0.030766011304009497,  0.0,-0.061532022608018995
0.021507424742147972,-0.03011039463900721,-0.021507424742147972,-0.03011039463900721,  0.0,-0.06022078927801442
0.019588300688233272,-0.029382451032349908,-0.019588300688233272,-0.029382451032349908,  0.0,-0.058764902064699816
0.017882577875493837,-0.028612124600790163,-0.017882577875493837,-0.028612124600790163,  0.0,-0.05722424920158033
0.016365546847495624,-0.02782142964074261,-0.016365546847495624,-0.02782142964074261,  0.0,-0.05564285928148522
0.015014617272820307,-0.027026311091076564,-0.015014617272820307,-0.027026311091076564,  0.0,-0.05405262218215313
0.013809539530750113,-0.026238125108425246,-0.013809539530750113,-0.026238125108425246,  0.0,-0.05247625021685049
0.012732395447351627,-0.025464790894703253,-0.012732395447351627,-0.025464790894703253,  0.0,-0.05092958178940651
0.0117674634448721,-0.02471167323423143,-0.0117674634448721,-0.02471167323423143,  0.0,-0.04942334646846286
0.010901023499444863,-0.02398225169877873,-0.010901023499444863,-0.02398225169877873,  0.0,-0.04796450339755746
0.010121141055128447,-0.023278624426795475,-0.010121141055128447,-0.023278624426795475,  0.0,-0.04655724885359095
0.009417452253958312,-0.022601885409499936,-0.009417452253958312,-0.022601885409499936,  0.0,-0.04520377081899987
0.00878096237748388,-0.021952405943709702,-0.00878096237748388,-0.021952405943709702,  0.0,-0.043904811887419404
0.008203863045973979,-0.021330043919532353,-0.008203863045973979,-0.021330043919532353,  0.0,-0.042660087839064706
0.007679369992371293,-0.020734298979402512,-0.007679369992371293,-0.020734298979402512,  0.0,-0.041468597958805024
0.0072015811353798595,-0.020164427179063638,-0.0072015811353798595,-0.020164427179063638,  0.0,-0.040328854358127275
0.006765353585202784,-0.019619525397088063,-0.006765353585202784,-0.019619525397088063,  0.0,-0.039239050794176125
0.006366197723675813,-0.01909859317102744,-0.006366197723675813,-0.01909859317102744,  0.0,-0.03819718634205488
0.006000186355962119,-0.018600577703482578,-0.006000186355962119,-0.018600577703482578,  0.0,-0.037201155406965156
0.005663876978359256,-0.018124406330749635,-0.005663876978359256,-0.018124406330749635,  0.0,-0.03624881266149927
0.005354245352124304,-0.017669009662010227,-0.005354245352124304,-0.017669009662010227,  0.0,-0.035338019324020455
0.005068628760888391,-0.017233337787020523,-0.005068628760888391,-0.017233337787020523,  0.0,-0.034466675574041046
0.0048046775273025005,-0.016816371345558752,-0.0048046775273025005,-0.016816371345558752,  0.0,-0.033632742691117504
0.0045603135556416974,-0.016417128800310116,-0.0045603135556416974,-0.016417128800310116,  0.0,-0.03283425760062023
0.004333694842529479,-0.016034670917359082,-0.004333694842529479,-0.016034670917359082,  0.0,-0.032069341834718164
0.0041231850541941705,-0.015668103205937867,-0.0041231850541941705,-0.015668103205937867,  0.0,-0.03133620641187573
0.0039273274051053785,-0.01531657687991097,-0.0039273274051053785,-0.01531657687991097,  0.0,-0.03063315375982194
0.0037448221903975372,-0.014979288761590149,-0.0037448221903975372,-0.014979288761590149,  0.0,-0.029958577523180298
0.0035745074248600835,-0.014655480441926348,-0.0035745074248600835,-0.014655480441926348,  0.0,-0.029310960883852696
0.0034153421264355175,-0.014344436931029185,-0.0034153421264355175,-0.014344436931029185,  0.0,-0.02868887386205837
0.0032663918541179075,-0.014045484972707014,-0.0032663918541179075,-0.014045484972707014,  0.0,-0.02809096994541403
0.003126816170764154,-0.013757991151362272,-0.003126816170764154,-0.013757991151362272,  0.0,-0.027515982302724545
0.0029958577523180297,-0.013481359885431135,-0.0029958577523180297,-0.013481359885431135,  0.0,-0.02696271977086227
0.002872832907795943,-0.013215031375861342,-0.002872832907795943,-0.013215031375861342,  0.0,-0.026430062751722685
0.0027571233103836318,-0.012958479558803075,-0.0027571233103836318,-0.012958479558803075,  0.0,-0.02591695911760615
0.002648168770247838,-0.012711210097189634,-0.002648168770247838,-0.012711210097189634,  0.0,-0.025422420194379267
0.0025454609051082833,-0.012472758435030585,-0.0025454609051082833,-0.012472758435030585,  0.0,-0.02494551687006117
0.002448537586029159,-0.012242687930145796,-0.002448537586029159,-0.012242687930145796,  0.0,-0.02448537586029159
0.0023569780539340283,-0.012020588075063548,-0.0023569780539340283,-0.012020588075063548,  0.0,-0.024041176150127096
0.0022703986175733977,-0.011806072811381673,-0.0022703986175733977,-0.011806072811381673,  0.0,-0.023612145622763345
0.0021884488565403243,-0.011598778939663728,-0.0021884488565403243,-0.011598778939663728,  0.0,-0.023197557879327455
0.0021108082638182416,-0.011398364624618502,-0.0021108082638182416,-0.011398364624618502,  0.0,-0.022796729249237004
0.0020371832715762603,-0.011204507993669432,-0.0020371832715762603,-0.011204507993669432,  0.0,-0.022409015987338864
0.00196730461176632,-0.011016905825891392,-0.00196730461176632,-0.011016905825891392,  0.0,-0.022033811651782784
0.001900924969744941,-0.010835272327546169,-0.001900924969744941,-0.010835272327546169,  0.0,-0.021670544655092338
0.0018378168948255786,-0.010659337989988363,-0.0018378168948255786,-0.010659337989988363,  0.0,-0.021318675979976727
0.0017777709365193568,-0.010488848525464204,-0.0017777709365193568,-0.010488848525464204,  0.0,-0.020977697050928407
0.0017205939793718415,-0.010323563876231049,-0.0017205939793718415,-0.010323563876231049,  0.0,-0.020647127752462097
0.0016661077528594113,-0.01016325729244241,-0.0016661077528594113,-0.01016325729244241,  0.0,-0.02032651458488482
0.0016141474958610061,-0.010007714474338243,-0.0016141474958610061,-0.010007714474338243,  0.0,-0.020015428948676486
0.001564560757846106,-0.009856732774430475,-0.001564560757846106,-0.009856732774430475,  0.0,-0.01971346554886095
0.0015172063211810812,-0.009710120455558918,-0.0015172063211810812,-0.009710120455558918,  0.0,-0.019420240911117836
0.0014719532309077025,-0.009567696000900065,-0.0014719532309077025,-0.009567696000900065,  0.0,-0.01913539200180013
0.0014286799200349666,-0.009429287472230782,-0.0014286799200349666,-0.009429287472230782,  0.0,-0.018858574944461564
0.001387273419846548,-0.009294731912971876,-0.001387273419846548,-0.009294731912971876,  0.0,-0.01858946382594375
0.0013476286459940317,-0.009163874792759421,-0.0013476286459940317,-0.009163874792759421,  0.0,-0.018327749585518843
0.0013096477522476478,-0.009036569490508769,-0.0013096477522476478,-0.009036569490508769,  0.0,-0.018073138981017537
0.0012732395447351628,-0.008912676813146139,-0.0012732395447351628,-0.008912676813146139,  0.0,-0.017825353626292277
0.0012383189503356957,-0.008792064547383441,-0.0012383189503356957,-0.008792064547383441,  0.0,-0.017584129094766882
0.0012048065336252476,-0.008674607042101786,-0.0012048065336252476,-0.008674607042101786,  0.0,-0.017349214084203573
0.001172628057409432,-0.00856018481908886,-0.001172628057409432,-0.00856018481908886,  0.0,-0.01712036963817772
0.0011417140824382741,-0.008448684210043226,-0.0011417140824382741,-0.008448684210043226,  0.0,-0.01689736842008645
0.0011119996023887884,-0.008339997017915914,-0.0011119996023887884,-0.008339997017915914,  0.0,-0.016679994035831827
0.001083423710632371,-0.008234020200806021,-0.001083423710632371,-0.008234020200806021,  0.0,-0.016468040401612042
0.001055929295683498,-0.008130655576762938,-0.001055929295683498,-0.008130655576762938,  0.0,-0.016261311153525877
0.0010294627625607707,-0.008029809547974017,-0.0010294627625607707,-0.008029809547974017,  0.0,-0.016059619095948035
0.0010039737775864716,-0.007931392842933125,-0.0010039737775864716,-0.007931392842933125,  0.0,-0.01586278568586625
0.0009794150344116636,-0.007835320275293309,-0.0009794150344116636,-0.007835320275293309,  0.0,-0.015670640550586618
0.0009557420392847637,-0.007741510518206586,-0.0009557420392847637,-0.007741510518206586,  0.0,-0.015483021036413172
0.0009329129137860212,-0.007649885893045377,-0.0009329129137860212,-0.007649885893045377,  0.0,-0.015299771786090753
0.0009108882134319369,-0.00756037217148508,-0.0009108882134319369,-0.00756037217148508,  0.0,-0.01512074434297016
0.0008896307607148972,-0.007472898390005142,-0.0008896307607148972,-0.007472898390005142,  0.0,-0.014945796780010285
0.0008691054912868005,-0.007387396675937804,-0.0008691054912868005,-0.007387396675937804,  0.0,-0.014774793351875608
0.0008492793121232406,-0.00730380208425987,-0.0008492793121232406,-0.00730380208425987,  0.0,-0.01460760416851974
0.0008301209706188303,-0.007222052444383825,-0.0008301209706188303,-0.007222052444383825,  0.0,-0.01444410488876765
0.0008116009336659622,-0.007142088216260471,-0.0008116009336659622,-0.007142088216260471,  0.0,-0.014284176432520942
0.0007936912758603422,-0.007063852355157051,-0.0007936912758603422,-0.007063852355157051,  0.0,-0.014127704710314102
0.000776365576058026,-0.0069872901845222345,-0.000776365576058026,-0.0069872901845222345,  0.0,-0.013974580369044469
0.0007595988215816503,-0.006912349276393019,-0.0007595988215816503,-0.006912349276393019,  0.0,-0.013824698552786037
0.0007433673194390249,-0.006838979338839032,-0.0007433673194390249,-0.006838979338839032,  0.0,-0.013677958677678063
0.0007276486139759753,-0.006767132109976573,-0.0007276486139759753,-0.006767132109976573,  0.0,-0.013534264219953147
0.0007124214104382056,-0.006696761258119136,-0.0007124214104382056,-0.006696761258119136,  0.0,-0.013393522516238272
0.0006976655039644727,-0.006627822287662491,-0.0006976655039644727,-0.006627822287662491,  0.0,-0.013255644575324983
0.0006833617135761928,-0.006560272450331452,-0.0006833617135761928,-0.006560272450331452,  0.0,-0.013120544900662903
0.0006694918207672531,-0.006494070661442357,-0.0006694918207672531,-0.006494070661442357,  0.0,-0.012988141322884714
0.0006560385123326266,-0.006429177420859743,-0.0006560385123326266,-0.006429177420859743,  0.0,-0.012858354841719486
0.0006429853271059293,-0.006365554738348703,-0.0006429853271059293,-0.006365554738348703,  0.0,-0.012731109476697406
0.000630316606304536,-0.00630316606304536,-0.000630316606304536,-0.00630316606304536,  0.0,-0.01260633212609072
0.0006180174472066607,-0.006241976216787274,-0.0006180174472066607,-0.006241976216787274,  0.0,-0.012483952433574547
0.0006060736599082073,-0.006181951331063717,-0.0006060736599082073,-0.006181951331063717,  0.0,-0.012363902662127434
0.0005944717269283601,-0.006123058787362112,-0.0005944717269283601,-0.006123058787362112,  0.0,-0.012246117574724224
0.0005831987654521625,-0.006065267160702493,-0.0005831987654521625,-0.006065267160702493,  0.0,-0.012130534321404986
0.0005722424920158035,-0.006008546166165937,-0.0005722424920158035,-0.006008546166165937,  0.0,-0.012017092332331874
0.000561591189456229,-0.005952866608236028,-0.000561591189456229,-0.005952866608236028,  0.0,-0.011905733216472055
0.0005512336759611923,-0.005898200332784759,-0.0005512336759611923,-0.005898200332784759,  0.0,-0.011796400665569518
0.0005411592760690079,-0.005844520181545288,-0.0005411592760690079,-0.005844520181545288,  0.0,-0.011689040363090576
0.0005313577934793262,-0.005791799948924658,-0.0005313577934793262,-0.005791799948924658,  0.0,-0.011583599897849316
0.0005218194855471978,-0.005740014341019176,-0.0005218194855471978,-0.005740014341019176,  0.0,-0.011480028682038353
0.0005125350393427109,-0.005689138936704092,-0.0005125350393427109,-0.005689138936704092,  0.0,-0.011378277873408183
0.0005034955491676535,-0.005639150150677719,-0.0005034955491676535,-0.005639150150677719,  0.0,-0.011278300301355439
0.0004946924954290006,-0.005590025198347708,-0.0004946924954290006,-0.005590025198347708,  0.0,-0.011180050396695417
0.000486117724776711,-0.005541742062454508,-0.000486117724776711,-0.005541742062454508,  0.0,-0.011083484124909017
0.0004777634314203237,-0.005494279461333723,-0.0004777634314203237,-0.005494279461333723,  0.0,-0.010988558922667447
0.00046962213954527973,-0.005447616818725245,-0.00046962213954527973,-0.005447616818725245,  0.0,-0.01089523363745049
0.0004616866867558061,-0.005401734235042932,-0.0004616866867558061,-0.005401734235042932,  0.0,-0.010803468470085864
0.0004539502084765979,-0.005356612460023858,-0.0004539502084765979,-0.005356612460023858,  0.0,-0.010713224920047715
0.00044640612325052995,-0.005312232866681309,-0.00044640612325052995,-0.005312232866681309,  0.0,-0.010624465733362618
0.00043904811887419406,-0.005268577426490328,-0.00043904811887419406,-0.005268577426490328,  0.0,-0.010537154852980657
0.0004318701393172656,-0.005225628685738915,-0.0004318701393172656,-0.005225628685738915,  0.0,-0.01045125737147783
0.00042486637237558803,-0.005183369742982175,-0.00042486637237558803,-0.005183369742982175,  0.0,-0.01036673948596435
0.000418031238011413,-0.005141784227540382,-0.000418031238011413,-0.005141784227540382,  0.0,-0.010283568455080765
0.00041135937733754254,-0.00510085627898553,-0.00041135937733754254,-0.00510085627898553,  0.0,-0.01020171255797106
0.0004048456422051392,-0.005060570527564239,-0.0004048456422051392,-0.005060570527564239,  0.0,-0.010121141055128478
0.0003984850853577749,-0.005020912075507964,-0.0003984850853577749,-0.005020912075507964,  0.0,-0.010041824151015928
0.00039227295111687784,-0.00498186647918435,-0.00039227295111687784,-0.00498186647918435,  0.0,-0.0099637329583687
0.00038620466656611314,-0.00494341973204625,-0.00038620466656611314,-0.00494341973204625,  0.0,-0.0098868394640925
0.0003802758332044566,-0.004905558248337493,-0.0003802758332044566,-0.004905558248337493,  0.0,-0.009811116496674986
0.0003744822190397537,-0.004868268847516798,-0.0003744822190397537,-0.004868268847516798,  0.0,-0.009736537695033597
0.00036881975109644935,-0.004831538739363487,-0.00036881975109644935,-0.004831538739363487,  0.0,-0.009663077478726974
0.0003632845083129315,-0.004795355509730696,-0.0003632845083129315,-0.004795355509730696,  0.0,-0.009590711019461393
0.00035787271480554333,-0.004759707106913728,-0.00035787271480554333,-0.004759707106913728,  0.0,-0.009519414213827456
0.0003525807334778361,-0.004724581828603006,-0.0003525807334778361,-0.004724581828603006,  0.0,-0.009449163657206012
0.0003474050599550239,-0.004689968309392823,-0.0003474050599550239,-0.004689968309392823,  0.0,-0.009379936618785646
0.0003423423168248985,-0.0046558555088186205,-0.0003423423168248985,-0.0046558555088186205,  0.0,-0.009311711017637241
0.0003373892481676724,-0.004622232699897113,-0.0003373892481676724,-0.004622232699897113,  0.0,-0.009244465399794226
0.0003325427143583269,-0.004589089458144913,-0.0003325427143583269,-0.004589089458144913,  0.0,-0.009178178916289826
0.00032779968712609076,-0.0045564156510526635,-0.00032779968712609076,-0.0045564156510526635,  0.0,-0.009112831302105327
0.0003231572448566403,-0.004524201427992963,-0.0003231572448566403,-0.004524201427992963,  0.0,-0.009048402855985927
0.00031861256812350795,-0.004492437210541463,-0.00031861256812350795,-0.004492437210541463,  0.0,-0.008984874421082926
0.0003141629354360349,-0.004461113683191697,-0.0003141629354360349,-0.004461113683191697,  0.0,-0.008922227366383394
0.00030980571919197086,-0.004430221784445185,-0.00030980571919197086,-0.004430221784445185,  0.0,-0.00886044356889037
0.0003055383818235654,-0.004399752698259343,-0.0003055383818235654,-0.004399752698259343,  0.0,-0.008799505396518687
0.0003013584721266657,-0.004369697845836653,-0.0003013584721266657,-0.004369697845836653,  0.0,-0.008739395691673306
0.0002972636217629722,-0.004340048877739394,-0.0002972636217629722,-0.004340048877739394,  0.0,-0.008680097755478788
0.000293251541926197,-0.004310797666315097,-0.000293251541926197,-0.004310797666315097,  0.0,-0.008621595332630193
0.00028932002016341616,-0.004281936298418561,-0.00028932002016341616,-0.004281936298418561,  0.0,-0.008563872596837122
0.00028546691734342893,-0.004253457068417093,-0.00028546691734342893,-0.004253457068417093,  0.0,-0.008506914136834185
0.00028169016476441654,-0.004225352471466248,-0.00028169016476441654,-0.004225352471466248,  0.0,-0.008450704942932496
0.00027798776139364273,-0.004197615197044006,-0.00027798776139364273,-0.004197615197044006,  0.0,-0.008395230394088012
0.0002743577712323656,-0.004170238122731958,-0.0002743577712323656,-0.004170238122731958,  0.0,-0.008340476245463916
0.0002707983207995155,-0.004143214308232589,-0.0002707983207995155,-0.004143214308232589,  0.0,-0.008286428616465178
0.00026730759672807396,-0.0041165369896123405,-0.00026730759672807396,-0.0041165369896123405,  0.0,-0.008233073979224681
0.0002638838434684275,-0.004090199573760626,-0.0002638838434684275,-0.004090199573760626,  0.0,-0.008180399147521252
0.0002605253610932973,-0.0040641956330554375,-0.0002605253610932973,-0.0040641956330554375,  0.0,-0.008128391266110875
0.00025723050319915195,-0.004038518900226686,-0.00025723050319915195,-0.004038518900226686,  0.0,-0.008077037800453372
0.0002539976748992902,-0.004013163263408787,-0.0002539976748992902,-0.004013163263408787,  0.0,-0.008026326526817574
0.0002508253309040546,-0.003988122761374469,-0.0002508253309040546,-0.003988122761374469,  0.0,-0.007976245522748938
0.0002477119736838838,-0.003963391578942141,-0.0002477119736838838,-0.003963391578942141,  0.0,-0.007926783157884282
0.0002446561517111492,-0.003938964042549503,-0.0002446561517111492,-0.003938964042549503,  0.0,-0.007877928085099005
0.00024165645777694393,-0.003914834615986492,-0.00024165645777694393,-0.003914834615986492,  0.0,-0.007829669231972983
0.00023871152737919724,-0.0038909978962809156,-0.00023871152737919724,-0.0038909978962809156,  0.0,-0.007781995792561831
0.00023582003717868605,-0.0038674486097304527,-0.00023582003717868605,-0.0038674486097304527,  0.0,-0.007734897219460905
0.0002329807035197004,-0.0038441816080750564,-0.0002329807035197004,-0.0038441816080750564,  0.0,-0.007688363216150113
0.0002301922810122871,-0.003821191864803966,-0.0002301922810122871,-0.003821191864803966,  0.0,-0.007642383729607932
0.00022745356117316845,-0.0037984744715919136,-0.00022745356117316845,-0.0037984744715919136,  0.0,-0.007596948943183827
0.00022476337112257487,-0.003776024634859259,-0.00022476337112257487,-0.003776024634859259,  0.0,-0.007552049269718518
0.00022212057233438504,-0.003753837672451108,-0.00022212057233438504,-0.003753837672451108,  0.0,-0.007507675344902216
0.00021952405943709703,-0.0037319090104306492,-0.00021952405943709703,-0.0037319090104306492,  0.0,-0.0074638180208612985
0.0002169727590632839,-0.0037102341799821552,-0.0002169727590632839,-0.0037102341799821552,  0.0,-0.0074204683599643105
0.000214465628745311,-0.0036888088144193497,-0.000214465628745311,-0.0036888088144193497,  0.0,-0.007377617628838699
0.00021200165585520033,-0.0036676286462949664,-0.00021200165585520033,-0.0036676286462949664,  0.0,-0.007335257292589933
0.00020957985658664108,-0.003646689504607556,-0.00020957985658664108,-0.003646689504607556,  0.0,-0.007293379009215112
0.00020719927497724373,-0.003625987312101765,-0.00020719927497724373,-0.003625987312101765,  0.0,-0.00725197462420353
0.00020485898196923068,-0.00360551808265846,-0.00020485898196923068,-0.00360551808265846,  0.0,-0.00721103616531692
0.00020255807450685073,-0.0035852779187712587,-0.00020255807450685073,-0.0035852779187712587,  0.0,-0.0071705558375425174
0.00020029567466888404,-0.0035652630091061372,-0.00020029567466888404,-0.0035652630091061372,  0.0,-0.0071305260182122744
0.0001980709288346912,-0.003545469626140973,-0.0001980709288346912,-0.003545469626140973,  0.0,-0.007090939252281946
0.00019588300688233272,-0.003525894123881989,-0.00019588300688233272,-0.003525894123881989,  0.0,-0.007051788247763978
0.00019373110141735834,-0.003506532935654186,-0.00019373110141735834,-0.003506532935654186,  0.0,-0.007013065871308372
0.0001916144270309358,-0.003487382571963032,-0.0001916144270309358,-0.003487382571963032,  0.0,-0.006974765143926064
0.0001895322195860493,-0.003468439618424703,-0.0001895322195860493,-0.003468439618424703,  0.0,-0.006936879236849406
0.00018748373553056336,-0.003449700733762367,-0.00018748373553056336,-0.003449700733762367,  0.0,-0.006899401467524734
0.0001854682512360033,-0.003431162647866061,-0.0001854682512360033,-0.003431162647866061,  0.0,-0.006862325295732122
0.0001834850623609584,-0.003412822159913827,-0.0001834850623609584,-0.003412822159913827,  0.0,-0.006825644319827654
0.00018153348323806813,-0.003394676136551875,-0.00018153348323806813,-0.003394676136551875,  0.0,-0.00678935227310375
0.00017961284628359697,-0.003376721510131623,-0.00017961284628359697,-0.003376721510131623,  0.0,-0.006753443020263246
0.00017772250142865386,-0.0033589552770015587,-0.00017772250142865386,-0.0033589552770015587,  0.0,-0.006717910554003117
0.00017586181557115507,-0.0033413744958519466,-0.00017586181557115507,-0.0033413744958519466,  0.0,-0.006682748991703893
0.0001740301720476699,-0.0033239762861104957,-0.0001740301720476699,-0.0033239762861104957,  0.0,-0.0066479525722209915
0.0001722269701243321,-0.0033067578263871766,-0.0001722269701243321,-0.0033067578263871766,  0.0,-0.006613515652774353
0.00017045162450603257,-0.0032897163529664293,-0.00017045162450603257,-0.0032897163529664293,  0.0,-0.006579432705932859
0.0001687035648631495,-0.0032728491583451013,-0.0001687035648631495,-0.0032728491583451013,  0.0,-0.006545698316690203
0.00016698223537510331,-0.0032561535898145144,-0.00016698223537510331,-0.0032561535898145144,  0.0,-0.006512307179629029
0.00016528709429005639,-0.0032396270480851055,-0.00016528709429005639,-0.0032396270480851055,  0.0,-0.006479254096170211
0.00016361761350011084,-0.003223266985952184,-0.00016361761350011084,-0.003223266985952184,  0.0,-0.006446533971904368
0.0001619732781313813,-0.00320707090700135,-0.0001619732781313813,-0.00320707090700135,  0.0,-0.0064141418140027
0.0001603535861483542,-0.0031910363643522493,-0.0001603535861483542,-0.0031910363643522493,  0.0,-0.006382072728704499
