-0.00010524657157766633,-0.0018165697709274986,0.00023543750631503988,0.0036930786430718534,-0.00021698003646298413,0.004048449868993511,0.00019087921548703745,-0.0032447751492770856
-0.00013490635675555762,-0.0018199874715026177,0.0002730434281365189,0.0037028460474432573,-0.00029602271948921696,0.004054773202172561,0.00015407788481161888,-0.003261802069260529
-0.00014046023251237596,-0.001826565181056774,0.00018782781161781305,0.0037285299754891907,-0.00031536500070204277,0.004068375773593886,0.00023088593161604186,-0.003265939523393507
-9.159393607065972e-05,-0.0018402462277922124,0.0002667253411764422,0.003734073303284013,-0.0002212023412195675,0.004097450106771013,0.00015722591855688495,-0.003288032367427744
-8.205978353596683e-05,-0.0018486617775435603,0.00027427611424920775,0.003748312468888513,-0.0002075473636867122,0.004115630222218131,0.0002547142501073233,-0.0032892222554801224
-0.00011144321213775124,-0.001853162900749518,0.00022299588292918593,0.0037705750710660675,-0.0003158220361121949,0.004118720730417764,0.00021777428145199334,-0.0033081168483216385
-9.160081629784582e-05,-0.0018629832204519808,0.00018827784163481136,0.003789917132287543,-0.0002010969287947547,0.004150172938780965,0.00016764128145297993,-0.003327624057227162
-9.624667060457111e-05,-0.0018702191421580913,0.00020827848408981253,0.0038035001080841562,-0.00019004979190563636,0.004168371108326797,0.00013852819433448631,-0.003344059731888432
-9.851410467152683e-05,-0.0018777524806461079,0.00017635082967982027,0.0038225335804799097,-0.00020295885648099015,0.004184452454329459,0.0001406248860728467,-0.0033577509600026677
-0.00012754512598400896,-0.001882090406073658,0.00025606924421324613,0.003829441356277151,-0.00021187738155550745,0.00420101430878633,0.00016399912109036269,-0.0033696156059656035
-0.00013963404111095543,-0.001888286329038156,0.00026968518166078524,0.0038436696434347756,-0.0002829268462186135,0.004210236442710693,0.00015850418899926745,-0.003384247079301767
-9.42388794695645e-05,-0.0019018863424515842,0.0002318569445348902,0.0038648437657473815,-0.0003120403655793125,0.004223892655604926,0.0002632105301618692,-0.0033853975558492655
-0.000151251705446188,-0.0019025421592933586,0.00016722113432554226,0.0038878580755698513,-0.0003495541968886358,0.00423594341022977,0.00024127174334282044,-0.003403066432562633
-0.00011804297398598912,-0.0019153700692305638,0.00020689767311049434,0.0039005106295672606,-0.0002001656871491759,0.004273408129217586,0.00021350279320496215,-0.00342127979748948
-0.00014745526767909715,-0.0019194641094021035,0.00030448582636645216,0.0039043133992404844,-0.00033858842697670434,0.004274108781520663,0.00023965299637813536,-0.003432424055131572
-8.532939268389972e-05,-0.0019352455469538912,0.0002988716390287274,0.003921999308057181,-0.00021739644130971524,0.0043082631800156965,0.0002866689737183369,-0.0034399443099893123
-8.941386836738719e-05,-0.0019431799657471543,0.00021187627788090034,0.003950268323690543,-0.00029024985755428303,0.00431818197718337,0.0001863391286195203,-0.0034686262983934933
-0.00014268059020183715,-0.001945186050544814,0.00020243465407588374,0.003968308452413328,-0.0001952131590167941,0.004347542588879786,0.0002458733571718853,-0.0034761755834157478
-0.00015645712426291033,-0.0019515379385488952,0.0002909141970359896,0.00397449094505729,-0.00022627436355171225,0.004363351110600756,0.0001862138402917568,-0.0034987139723395423
-0.00011380804421813879,-0.0019659956609587915,0.000328414904300663,0.003986023643039169,-0.00021809247341309562,0.004383173420839996,0.0001906663873068471,-0.003513466827533501
-0.0001004402299783813,-0.0019760550182147366,0.00033023682434386685,0.004003288767323728,-0.0003731249601435287,0.004381353370320206,0.00020494984658858217,-0.0035272260759669975
-0.00015950352199046671,-0.001976942565021015,0.00030961313343640345,0.004024310728273623,-0.000281289296996488,0.004414477079463481,0.00020414241481412276,-0.0035428264855375835
-0.0001283404078350405,-0.001990262937633947,0.00022169721654588718,0.004053761533199473,-0.00034116734289903184,0.004425540333867236,0.0001849146389975032,-0.0035605764105259667
-0.0001573717179331663,-0.001994928587206232,0.00027877415872885485,0.004064677777324013,-0.00030433769551399265,0.0044506419441351875,0.00022377000602203775,-0.003571888776055659
-0.00011038824152554817,-0.002010163066161796,0.0003263347870461972,0.004075738423085657,-0.00031702960999918043,0.004468746669521866,0.00026354357680005204,-0.0035823862856689723
-0.0001449737754730225,-0.0020147543028976537,0.0002768920664545433,0.00410140439727778,-0.0003557959671455213,0.00448296078781433,0.00023718235473282748,-0.0036021650193615116
-0.00016654766595202686,-0.002020498697464875,0.0001939236028431697,0.00412938408153777,-0.00030270451671330517,0.0045110258165975544,0.00025408980964819786,-0.003616078915937091
-0.00013377642805010787,-0.0020345530473695,0.00024741460936257423,0.004142271473254153,-0.0003964375005074888,0.004516863526221725,0.00024882576852593673,-0.0036331873155090702
-0.00012982484446012702,-0.0020443088321051017,0.00023220881393007609,0.0041628218238446675,-0.0002529676665408254,0.00455812188632402,0.0003155748296709251,-0.003639306686482607
-0.0001409478061905291,-0.0020521603265585674,0.0003267175609171054,0.004169065803987006,-0.0002528573313144963,0.0045788862522210165,0.00030798956239707227,-0.0036573260486766337
-0.00011086768623724327,-0.002065261383137427,0.00020329912444278124,0.004203904926855877,-0.00029808535949508964,0.004594386363547751,0.00024244642885142998,-0.003684049124162291
-0.00015004929246487534,-0.0020697927942168407,0.00023180823297812314,0.00422024450680395,-0.00030111606461372684,0.004615147117560322,0.00024802781251513195,-0.003700274266741914
-0.00013774571172529642,-0.0020810977071747225,0.00021990668093848623,0.004240991776324661,-0.00034824367365659587,0.004629860202181386,0.0003021254202985065,-0.003709341383198061
-0.00010800532488090406,-0.002094277268473188,0.0003766785887095002,0.0042385152287287104,-0.0004089883358782343,0.004641472027180579,0.0002698984323882633,-0.0037316356291459433
-0.000115556126397977,-0.0021032198551904904,0.00021468240182858367,0.004281002718033059,-0.00038651917580777447,0.00466715531179284,0.0002710205026515839,-0.0037489302500889293
-0.0001804937179882729,-0.0021038961477067913,0.0003098843363013691,0.0042893426087692995,-0.000413712327985985,0.004684485018995336,0.0003093891393793461,-0.003760597243900018
-0.00016321593276541238,-0.00211669902205445,0.0002547250649156673,0.0043168479209304365,-0.0003094040533264662,0.004722813171716158,0.00030579179706096695,-0.0037789986250316584
-0.0001423311558969686,-0.002129769129285754,0.00036446687054390674,0.004321477404277321,-0.00028105575346972807,0.004748716589725523,0.00030728546881965917,-0.003796730948448311
-0.00016381236145062144,-0.0021368138020309044,0.00024652574971610554,0.004358802271897711,-0.00024357077895019176,0.004775405731521414,0.00019712186893018364,-0.0038294804628502947
-0.00014870636180142424,-0.0021492696960005216,0.00024887438926724415,0.0043793258430238425,-0.0003529362790626041,0.00478448526594833,0.00036118507629608586,-0.0038237072397504217
-0.00020052488422992088,-0.0021511497541188227,0.0002561304010217614,0.004399479014360317,-0.00029501887551957586,0.004815352776747541,0.00023578792460619624,-0.003861798771154894
-0.00018257214202218317,-0.0021648268647749616,0.0003263695101761904,0.004411365940105926,-0.00028590987189079284,0.004839663415936085,0.00028113230404945805,-0.0038743418554792516
-0.000175025874631834,-0.002176631993923415,0.00023567787103574318,0.004444338855588911,-0.0004230235826628164,0.004842952373406944,0.0002893644265322567,-0.0038919521841586347
-0.00011117695637913384,-0.0021956597471581175,0.00030229315834852887,0.004457868331820132,-0.00044315927426842816,0.004863093377054546,0.0002048983667077233,-0.003921666413537582
-0.00021138720560885232,-0.002191585908779234,0.0003322671080458074,0.004475438530200414,-0.00035421018050050217,0.004901684180285364,0.00034966119447452126,-0.0039202737319411
-0.00021353544227795202,-0.0022020584607908285,0.000328831621851503,0.004498019040533188,-0.00038886416081711553,0.004920584797268212,0.0003726011261336739,-0.003935459401246268
-0.0001512371479200596,-0.002223373704976418,0.00022823141587513342,0.004532733649492051,-0.0002952298859040708,0.004958007344086758,0.00029761622474541646,-0.003967877775584945
-0.00017920093674603872,-0.0022302656121129098,0.00043011036677500163,0.004525734644828578,-0.000426204184040003,0.004963500248201452,0.0002771558304054329,-0.0039906080238236875
-0.0001355900584297523,-0.0022475968360584357,0.00023140020537422448,0.004577520238021373,-0.0003126681261492527,0.005005318870076523,0.0002579517528773498,-0.004013127474412345
-0.00022168619084895496,-0.0022451096069614463,0.00045398473323166483,0.004566920432246826,-0.00035636127128382437,0.005024575173593723,0.00036546951314416875,-0.004016501330105507
-0.00022034628373360785,-0.002256820633927987,0.0004025905712831238,0.004599874465041235,-0.00036774742192089734,0.005048310068528547,0.00036870779778857947,-0.00403632441099018
-0.0001966737814132989,-0.00227276403748817,0.0004042569304526332,0.004623052305322417,-0.00035127076031974265,0.005076294551330204,0.0003233561587502446,-0.004064733693971757
-0.00017102866240442582,-0.0022885665000087242,0.00034735096720608303,0.004656016031439515,-0.00038478073626065415,0.005097316579762645,0.0002997538861549298,-0.00408914266962037
-0.00017612468319129474,-0.002299540133924379,0.0004379183026338306,0.004664583009424061,-0.00028437274254050404,0.005136641304192607,0.0003002939915902672,-0.004110044171260607
-0.00019161736579752152,-0.0023089286444953807,0.0003474606149146411,0.00470403917148483,-0.0004019418134705691,0.005147285436060388,0.00022737686185913663,-0.004140580008984604
-0.0002139553744182256,-0.0023169961236236946,0.0004172856300302336,0.004717044512508597,-0.00030768536163780003,0.005186978079072662,0.00025254918511422367,-0.0041590284406967035
-0.00017265416720967179,-0.002336037552621724,0.0003448579661611171,0.004753444824612407,-0.0004078457675687154,0.005200073028300018,0.0003853021804445415,-0.004160196073531234
-0.00019713549752626262,-0.002344391430323464,0.00034427419274807124,0.004778418655010116,-0.0003601480888336969,0.005234390105833139,0.0003435128730196272,-0.0041894554607049056
-0.00022970193719499613,-0.0023508203991025748,0.0004213427106296672,0.004791186225399657,-0.00028363664761239815,0.00527129947734291,0.0003389588891354246,-0.004212312908451223
-0.00024646192142044684,-0.0023599510703294006,0.0004068795649935057,0.004819165731984687,-0.00041592698759079945,0.005281484608733625,0.000350708608286999,-0.0042327267898423625
-0.00020369752951831312,-0.0023808187258287762,0.00042128983492513157,0.004842410965091428,-0.00048183497420573,0.005298391328912602,0.0003281292460360107,-0.004258935013121382
-0.00013138746680782434,-0.0024037542229630752,0.0003286366380692778,0.004882759278053031,-0.000540692763674042,0.005315475460262064,0.00023120890160814692,-0.004294435409060821
-0.00012983520338512964,-0.0024167848495236224,0.0003387849042242601,0.00490758078530258,-0.00044805321029135823,0.005361598846290345,0.00029283339506822,-0.004309896067042886
-0.0002228453815378671,-0.0024161679425441294,0.0003633744222190569,0.004930556794944639,-0.0005284634034753371,0.005375964678054859,0.00024137643178349328,-0.004339520391339533
-0.00023589680601942086,-0.0024268923794050967,0.00033042476239861815,0.004961985885213489,-0.00033120861236490617,0.005436918845186586,0.00038175406561885555,-0.004342791191305815
-0.00022612466924987722,-0.002442126467243178,0.0003230260857443801,0.004990018846996633,-0.00030505693365105827,0.005469579314125638,0.0003426007085467785,-0.004373165431106465
-0.00018204271734092176,-0.002462995346616872,0.00029353535338763923,0.005021002556542812,-0.0005281416175373236,0.005465375323989319,0.000319176164168419,-0.004400769382743337
-0.00023272006530717314,-0.0024680388475185836,0.0003371752877605221,0.0050431511353716115,-0.00044378206859143607,0.005510818705098672,0.00044504077384433297,-0.0044031106746319345
-0.0001398909951646445,-0.0024958231693204026,0.0003870310077518338,0.005063947218917021,-0.0004677304869523941,0.005537524574130848,0.00047944621304917267,-0.004420532653366854
-0.00019697694335362196,-0.0025019888340781383,0.0005382360114127882,0.0050644664619686605,-0.0005438508341113346,0.005554595580636786,0.00040293648750906296,-0.004460846813311796
-0.00022740283032283797,-0.0025108874274757053,0.0002900062931873892,0.005133739722773902,-0.0005700604309934315,0.00558076860988499,0.000463584741603691,-0.004474194272172174
-0.0002468870220244837,-0.0025214510571029626,0.0005354663946126654,0.005122925029194486,-0.0003171168277526489,0.005652711289968436,0.0002817704304506395,-0.004529964993247012
-0.0002461121551749679,-0.002536042035498143,0.00031117739090992687,0.005189329087335378,-0.00048153645865497264,0.005661400682871413,0.0003530806826793837,-0.0045456136773126205
-0.00024013702729082568,-0.0025517908739143714,0.00039440111894993655,0.005207541891831928,-0.0005403131543497077,0.005683206401218318,0.00048720762026976093,-0.004546667867572086
-0.0002739403527711652,-0.0025596990069822957,0.0004657222334082751,0.005225664338560688,-0.00033482933184033877,0.005747652330883523,0.00033545782821207097,-0.0046005450148796255
-0.00023928028821318872,-0.002581632781389825,0.0004778155313306106,0.005253812987437803,-0.000605244075594952,0.005736252414700398,0.0002839356189356605,-0.004634036952208599
-0.00021672171700584122,-0.0026007152937884363,0.0003231927073945041,0.005308034294380066,-0.000542146816532453,0.005782618239668024,0.000384767389675391,-0.00464630340122797
-0.0001542056681930606,-0.002624853163894458,0.0005581002645309463,0.0052997367453616,-0.0006159250175757654,0.0058017788537627875,0.0002913891866619963,-0.004687092786680554
-0.00029648835115807394,-0.0026156180634696034,0.00046098384587073564,0.005349941622774964,-0.0004069792842403498,0.005873075812500006,0.00043596587494673195,-0.004692055758759774
-0.00021794299150405653,-0.0026467724149963527,0.0005121617266177066,0.005372355505082284,-0.0006326927262086868,0.005867565634543438,0.00028292314461780425,-0.0047433644069593
-0.0002822413174801081,-0.0026503366741024953,0.00036057647196879026,0.005429122850374088,-0.0006100766817754648,0.005907703152632372,0.00029196655552553237,-0.004770371510156229
-0.00019777354090264883,-0.0026816677703996473,0.0003276870090361301,0.005465691347617541,-0.0006673729799731678,0.005930938682152545,0.0004663244369951838,-0.004770994587498023
-0.0001965749525640122,-0.002697980278681889,0.00043536097068449213,0.005483422274843178,-0.0006698559647871244,0.005966580994136793,0.00048229771846788433,-0.004796750473391392
-0.0001720028876432569,-0.0027176578617663753,0.00040261089370979657,0.005521673742781548,-0.0005098102740371964,0.00603489543889491,0.000309182069585714,-0.004854565910415008
-0.0003073530208047549,-0.002710124426257701,0.00035193200143915083,0.005562202451372561,-0.0004028349012595881,0.006087921553808365,0.0004064235194653419,-0.004869700412434485
-0.000307536261112826,-0.002726934225798376,0.0006235721875190567,0.005548231178872556,-0.0005694236892614437,0.006098466984146666,0.00032256271978977545,-0.0049121578239331954
-0.0003162389053118444,-0.0027419839500216724,0.0005989145172071102,0.005588386774921611,-0.0005701114902170784,0.00613617595991468,0.0004964212434282822,-0.004913263733399535
-0.0003344277393334587,-0.002754904830149101,0.0005978048828595521,0.0056237043664625775,-0.00047952878370475133,0.006189966695449976,0.000592661933394267,-0.004922515642012003
-0.00023707517875279477,-0.002792632351079985,0.0006580416320241968,0.005645658631422093,-0.0007121015870926147,0.006183548056453794,0.0005329681107811575,-0.00496751490853329
-0.00018141391720657852,-0.0028185523789370837,0.0006374107602291695,0.0056864514439373525,-0.0007188435486595072,0.006221412976507348,0.0005759197401346334,-0.004989429477328067
-0.00027229264676422875,-0.0028216412222256695,0.0005578420731515528,0.005739670524724635,-0.0005582401768713567,0.006294363880664977,0.0006141217689636891,-0.005012261557378111
-0.00021925791960528007,-0.0028489550381885966,0.0006057178320394607,0.005766704241328809,-0.0007586222693093333,0.006292310084374945,0.0006284128858083779,-0.005041167461980313
-0.00032146187342850865,-0.0028476790611842813,0.0006927434799983422,0.005784262505362242,-0.0007039160777959263,0.0063460966301500275,0.00033871771954194343,-0.00512953848071197
-0.00020865338025539103,-0.00288725794009878,0.0003761513007196012,0.005880538072710447,-0.0005370876635456137,0.006420163286064267,0.00044804724764938876,-0.005145707247184326
-0.0003533336275558469,-0.002877555750901362,0.0007058048763051579,0.005857400701664259,-0.0005017076320000733,0.006467618426782072,0.0005388875208038118,-0.005161694471013951
-0.00030024686427264434,-0.0029087945997255406,0.0004051921902896243,0.005953208608630328,-0.0005992475409750904,0.006493211120059975,0.00034912623201314324,-0.005228305933347882
-0.0002936842854535209,-0.0029294329993295215,0.0005805875101182981,0.005963095413593301,-0.0008045681631486948,0.0064913150269594365,0.0006504423165872875,-0.005204429294919741
-0.0002446894143808544,-0.002957973579363537,0.0006877268656478263,0.005979874011786832,-0.0005201849670467499,0.006593074251329784,0.0005750281048126842,-0.005257373853078578
-0.0003542714894959056,-0.002955339981137329,0.0004979171978494266,0.006057903683014172,-0.0008248733940846959,0.006574264754117161,0.00047311083867338367,-0.005313141276696126
-0.00024492159139461703,-0.0029976501207839364,0.0006106583092797243,0.006077864203810632,-0.0006529853679693342,0.006657942969243823,0.0004927885070017216,-0.005345304362643053
-0.0003412726671365985,-0.0029989430390589007,0.0007364584788895327,0.006091103547239385,-0.0007424234323282934,0.0066843381876443,0.0006444603208570641,-0.00534902749729548
-0.00025565301028106235,-0.003036643587761913,0.0006275591665904255,0.006157666446510694,-0.0005600559361704756,0.006765853588706415,0.000567922856176194,-0.005403402499070634
-0.000272341883186018,-0.0030545482787240922,0.0005289177079567803,0.006218676107507161,-0.0007148823378319979,0.006782896802422299,0.0006841320658159168,-0.005413550125694302
-0.0002837983541638938,-0.003073570011674726,0.0006743416666058438,0.006233319577379147,-0.0005802670335637494,0.006855783163599814,0.0006164870381709702,-0.005467915037414441
-0.0003963667070104944,-0.003069828249497334,0.0004510431631300325,0.006317261977470022,-0.0007763770133069789,0.006864380224478166,0.0006863431035481181,-0.005489537440987307
-0.0002827067506833002,-0.003116888112817885,0.000624475639068428,0.00633166480273306,-0.0005009657925060362,0.00696409915663286,0.0007413348662472872,-0.005514132826877799
-0.00041599995553529457,-0.003108684645141449,0.0005560602348781136,0.00638925862895994,-0.000634426557921847,0.006991176276680809,0.0007158898029471201,-0.005560618926674828
-0.0003168869282895811,-0.0031546500115361923,0.0006625752216407856,0.006414228858126134,-0.0009565228202258014,0.006966710692051775,0.0007355111125821369,-0.005595636267202603
-0.00024293702105938948,-0.003190422936773471,0.0005369978041886209,0.006483849378375391,-0.0005860430843192604,0.007099651453919183,0.0005972547891974348,-0.005669483157748561
-0.00026490114142076865,-0.0032098179904605146,0.0008979256509396839,0.0064496134882006525,-0.0007074924379413803,0.00712850432710264,0.0006357004940806872,-0.005702186412211992
-0.0002649958352009791,-0.0032330429450328803,0.0009102659104199417,0.006493993381546942,-0.0007983918016682942,0.007161128811191159,0.0007484991256121577,-0.005716283079086434
-0.00041778199292094733,-0.0032240412679662373,0.0008915638605218731,0.00654782611270292,-0.0006706502602648112,0.007240178891641606,0.0005801908601267929,-0.005798064628503164
-0.00039455040681525056,-0.003254095583562744,0.0008543389045171634,0.006607079110823259,-0.0009318272972406639,0.007235205038270173,0.0005294424131065556,-0.00585064703249338
-0.00046322681183507455,-0.003260218073298686,0.0007113259321149358,0.006690961884089246,-0.0006778230390327105,0.00734636311355009,0.0006257529113561635,-0.005874962941959386
-0.00043427295722223174,-0.003293224645830394,0.0005852053146182635,0.0067657205702154645,-0.0007205210282309548,0.007393160304770296,0.000745780006095967,-0.005890886382861826
-0.0004865634342894731,-0.0033036487086916455,0.0008372819500490356,0.006763174042013587,-0.0005969022350703195,0.007470974790194519,0.0007408477522838939,-0.005937193333477887
-0.0004076127390127315,-0.0033509160518956672,0.0007499449847245288,0.006835799363860707,-0.001014030457573326,0.007436502744393869,0.000686202927961286,-0.005996104134540132
-0.00031982095342134476,-0.0033959467556309137,0.0005794215840382909,0.006921585576899582,-0.0010142366939603995,0.007494469599358675,0.0008970984636176135,-0.005985860359943324
-0.0004164949966996845,-0.0034010168968451266,0.0007110742427043716,0.0069501434583776256,-0.000650572075890516,0.00763410251040657,0.0006189870031442665,-0.006103903641924972
-0.0005091276578612249,-0.003402183382182854,0.0010232916984150705,0.006925300914145585,-0.0008338310107598472,0.007657445405066097,0.0005482930775523288,-0.006164984612264027
-0.0002989037858741849,-0.0034794522382530584,0.0010310701279906932,0.006978600568921471,-0.0007849445640212819,0.0077281176278949345,0.0007282564580223487,-0.006175667456388869
-0.00032977021192140795,-0.0035012412859720416,0.0006180318005828177,0.007132665829268234,-0.000799376753061131,0.007786302736141958,0.0008608405098519195,-0.0061903757035088715
-0.0003095596391352401,-0.0035327721377436025,0.0008569499592413147,0.007139500226218194,-0.00105337187109086,0.00778735557654758,0.0007289360930172212,-0.006274701709471236
-0.00034038032373590884,-0.0035553407849708055,0.0008976290438436422,0.007187279772099477,-0.0009121584873403969,0.007886784555706758,0.0009846866540071531,-0.006254429172754201
-0.0004032877364553245,-0.0035708568798858455,0.000804123070463849,0.007268354604184821,-0.0011099543226609676,0.007899758532480313,0.0006729784322707154,-0.006389442715274938
-0.0004939720914197795,-0.003577121248978373,0.0011492305197517588,0.007233593092427938,-0.0008837748762697497,0.008022803437759395,0.000782889633327203,-0.006416485766517432
-0.0005532218056011592,-0.003589468198217767,0.0009996185971200616,0.007339845167650363,-0.0012180965763114587,0.008000177542923275,0.0008660619825242459,-0.0064482027515233315
-0.0005707226936942215,-0.0036144923970553642,0.00111713058397448,0.007367371326663041,-0.0009756675816022278,0.00813517961045909,0.0009422302746671828,-0.0064809075079301105
-0.00037720374162229835,-0.0036964828994041484,0.0006383694229867413,0.0075445263042612015,-0.0007557711685057955,0.008250604120722564,0.0009916229924247196,-0.006521355183438272
-0.0004976146137233662,-0.0036988974629251084,0.0006501999821139489,0.007605754659839233,-0.0007239937597116426,0.008325634973651207,0.0009410332699104241,-0.006592964394628817
-0.00044596648782349786,-0.003744104019001452,0.0007465615368632975,0.0076523489962457315,-0.0007797183616910944,0.008386001017080627,0.0010702718463340235,-0.00661004748612353
-0.00049629639854908,-0.0037636894838294754,0.000976732894196669,0.007665648647869006,-0.0007737270877283547,0.008458805095796851,0.0007593879845475553,-0.0067549747026242075
-0.0006116237595328591,-0.0037621500927907292,0.0010771482511337945,0.007705545530243161,-0.001102201083447041,0.008458233535038596,0.0006000618939234472,-0.0068457149238509525
-0.00048206500218117554,-0.003833976101244111,0.0011596865941695218,0.007749726890746018,-0.0013589358527507328,0.008457018895898028,0.0010204790677555472,-0.006804224690517909
-0.0005184260953871415,-0.003858507250309738,0.0008418887334979893,0.007901871703978578,-0.0012381681943323532,0.008571310952089609,0.0007219931191528192,-0.006942161705507906
-0.0004336548208531027,-0.00391427677917485,0.0013178148441993708,0.007839538180786337,-0.0013894987473184294,0.008601805229029796,0.0011863461077470353,-0.006873509822246009
-0.000566580679559821,-0.003915083642533682,0.0011271787800871671,0.007972405781117353,-0.0009157619650666481,0.008808476202926468,0.0008544037691722848,-0.007036615620665386
-0.0006790726441009517,-0.003914651700927137,0.0012987294823310791,0.007992704843113941,-0.0010574717582949114,0.008856208919170045,0.001216194453851289,-0.006992002701295502
-0.0005022384670587011,-0.004005479504506925,0.0011607441626425568,0.008110868413563135,-0.0014842336136674204,0.008812702209924122,0.0012288757222485187,-0.007053776993490773
-0.0004660085744107699,-0.004051506039711469,0.0011282343448688077,0.008196245226337988,-0.0012786577582148708,0.008961886856968533,0.0007812831818744056,-0.007249138610775782
-0.000489836857654887,-0.0040836699912900985,0.0009308667946924659,0.008323366709826996,-0.001170523861112577,0.009076499343688586,0.0007860695523135104,-0.0073155442235029264
-0.0005931922990125378,-0.00409449074562168,0.001253945135723492,0.008315703611676979,-0.001192848697055171,0.009156715170543596,0.0007448002714804889,-0.007392863393541394
-0.0006682759637010224,-0.004110490518934414,0.0009024280105656455,0.008487588003248623,-0.0009721999443142174,0.009296663283481466,0.0009966356175906983,-0.007402870819655567
-0.00042584785951161583,-0.004215550344453505,0.0008453944781662005,0.008580464152953753,-0.00088112746358123,0.009403603545827739,0.0013542019870854119,-0.007358260756375955
-0.0005439767643063612,-0.0042287683335688895,0.0013587429972762575,0.00852903199525391,-0.0013875930836488315,0.009370174930989478,0.0007449719403792911,-0.007606290847437091
-0.0006579774449285522,-0.004237517409378385,0.0008395702172564007,0.008748206992791366,-0.0016415007124328668,0.009379579354547477,0.0012374339686982746,-0.007549565008939666
-0.0005646457207025852,-0.004307394092939411,0.0009631099765906288,0.008808366336633065,-0.0011527531977265789,0.00962169682645168,0.000749229065784484,-0.007754543458184508
-0.0005793956508120332,-0.004346719598227383,0.0013281314169780564,0.0087997612706878,-0.0017177538532177163,0.009545441817576232,0.001290279674590065,-0.007686326949823325
-0.0008310923556823626,-0.004306950085499187,0.0013849695406355546,0.008872255662348357,-0.0015123780557601734,0.00971575377453131,0.0010703127927006023,-0.007834174586264243
-0.0005010643685914517,-0.004455199702190583,0.0014684496086784101,0.008937157157245981,-0.0017590046588861648,0.009731762706336342,0.0010386100626988,-0.007923271035670166
-0.0005587485845547543,-0.0044870912352108355,0.0009688748492052815,0.009167827370312645,-0.0014846489796840729,0.009928185095136094,0.0009646319173045862,-0.008024044023407166
-0.0004941381112291256,-0.0045490197107496645,0.0009856049224106524,0.009258942005588914,-0.0018042808223311692,0.009924712534767559,0.001207111051954526,-0.008041021710140676
-0.000809519009990157,-0.004504169755817028,0.0017555779083349955,0.009121520042710064,-0.0019450831361542496,0.009978182553168569,0.0009113758019559945,-0.008204899570308366
-0.0005163043768731799,-0.0046401478484980815,0.0013575002608758274,0.009360047814020608,-0.0019895618427200512,0.010071079465723366,0.0008770032500749187,-0.008299085670433783
-0.0008490901664346021,-0.004589440013438391,0.0014995963469027933,0.00941769585040255,-0.0019841377992990293,0.010186655992705225,0.0009439582681512237,-0.008372753467772677
-0.000559247549647381,-0.004730376362274579,0.0015259730646911523,0.009513355344740515,-0.0012387717180181142,0.010538808723550263,0.0010592180062193332,-0.00843542773720635
-0.0006508465899845192,-0.004758499865189513,0.001982027082831713,0.009446055622434942,-0.0012538240240292423,0.010650476658005463,0.0009121454931303622,-0.008562414979405695
-0.0007071066789920649,-0.004795376587463449,0.001475647277648062,0.009744515953898318,-0.001954647981228427,0.010552116968979876,0.0015844890142139997,-0.008455789084823886
-0.0007466650355936067,-0.004837657123196157,0.001145170401536599,0.009944452090991767,-0.0021399366348519204,0.010600845949795785,0.00147677183735863,-0.008594074117201029
-0.0008429143603106956,-0.004861168919098235,0.0016095862734051166,0.009926048011655001,-0.0012307991366068904,0.011016555261646828,0.0010579286423115343,-0.008818144141528834
-0.0009338620170884442,-0.0048844180962209285,0.0013637465170907616,0.010116404028470131,-0.001862573621011731,0.01096151002189311,0.0011252945238466245,-0.008902211182474255
-0.000993669492494485,-0.004919130067090458,0.0013466812408585423,0.010238853228034963,-0.0019759444539528843,0.011051426744669957,0.0015638427585918586,-0.008870373709619312
-0.0008400640239765442,-0.005037954300378524,0.0014309791539475615,0.010336231898738765,-0.0020083294567640876,0.011173332231698165,0.0010933070570276996,-0.009118929966054417
-0.0008266281150265377,-0.005103663134869326,0.0015252128470413964,0.010432440693787534,-0.0015941260782662595,0.011444851937339627,0.0018214819474394136,-0.008987162503089894
-0.001113021518335474,-0.005053301870224078,0.002232230588101431,0.010295334230835696,-0.0021489194757497183,0.011397387669764484,0.0012105260585848548,-0.009307690879981878
-0.001005743393580663,-0.005164943239961811,0.0013906897435265655,0.01072582713428258,-0.002058538245941434,0.01157532167592994,0.0014351179384857382,-0.00935635765850717
-0.0008971651194496164,-0.005271927883964088,0.0016045771623418707,0.010797526472692292,-0.0016650634383947045,0.011849599969862616,0.0013357092837595118,-0.009502740012735872
-0.0007755163056694181,-0.00537813425282529,0.0019031304855568582,0.01083465072699859,-0.0017536766726122118,0.011972278665888191,0.0014122139629304112,-0.009599485001424341
-0.0011859928503486167,-0.005291072883351805,0.0025991680812822073,0.010672125887315897,-0.002541052960634613,0.0118325982655186,0.001313616347862501,-0.009749855253054369
-0.0011783014979843672,-0.0053668170013683025,0.002186960624196446,0.011010324114090624,-0.002310745855624014,0.012089437956594182,0.0022312633844298606,-0.009526813365050103
-0.0009728425968944344,-0.005524522720665005,0.0023080125751868694,0.011108227638126423,-0.0017249391901668625,0.012448733686110379,0.001797638554059769,-0.009846835339073776
-0.0013159456820588998,-0.005450201151366716,0.001723143522557283,0.011475716044296027,-0.0025032205706089147,0.012340586962879561,0.001497920986356428,-0.010081241360212425
-0.0011971453335053602,-0.005585287815638659,0.0028215435221845774,0.011172323451726921,-0.002980167287587313,0.012290448040458311,0.001702166030724512,-0.010150468109355016
-0.0013406975601198232,-0.005596578415513337,0.0024728668734360607,0.011507864977636858,-0.0025943181685191773,0.012650021601185588,0.0024776338388213673,-0.009954786265643382
-0.0010398537894899629,-0.005809490816334871,0.0017900927431918846,0.011929033351254826,-0.0021560063584849373,0.012997899126102738,0.0014347613552783086,-0.010514763069843716
-0.0010445873670818016,-0.005890311079669922,0.00279977710738697,0.011689725766316252,-0.0030781294245684774,0.012792964855817504,0.0017064807004970794,-0.010578052244395892
-0.0008737947567568394,-0.006031062801894528,0.0024552903843235584,0.012026041335120224,-0.0019016577865243922,0.013447564673090783,0.0024322349528184926,-0.010432988112831524
-0.0012404113256804458,-0.005984929336607148,0.002064218747834225,0.012354023795090773,-0.002439373228104695,0.013462367435999155,0.0025449592945085784,-0.010535964167904753
-0.0014994559118438858,-0.005950885645745119,0.0018190498202370106,0.012612961031883047,-0.003362292204050624,0.013243895361820978,0.002703718981687082,-0.010617044614132326
-0.001482664811624014,-0.006054775122524244,0.0032984465880739403,0.012162085084451013,-0.0031648667397214964,0.013557231083278172,0.0021011426265703983,-0.0110658452225425
-0.0011500900578391747,-0.0062995583361127976,0.0020537715837583197,0.012916617143986054,-0.0037618848148219934,0.01344794493499881,0.002516371096935864,-0.011055845608315564
-0.0014428492919827034,-0.006271942610464332,0.0031991852187225264,0.012624385978228344,-0.002321446459048821,0.014334476820451353,0.0024906572271004655,-0.011245483250180448
-0.001091394861693515,-0.006518243396028999,0.0031919835284034926,0.012839104141769943,-0.0022302204876182567,0.014585751633090612,0.001877085047433932,-0.011668644016864202
-0.0012060067021606676,-0.006579955036429628,0.0022751587818875124,0.01345132880834596,-0.002845994786376031,0.014594569394168436,0.003211683265913398,-0.011230821870537509
-0.001570473432650979,-0.006526117757865344,0.00216489633740907,0.01370378192760176,-0.003768523187340705,0.014392327930202193,0.0034158543167093045,-0.01130085456505837
-0.001869463425920098,-0.006470098604868132,0.003474350452161479,0.0133582310871101,-0.004055204891937477,0.01448000655461774,0.0019068355529166948,-0.012225683577652252
-0.0016173921531688418,-0.0067311607692538845,0.0035788143244097253,0.013538696290141415,-0.0032264866947608116,0.015173610162129599,0.002661568754214584,-0.012135003843677002
-0.0014218276588835854,-0.006941577550999152,0.004196058455979665,0.01340076141665964,-0.0038682223457773804,0.015121925023867827,0.002650918649570588,-0.012351711584280358
-0.0016449906705405702,-0.006960713023533289,0.0030286494887340086,0.014311012650990504,-0.003967158232275083,0.015345700065575991,0.002249789631135375,-0.012731486250247925
-0.0017009673809751259,-0.0070601423334153745,0.002501988805903783,0.014773349585204812,-0.0034830789973289505,0.015875481235732427,0.0021338078863697377,-0.012993871995069751
-0.0014478909757040578,-0.0073075686247806035,0.0028553519102043844,0.014903304564728184,-0.004576306635791155,0.015572119407082582,0.0034484524241901633,-0.01262473674524845
-0.0015731899201230463,-0.007388182636698671,0.0042019967861130015,0.014494026789996237,-0.0030088483176409445,0.016660328227272335,0.003940139745838414,-0.012560647452959187
-0.002037205971432093,-0.00728677139422759,0.002881972855852205,0.015445387349441713,-0.003538007783623268,0.01675316890271373,0.0035193687180028223,-0.013088150884468873
-0.0020676280209607615,-0.007417829778776845,0.0043380499103891764,0.015009783211334204,-0.004959965962960719,0.016297889065385627,0.004173114677022751,-0.012934308729810265
-0.0019451030706454863,-0.007641812871310391,0.0038784188894773293,0.015589047643880652,-0.005424210254042254,0.016322845237610795,0.004068189194106283,-0.013290465997901346
-0.0021440243316316354,-0.007686837491572153,0.0035976674196830185,0.016048436404050365,-0.005305023858044128,0.016777459194109837,0.004652846679426582,-0.013154237818825132
-0.002723107118300234,-0.007441839818731543,0.003707165451451885,0.016325244477777206,-0.003944892299331295,0.017928656834036244,0.004003520068538638,-0.013922881366637843
-0.002603248734323949,-0.0077196057938343976,0.005258397050141325,0.015733542325218335,-0.004214350318469949,0.018174058217933997,0.002910259925723388,-0.014785683878343583
-0.002066484534535026,-0.008244883842065523,0.005807971328075588,0.01567540647050229,-0.00609717124723984,0.0173807179596436,0.00370371516829553,-0.014722102342433697
-0.0020516487537038082,-0.00843565992394669,0.004423796412668374,0.0170275925219982,-0.004368505252215576,0.018892204999063824,0.005002837429781711,-0.014197992198910863
-0.0031197068054084893,-0.007877912067148425,0.005169567722899803,0.016965189157376548,-0.004453632456061515,0.019271144618302684,0.005037518562277869,-0.014534004415705334
-0.0032083413121344606,-0.008015059467030721,0.00619166214025084,0.016610892251531287,-0.004459518796384423,0.019705461009073902,0.004369977538506803,-0.01536978118800691
-0.002192709722271305,-0.008956229201918563,0.005065425012794848,0.017877735849828335,-0.006085056142941976,0.019219683468763158,0.006010359917681079,-0.014460147952999393
-0.0020894732401365496,-0.009221596793115492,0.005285649746081347,0.01818778111135529,-0.007112373635672187,0.018922904617177196,0.006056509698590245,-0.01484885801271744
-0.002205991683063266,-0.009387404632445114,0.007366467446627334,0.016951462948175212,-0.007212638123207695,0.01938153900462865,0.006010860433240964,-0.015340430428014116
-0.003703605703614785,-0.00851505440542909,0.006504165814121565,0.018287162810419127,-0.006406130079624188,0.020559954426076086,0.0061143292705284,-0.015709074668995352
-0.003107827223647501,-0.009319702514013642,0.005968734090830185,0.019214580204238284,-0.006425620251825876,0.021113033735953742,0.004958632269606596,-0.017058639261319803
-0.0037152984683184046,-0.00907603698789697,0.008082250786552708,0.01791172241400021,-0.008001304259159455,0.02047892840422119,0.004744211072983801,-0.01765543318840829
-0.0033844463228117744,-0.009663929437045376,0.005464983404920919,0.02062381899521302,-0.005992206460786157,0.022576713880022456,0.005616222107697374,-0.017587550943838147
-0.004011225949397277,-0.009402605015914346,0.0068617939412982994,0.02028969532950065,-0.00826524115833014,0.02159283548814198,0.007707020583234004,-0.016183358741595634
-0.004359572894711628,-0.009361441982421786,0.009185771080761995,0.018651636674013015,-0.0059728051092348125,0.023881697651508965,0.005598974365618138,-0.018671032596775362
-0.004579180938598493,-0.009469374626719129,0.00603742808485714,0.022122096877256227,-0.008699915701882943,0.022690447747349487,0.008268151720136547,-0.0168034751504959
-0.004753305955918828,-0.009649860773627316,0.006711258749156464,0.022383033070095284,-0.00916546638937455,0.023069648591943895,0.005367130693907004,-0.01997928021795
-0.004909372873206858,-0.00987449198265726,0.008035237755270317,0.022138193813595143,-0.0069864906695192115,0.02552033304208993,0.005913476903231746,-0.020275307518934044
-0.003591126265977361,-0.011539880601802407,0.010455839854826085,0.020388554472921865,-0.009753448615190138,0.02427637978589199,0.009003231550541127,-0.018143530656220125
-0.004169581781099417,-0.011508378833005777,0.008713218490496243,0.023216205911068027,-0.010605179364189473,0.024389082339417865,0.00843078076367904,-0.019637701263519058
-0.004420877253410602,-0.011736757317508397,0.010375901233613321,0.022475218248534493,-0.011957222851628842,0.023861694329385442,0.009112095788261342,-0.019733658734077467
-0.004236744647170048,-0.012355264216623363,0.011864856059428235,0.02156305809705503,-0.012981108835469957,0.023625731953271403,0.0106552722617326,-0.018544358733907064
-0.005330835158861084,-0.011839293906346601,0.010129840368955485,0.024838144065928776,-0.011974888577718652,0.026258319399383445,0.008125072534591094,-0.022503967889826525
-0.0049703671997350495,-0.012763345125231066,0.011153045726413948,0.024910427208249174,-0.01466153294431086,0.023655411806697217,0.007699121684304499,-0.02376368161046943
-0.006016170193630378,-0.012229243404992896,0.013924855180792681,0.022144561354519466,-0.014264939497614225,0.026010744764563193,0.011710689017392056,-0.02041611015779364
-0.005506440314444626,-0.013459981143957175,0.012834090961142054,0.025509250061240135,-0.016343091438135633,0.02375855909813825,0.011776262188995877,-0.021669080957077022
-0.005252872120533418,-0.014351134613370222,0.014736625954067268,0.02409489220924238,-0.013393666677841311,0.030337564936215648,0.011561298521264373,-0.02334617317845799
-0.00773439342212492,-0.011812241169560287,0.015158216636285833,0.025225417947106626,-0.017760296907380655,0.024951853286267832,0.01195440110821821,-0.024256714568104302
-0.008064530335979385,-0.01219071555465379,0.01250074748542576,0.03053740476356104,-0.014899163785342723,0.0321303260502086,0.01474732616763813,-0.020903613826483754
-0.008361827857185923,-0.012737250799127452,0.017077376482114263,0.02575924417597875,-0.018509322633055582,0.02863772310114297,0.013253378830839695,-0.02573448895647118
-0.007151649578996917,-0.01573582247395432,0.015447318768335095,0.03090479640004088,-0.018560871408484607,0.03127826098370978,0.01395925723797006,-0.026587730810748517
-0.009350295676345828,-0.013176408313478646,0.01583144977699416,0.03262239939080877,-0.018095680213122703,0.03469256874142658,0.014212766899323959,-0.028237690390409794
-0.01021023381792481,-0.012087887055273002,0.017663353240091287,0.03255325034606932,-0.020184628254357007,0.034237450696009766,0.01745582002669291,-0.024627434012236497
-0.00978995124401007,-0.015524917624125159,0.01824479971806699,0.03449364205987354,-0.022064492015094764,0.034026586004166186,0.01580957727367395,-0.030591662152224152
-0.009349155593954783,-0.017900394046294583,0.021068008526353117,0.03283190251300042,-0.02235790075858028,0.037377160336276014,0.020311863546170598,-0.021595696869639427
-0.011055373375565069,-0.016635411461517313,0.023629484293282488,0.030459877900849454,-0.026228080137675948,0.03176751052808698,0.021406855940813773,-0.02064061529582283
-0.012610870452430138,-0.011572956869737321,0.02444598469180024,0.03384306535674364,-0.0281835855916577,0.027393012675545968,0.021121896136037887,-0.030681397649538464
-0.013398647752460406,-0.013103732278727095,0.02726493066334504,0.027113576842166306,-0.028875313399055635,0.037433041001952966,0.023858589916824765,-0.02195399570096312
-0.013957095990233126,-0.01706188932670387,0.028045205050412532,0.036228555600778034,-0.030833925280406932,0.039161635952052506,0.025385457150752414,-0.027064347944058285
-0.014737457508543408,-0.011513315436230818,0.03088991892755359,0.030083273504082797,-0.03274717314158619,0.025327424603557386,0.026582184960887503,-0.021692134750750325
-0.015415132089152806,-0.011057418842833757,0.0315604996717749,0.023104438973915814,-0.03497588203501343,0.026721730605045707,0.029071113433178704,-0.0289287607249226
-0.016613551265445087,-0.011945481054822005,0.03451091883337728,0.026696256256109985,-0.03873931519527569,0.043868954704498676,0.030708015716442556,-0.02520922737274618
-0.017678109848306173,-0.012061008832852218,0.03473552633008868,0.021731992930807725,-0.042288159007173434,0.04289777244210806,0.03144898240905403,-0.02121613434962075
-0.017889683078424753,-0.010274143200403641,0.04079326227546054,0.031579561618588985,-0.045259799438245436,0.03718195451519071,0.036979879805174996,-0.03577865367420904
-0.021275448391238298,-0.014632513967903448,0.03825010570055911,0.020171835370190704,-0.043527373605040595,0.024654425705777656,0.04061390037187142,-0.03805333470971885
-0.02106021179701997,-0.011268193507625807,0.04179709184944529,0.02141170549599754,-0.04800918763767215,0.026810457610597752,0.039923422901450956,-0.023981405246340536
-0.025005792447932274,-0.014849286373226741,0.04163015314379134,0.017641932212621652,-0.05654931201478951,0.03468723994213011,0.03700896995590586,-0.01596649488089756
-0.02455319266312242,-0.011182026510841058,0.04849946086009773,0.02113435261402578,-0.06514310473608181,0.04067641113695826,0.043932623668984566,-0.02005717438879031
-0.03155470984455522,-0.016849000643921936,0.04711604264802647,0.016031540180499192,-0.06714714994009774,0.033146869889824335,0.04005075810101328,-0.013085730367676051
-0.02693863122039459,-0.008815726544805174,0.04657702960052351,0.01255060480263736,-0.05777732693837178,0.018048805461743755,0.03982218458992375,-0.010405946303524531
-0.025966498117805024,-0.006263234810611962,0.04615844256759149,0.009590163055862078,-0.0519197454224167,0.011109458586353226,0.05653062832079835,-0.017148848849976833
-0.029797969482882825,-0.006090024047405613,0.048763562612913175,0.007897057028203234,-0.08114136003214455,0.020729550567212585,0.040773161995604476,-0.006271938179017205
-0.030055736869050196,-0.004036459096057264,0.06555394842227488,0.009464493314248876,-0.05215676442464189,0.005417988387833656,0.04380098473661634,-0.004769715241045092
-0.03920011408240007,-0.0033976421201106937,0.052280808185716794,0.002957893145600122,-0.05641322497540186,0.0031451048736121957,0.043339687529124524,-0.002314104817573685
-0.03156731441330044, -0.0,0.04954245752192351,  0.0,-0.05503940931707442,  0.0,0.04961996627696251, -0.0
-0.02882812689472472,0.0018311934509224034,0.05597118548725735,-0.0033918050782860178,-0.08270977941680668,-0.006785034622045105,0.0578270401151209,0.004129006392537677
-0.028072561392334567,0.003513140541794834,0.07777288400629302,-0.013439237821158169,-0.056162310109760874,-0.0062930953847930736,0.04619661383038043,0.005312902837114194
-0.02617051671145617,0.004651646794886787,0.07101261736478691,-0.01728635281320912,-0.09125774415716542,-0.026725235215317722,0.05896126469938844,0.013482305445129046
-0.02549585664271245,0.006024912858465355,0.04745718283979675,-0.0101636603222407,-0.07566176151219704,-0.02502860980202062,0.05506776013564131,0.01618944675185906
-0.021449075714034475,0.005363949476659417,0.05826285878569248,-0.020597157219731002,-0.0808050038148297,-0.04007557614236727,0.06191935970871015,0.02856101336837614
-0.023672648151807894,0.008282229686774672,0.05762662907229418,-0.02580266036098236,-0.05685736746142584,-0.021960235235911427,0.050425887784265835,0.022461595079535955
-0.026552336233929046,0.01372419414382972,0.044293912107699646,-0.016996053190155264,-0.06299728422041606,-0.03661552407470635,0.040425767321050854,0.01635348684736023
-0.024085495316595963,0.013282056077642015,0.049139991622969656,-0.027244014210397287,-0.044850516360322785,-0.018573332826289087,0.04337410572322576,0.024286364046958255
-0.02469728732852387,0.0197574528512006,0.04779872012764744,-0.03232680528369367,-0.04993702661275936,-0.030196017608808485,0.03533308022935315,0.016997681823606208
-0.02189929864974706,0.016498326150735522,0.04466403847123451,-0.03395964496320405,-0.050482590456781794,-0.04553841610855925,0.03722404500198551,0.02424208832675619
-0.02069904973350249,0.021448111750941048,0.03873686992712569,-0.02555386775460891,-0.04600026657014018,-0.042584452191809605,0.036197537072348226,0.02933573673490931
-0.01746333281350548,0.011535969638507957,0.038136232493986885,-0.032494911457272235,-0.04205692204071004,-0.037834905253692895,0.03131267815619589,0.020883701725544244
-0.017378991101074756,0.015263122831095946,0.03313458789112734,-0.022488212950560423,-0.03678666207785405,-0.025970084662367863,0.029168438672756553,0.019933366381790104
-0.01620637305991471,0.014793757874423094,0.032542628548005915,-0.027015944294342138,-0.03602960223401099,-0.03225302401165439,0.028976521417067753,0.03141905967038243
-0.015045420579418217,0.017271648549413852,0.030428381517353838,-0.036283012822919604,-0.0329521830186226,-0.02615983584458601,0.02664861048635272,0.02202737794518165
-0.014173089400553056,0.01561415925241373,0.028893348938347736,-0.02687117495029491,-0.02878366377091135,-0.04504674581829674,0.025194743048465425,0.021931408677982385
-0.012402773109493724,0.018479753823478856,0.027259753060872086,-0.027817931765171396,-0.02612202922891098,-0.04430594157293275,0.02371252648420697,0.020640083925305634
-0.011631303703535016,0.017649694051727234,0.025448047115895402,-0.029686456629625046,-0.0263135146620124,-0.03832201778145793,0.022242851698174394,0.026675511529989725
-0.011984329465225783,0.012398074493904824,0.023445050209744838,-0.031137797708938788,-0.026698188291771507,-0.02753975431470292,0.020758318269953818,0.026708310921734854
-0.01025865427921253,0.01634446787067462,0.021109661960323437,-0.03274050159510735,-0.023021524045394388,-0.03604906654631429,0.01787396989013914,0.030078575368552806
-0.010696758565508476,0.012661594587415462,0.021816219296944588,-0.02542212616257714,-0.020307111802860506,-0.037269493879744965,0.017171723043825724,0.028367307077656827
-0.007819148736122704,0.017146425467234647,0.018121680010195963,-0.03181549880618697,-0.021617775810389667,-0.031120557404214093,0.018218093511275006,0.021717458495831964
-0.008769117189752691,0.014513130590583002,0.01942892488559586,-0.025504873556465472,-0.01870427021947576,-0.03377218663099165,0.017186695478939234,0.021909265912776966
-0.007768944107977515,0.01494848694134806,0.01434723972666531,-0.03224149573851213,-0.017554033586220045,-0.03293690236635774,0.015260242181253617,0.02435502688769802
-0.007133784417577723,0.014784495350259231,0.013147954065360783,-0.03161251812351653,-0.016066512317726118,-0.032708990810557816,0.013255596709162477,0.02573137913870512
-0.006020679825754225,0.015129809616064364,0.01222494060121218,-0.03080290413458706,-0.01842501403664158,-0.025964304394409044,0.012229428578217268,0.025425485592553355
-0.005504579182187944,0.014833906201084887,0.01531692253308453,-0.02491951379456085,-0.015184350399511241,-0.029875923420517255,0.010124583058889877,0.026241951332462383
-0.007082263351263293,0.012143255813075965,0.01071523371243464,-0.029172106224020448,-0.014788009792130503,-0.0286059633588065,0.009461935420662421,0.025570190511218144
-0.007284702621305241,0.01079825530570784,0.012377012812542627,-0.026096013737111498,-0.016200944101890543,-0.024117843676398926,0.011934907739752176,0.02141861504005175
-0.006552624630453714,0.01143355508752141,0.013314677056432005,-0.023288300668958452,-0.012579401217059473,-0.028228204224136133,0.008886032850532044,0.023818185824924874
-0.004422546416378912,0.013219365488584395,0.011931308854884687,-0.023963361238704323,-0.013424130870847685,-0.025742078400221777,0.009319469577337243,0.02237671761041265
-0.005860484798682914,0.01116283738990247,0.012894886776507764,-0.021082368030446993,-0.009754482055523159,-0.02836486909615838,0.01024918537705231,0.02025011260687272
-0.005546592996703633,0.011015140565867457,0.0118951685883694,-0.021514999690712813,-0.009829710671747111,-0.027206729669756954,0.01036982588195655,0.019010038250242396
-0.004347682222556174,0.01180008468440942,0.011826163782617026,-0.020414396115858463,-0.012448791319323561,-0.023163010515753705,0.008438712450988662,0.0204608006246065
-0.004773926975103222,0.01093485790363626,0.008607648185768287,-0.02330746405036228,-0.011846361672237734,-0.022862214501751042,0.008401690850403,0.019668211763152133
-0.004013435620441626,0.01122205483925316,0.010385527494210501,-0.020485451089403958,-0.008707164485374008,-0.025184638246532925,0.0068257312544827255,0.020318076515179053
-0.0031329142854403377,0.011458757143902378,0.008181738612460908,-0.022013788965158456,-0.010674775308658456,-0.022329908397336784,0.006327378455030215,0.01999804496413585
-0.003008797665104083,0.011181612602154408,0.007425750969998606,-0.02187449022337249,-0.008212119188585061,-0.023887906829633897,0.008192654472732583,0.01760952929985206
-0.0040805869733626906,0.010022361839046577,0.005853374321992523,-0.022228436450378686,-0.008850680433514838,-0.02255275699912916,0.00844607782434962,0.016565509349047186
-0.0031922516650088415,0.010413046173648747,0.006709950428112725,-0.02103516075947358,-0.00848817913235868,-0.022118003967773765,0.006956243926495595,0.017600747636813078
-0.0038339878146830485,0.00957932746262066,0.006342423107772974,-0.02066356532038464,-0.0077611486145834204,-0.022021247641406727,0.007551435004447395,0.01637028805810197
-0.0033921103859820925,0.009657799505099924,0.006911209066860176,-0.019639926583497117,-0.007728955942340476,-0.021372049415299917,0.0069954636720326435,0.01639638407516821
-0.0035269342403660997,0.009252478538112185,0.008085737466021536,-0.017907769449767824,-0.007287762584363095,-0.021086349613578262,0.007116662326924088,0.0157054610234324
-0.003714578375093402,0.00878551473185049,0.007881593317532729,-0.017523820677066225,-0.007243878522210126,-0.02051020890891912,0.005474275282547984,0.016706217764806686
-0.0037404437617161723,0.008475104640686383,0.005911929401020566,-0.01873494234870691,-0.006052240513534267,-0.020794489066416885,0.004629868043091011,0.01681404317919186
-0.003546120331395373,0.008410682521155293,0.005942229012662572,-0.018214032398909317,-0.006086873889232216,-0.020234625809626993,0.005130312984007475,0.016056449968412326
-0.0024023147791466318,0.009057903591206298,0.00532275373798048,-0.0181641093714989,-0.006609232082902097,-0.019337206846650155,0.006021315129866754,0.014883102836143346
-0.0028414520414551617,0.008548594408094313,0.005461458606893144,-0.017620150547719874,-0.005298443543967682,-0.019722844954989598,0.004032135223992079,0.015938287210905372
-0.0030891946569558035,0.008124749109946426,0.0040417219041399294,-0.01801188668914582,-0.005023777264571964,-0.01941473110341279,0.005391613189993059,0.01462454556934082
-0.002839285975895726,0.008120610780584363,0.005520104003651212,-0.016717731835197137,-0.0068096340804427065,-0.0176771757334203,0.004553089582315041,0.014887537916833844
-0.00248760944164842,0.008177951013053499,0.003862915506491733,-0.01731510442757843,-0.0038326591830993143,-0.019134669912386063,0.0035520781401945155,0.015126698294839508
-0.002207899938413425,0.008165847340935428,0.0043057528935975,-0.016718419169316958,-0.005600420280569219,-0.01775287103383777,0.00448611150367772,0.01424064256148766
-0.001845475283222853,0.008181194299601372,0.004017731554450484,-0.01651346585988585,-0.0050541727865244445,-0.0177088352471598,0.003092479939992335,0.014708302739745334
-0.002329714618062812,0.007736743570259927,0.004627089753514648,-0.015813139387203502,-0.005545332783432878,-0.01698634246297535,0.0038879481584479705,0.013993897044117277
-0.0014895957709546099,0.008007758792268319,0.005162456201638464,-0.015088654611331341,-0.0046930894773896765,-0.01717231186708453,0.004584400912948843,0.013208915935390319
-0.0014147851588256054,0.007882992318639613,0.003431083687196811,-0.01580931907951196,-0.004275444583062009,-0.017053463737124172,0.0034149804156997083,0.013683455041613238
-0.002317579484223517,0.007253679570919995,0.003589693354571878,-0.015428333988453953,-0.0044684016336720605,-0.016604912256112683,0.0027184595069336703,0.013742988650127318
-0.002223152032918321,0.0071666894633566,0.004746224568245968,-0.014421073479079588,-0.003178023471743235,-0.016902817267310452,0.004185309533485565,0.012649743050137732
-0.001930127035180276,0.007206196721647539,0.003906389576924559,-0.014672182173314301,-0.003797209326430727,-0.016320232756438693,0.004050316579356281,0.012482367818490544
-0.0017442779784646739,0.00717011623694795,0.003224171208592593,-0.014745381261201876,-0.004748292166514052,-0.015458491815978545,0.0029566475821155747,0.012888417881290427
-0.0013263966194396043,0.007226493235478204,0.003210352040266206,-0.0144855916009038,-0.0034145385864331602,-0.015906702306971682,0.002486298486118033,0.012863727159875807
-0.0018674677189711795,0.006839574765788349,0.003720971044796355,-0.01396017314959085,-0.0035450310882680623,-0.015563821389806689,0.003327743745963728,0.012223066063490388
-0.0013065653500098208,0.006988533889126474,0.0031205125437730836,-0.014020088876133124,-0.0045452168331273435,-0.014706690435451308,0.0024544693742690397,0.012436225409737461
-0.0013178246548878857,0.006866891034385027,0.0027340838785917705,-0.013948815659713709,-0.004436119120320958,-0.014502759217912713,0.002851337851498783,0.012043713820637188
-0.0017361914528685677,0.006550055535773734,0.0027325746496115583,-0.01371754003781551,-0.0034747877837893577,-0.014799860160755553,0.0034451934692378582,0.011490083156490544
-0.0014682078337938049,0.0065762526660202185,0.0031793653105332787,-0.013284896546296453,-0.0024416001887780977,-0.01498116025703356,0.002717079421280036,0.011702498265385915
-0.001269027667152166,0.006555330474972489,0.0028742737687362245,-0.013210793273412923,-0.0025674226195661794,-0.014701172451130087,0.002614728527241075,0.011557733271152358
-0.0011863486433382378,0.006483919607892871,0.002541593520861552,-0.013141112571958992,-0.0030676239833830484,-0.014267183624537987,0.0030123622707109725,0.011157293780286603
-0.0012984404585766978,0.006337855206241514,0.002704427687699319,-0.0128666612032917,-0.003520414599222216,-0.013813224715656955,0.003069069987339251,0.010935798570100871
-0.0011918559241686222,0.006283453348449527,0.0027674212858803354,-0.012637130396436979,-0.003082566984778061,-0.01381233056873273,0.0025307763319132636,0.011048905536256303
-0.0014388594097287637,0.006077172079305209,0.0033982096493969326,-0.012102477301780197,-0.003264343688478866,-0.013507141622917078,0.0018454935178205823,0.011159608508651829
-0.0013468514695712632,0.0060277641416468025,0.00262998134910765,-0.012313584394250674,-0.0027944116055741647,-0.013519924377979744,0.001787005122488877,0.011015674354159594
-0.0010520106671973405,0.006059364500006462,0.002095308233388929,-0.012343245839555768,-0.0032219482306459287,-0.01311270957486064,0.002459608688298595,0.010578832363839403
-0.0015232959606619359,0.005754416876785592,0.0028081141500691338,-0.011862587015375903,-0.0027087113775072923,-0.013158905335386006,0.002607258745100079,0.010342761528778752
-0.0014800758169477661,0.005690603453794111,0.0028272889596761613,-0.01167565854853647,-0.002950988398099948,-0.012856234366768561,0.0015246632976573104,0.010634761550944307
-0.0007976568712075419,0.005887548425043055,0.002366510129107231,-0.011719802636466116,-0.002335463452158769,-0.012933807653341668,0.0022459053037576656,0.010216835434552334
-0.0012843896741791992,0.0056244504464237205,0.0020926468637061358,-0.011663796970706899,-0.0024684182808601715,-0.012702394655959532,0.002427684735148578,0.009980951207721519
-0.0011477437538546073,0.0056069389889739155,0.0025853014902207077,-0.011293048104189709,-0.002202166045930254,-0.012629076399553046,0.001811500262833683,0.010111371144818481
-0.0007858621511011024,0.00565879882057173,0.0027487184293062336,-0.011050750821142005,-0.0023272713614085083,-0.012411983602627866,0.0015220335288165432,0.010073849551830527
-0.0012730560271719071,0.005395458761807875,0.00211616264737534,-0.01118749378952472,-0.0026085730078687116,-0.01212661332724021,0.0020454795853426643,0.009745695923747404
-0.0011465943681549687,0.005381207565184509,0.0014357249111097987,-0.011261678933580597,-0.002754358591615236,-0.011893224871321322,0.002136177140375419,0.009572700443178745
-0.0011236590917364983,0.005319560664416789,0.0017415562469773255,-0.011030171710296207,-0.0023163894679169355,-0.011928470285631933,0.0016587188607280255,0.009641475359442226
-0.0009835648228172045,0.005307698663090418,0.0022549344634380216,-0.010693439945220954,-0.002525070388652359,-0.011683425196904419,0.001221802025690424,0.009652587913032475
-0.0011628244295495732,0.005162695662719782,0.001994039362152023,-0.010663082881733578,-0.001445879673654372,-0.011908008902424288,0.0018907823094231533,0.009306334749898434
-0.0010650183347907858,0.0051401177001648354,0.002118900267699272,-0.010477634369858742,-0.001685105657957086,-0.011698682531796928,0.0017419966204773611,0.009248364435606431
-0.0007297223994055163,0.005195969585416539,0.0019063305742015428,-0.01043092943985012,-0.001905620836414253,-0.011486408759371621,0.0015463469957807704,0.009205367405567008
-0.0006942298267378716,0.005143854807773074,0.0013248716614232242,-0.010488065129578792,-0.0020006124698442405,-0.011313105116740567,0.0012105384763409928,0.009196998170431006
-0.0006348683524793184,0.005098985834267043,0.0012514899852476484,-0.010383502938260129,-0.002381707904199688,-0.011019545509462405,0.0012547547271932952,0.00907655219692683
-0.0010049082762070487,0.004914364838702588,0.0013424462477017777,-0.010239984957567103,-0.0018003757369650113,-0.011113045586657235,0.0014941169448680952,0.008895110765548081
-0.0009775181176756612,0.004866619008766734,0.0014473857799587818,-0.010092675605284722,-0.002124085765541538,-0.01086265325573345,0.0017707663041356596,0.008683348916165533
-0.0006178886002641643,0.004929884878045807,0.0012129742958800083,-0.010040518082716571,-0.001576394510276803,-0.010926635744804914,0.0009993789107920986,0.008831981473690976
-0.0007042205633761269,0.004850661692457172,0.001980316492874987,-0.009670811749938571,-0.0021359588711038825,-0.01060251827998912,0.0013542801919690505,0.008635447685875023
-0.0007294397005414441,0.004788527604363562,0.0017873836651694417,-0.009636451932712132,-0.0019064194457540306,-0.01057035839161999,0.0017543488701895786,0.008385675231611833
-0.0008213613947131456,0.0047041058055053925,0.002001066400541915,-0.009437649800840548,-0.0012062110874984473,-0.010661616982689049,0.001229630468473485,0.008481311664217488
-0.0006341913987903889,0.004711121070949748,0.0018186038628727585,-0.00940652799495126,-0.0018966619509422312,-0.010336393354274552,0.0017233839784469704,0.008206517552920213
-0.0007886647487664629,0.004611655875234727,0.0017038486970027808,-0.009345849310219706,-0.0019611816158348915,-0.010195888898987659,0.000957928460398268,0.008369538006700462
-0.0006304833018112306,0.004611394987914375,0.0015809213408020093,-0.009287832572766662,-0.0017228923993405445,-0.010172313802730534,0.0012875357172548213,0.008189335014616266
-0.000532079547348549,0.00458795489888381,0.0013676834670822305,-0.009257346201980314,-0.001820928116833509,-0.010026647946755694,0.0011568076592991905,0.00814176969205214
-0.0007878908960915772,0.00446362193411222,0.0010713851081648976,-0.009239625682973578,-0.0011131118115540498,-0.010130418298457391,0.00108135449005596,0.008077468033632225
-0.0006331399798348934,0.004466927671444759,0.0016044206825180974,-0.008983682121468241,-0.001090416211217251,-0.010031672382759892,0.001322197192293138,0.007919256087813598
-0.0007365634300425941,0.004387912103734143,0.0009548680669155489,-0.009077998023663587,-0.0018118818595629332,-0.009711662213796404,0.001302823527607303,0.007842999866252896
-0.000442364439095284,0.004423080068357783,0.0016282089278958063,-0.008786739070835452,-0.0016804062641381503,-0.009658823403072895,0.0010833546501839734,0.007830519360343796
-0.0007433622441334047,0.004295300799983955,0.001456948167604216,-0.008757836672009179,-0.00180651343374433,-0.009511449069348442,0.0014026117959340249,0.0076456084584812034
-0.0004803984368828603,0.004328090059291765,0.000992127015946975,-0.008801842452756151,-0.001419107781095338,-0.009548905224067603,0.0014250367024197215,0.007558255503630303
-0.0006806375698275675,0.004230169258550773,0.0016043500403368767,-0.008526920680988188,-0.0012187416960552126,-0.009510679893241475,0.0008006848044245356,0.007668792253977889
-0.00068652553173966,0.0041861543958560815,0.0009126143661765334,-0.008649196708211564,-0.0010217621891538545,-0.009465361559892896,0.0008303364483896962,0.00758839761235563
-0.00043571962061253716,0.004213510971820376,0.0012783783292420637,-0.008470830144399973,-0.0010036668954000196,-0.009378758800305932,0.0012930171446352016,0.00738097183834133
-0.0007111680502294714,0.004095650493540276,0.0011327807807378393,-0.008431343999474115,-0.0014293785296999758,-0.009175663639280577,0.001235864113537264,0.0073286362722229745
-0.0006333984846150794,0.0040821499208551285,0.00087046821864077,-0.008414742926673062,-0.0011734741646337837,-0.009161805587817205,0.0008701610638420814,0.007365092302171743
-0.0005918210008486318,0.004056073496831139,0.0008329385582607156,-0.008344328080453255,-0.0014943384365771518,-0.008978748865449858,0.0012671571785173635,0.007176259025652579
-0.0007070231382363029,0.0039794924041985395,0.0008664043549811724,-0.008260678554033165,-0.0013751531240974173,-0.008932621140734273,0.0012375624027971257,0.007118180360695035
-0.00048814582527769026,0.004009016499657907,0.0012855593644954444,-0.008072248292942544,-0.0014709774555504995,-0.008817274799083358,0.0008419081765770906,0.00716899439882782
-0.0005734119621577276,0.0039491922318614725,0.00106296118626042,-0.008063612946693825,-0.001479862334527254,-0.008731665470373694,0.0008308996226930739,0.007106397442452144
-0.0006043052500353575,0.003903525142024645,0.0007996602305822764,-0.00805235966936442,-0.000818646169522257,-0.008827764756362814,0.0011198976464150711,0.006960166875016469
-0.000660473148508657,0.0038489855195944166,0.0013126483485456232,-0.007841321728707941,-0.001363046396449407,-0.00861048767533232,0.00107770314964042,0.006910192466504014
-0.0006090085584608324,0.003831358428252992,0.0012922991819430585,-0.00777682360416403,-0.000808186083516791,-0.008674876625267338,0.0006273600164211783,0.006960706658832752
-0.0005151511948119463,0.003825211798833982,0.0013086490040436463,-0.00770087973625369,-0.00124094089021798,-0.008494087840777178,0.0010671968723787474,0.00678952839961724
-0.0003472205697292388,0.0038301060691384487,0.0007780129357195794,-0.007778299091643701,-0.0011457636868070263,-0.008446439070722608,0.0010152752326795483,0.0067455028961606
-0.0005747592632839721,0.003740824342551388,0.0011807216493494237,-0.007606830926245829,-0.0013932741212668428,-0.00829557203219181,0.000686371103012325,0.006770765065665947
-0.0003728157459342192,0.003760260548287652,0.0009464884359360245,-0.007607424691507165,-0.0008902983802835252,-0.008363728029648191,0.0008238999471898273,0.006681749703380741
-0.0005912822936723361,0.003670594368387004,0.0011076380708374537,-0.007497707255015308,-0.0007040903541975726,-0.008329073558280616,0.0008479171926876377,0.0066186539964418
-0.000365732120821076,0.0036988112965516047,0.0008827896127162814,-0.00749455655898526,-0.0009863817320320853,-0.008201199252841636,0.0007276932486110205,0.006591806527859372
-0.0003074303490129192,0.0036789180698278225,0.0007974641710847963,-0.007451418224901055,-0.0009085527358898285,-0.008150920290788113,0.0005487836512792706,0.00657206941174113
-0.0004892445632097759,0.003608398537983645,0.0011616868092700853,-0.007290887627831592,-0.001011356083783255,-0.00805871981019779,0.0007671832466288668,0.006473605614725987
-0.0005502316618091302,0.003560298503630031,0.0009749611311363056,-0.007285708401804041,-0.0007451669291570654,-0.008051190280657719,0.0008970352783684672,0.006386002224915289
-0.00048208457288623197,0.003550954907186242,0.0008875615239687352,-0.007248639811443922,-0.0010499379298329757,-0.007916462199023852,0.0005870003655417099,0.006406541259571798
-0.00042304058093962726,0.003537335334438307,0.0008460870238201857,-0.007199959865600133,-0.0011066215272793167,-0.007836001569747618,0.0007431320593474367,0.006322105075342868
-0.0003848319483186958,0.0035177983904186205,0.0006033096038441268,-0.0071917482934837395,-0.0006407455550419968,-0.007877726070891971,0.0006958189238687148,0.006282314913690566
-0.000442742005436177,0.0034759071899366388,0.0008944512495187562,-0.007073106538805407,-0.0009788274885266701,-0.007744658852431033,0.0008939148909047969,0.006180800290407128
-0.00032264760434981516,0.003475173931701303,0.000811507718847325,-0.007037360122650604,-0.0009781530253288105,-0.00768331703221912,0.0008381906031739885,0.006147257084376712
-0.0003181543266086697,0.003449024920878691,0.0006583685248115883,-0.007014712429789383,-0.001005180802019018,-0.0076155684793633655,0.0004983529734193481,0.006173518767378652
-0.0003313274089198736,0.0034199221483572624,0.0007677083379533388,-0.006937944310599853,-0.0009973204319596585,-0.007557940689793838,0.000574396169185424,0.006112699439556359
-0.00044604355152615,0.003366976555093137,0.0007674998277070579,-0.006884527977344604,-0.0010225330843299549,-0.0074921721099562135,0.0007486312359061736,0.006027323465430182
-0.0003970693465523208,0.0033534839493340476,0.0006164206681309435,-0.0068627066549471144,-0.000885497708315256,-0.007469804318522577,0.0006927203664645734,0.0059945850398371294
-0.0003489370433671519,0.0033388432341133817,0.0007733325310307435,-0.006778604551151418,-0.000580582270904235,-0.007473562567628739,0.0005609441177781273,0.005976991984554242
-0.0004069534582143321,0.0033003111617310884,0.0006729711119440652,-0.006749235848303948,-0.0005800660472984328,-0.007418021339247894,0.000796803751390233,0.005877275749017439
-0.00044429808713580593,0.0032655866756865137,0.0005558482034770729,-0.006720610896659218,-0.0009628385791665175,-0.0072815880802860845,0.0006420080058316303,0.00587141282727739
-0.00042724710004740164,0.003245693056853495,0.0005064624786123159,-0.00667914702329928,-0.0008503416284511848,-0.007255556840948216,0.0005943888392771896,0.005838041302169079
-0.00032076224789019247,0.003246486612512961,0.000813879179358907,-0.0065683763256119574,-0.0006668251587943695,-0.0072408915456558505,0.0006750647839580972,0.005777241548072216
-0.00038687196588803503,0.0032081096687997064,0.0008420700681459472,-0.006512709097042128,-0.0008221735355523383,-0.007155675055206278,0.0006019547997430747,0.0057512895468268856
-0.00038296511007293745,0.003185641317589606,0.0008148709114236765,-0.006472026520652171,-0.0005176532213716872,-0.007161303350568952,0.0007382168628248256,0.005677062583261222
-0.0004154919922399353,0.0031541900349693983,0.0007563552307073473,-0.006439485640494081,-0.0006419912239466541,-0.007089894150892319,0.0005395339333377067,0.005681162325780403
-0.00026589559655846706,0.003164137226354542,0.0006303412716093213,-0.006420789552207072,-0.0006788931281565927,-0.00703250241237938,0.0007723125198789857,0.005585526672647666
-0.00029881119162730404,0.003135880125928162,0.0004768010669279195,-0.006402142948199157,-0.0007663553153917567,-0.006964419726748266,0.0006490717270639742,0.0055772465944283105
-0.00031026891935071653,0.003111591949410697,0.00045819979803931763,-0.006360245944825673,-0.0006162484878630068,-0.006945458598132405,0.0006034684748296861,0.005548161162080634
-0.00025862664215984947,0.0030994251981324205,0.0007240874973450215,-0.006265788744583768,-0.0008279702579636108,-0.0068521434709670976,0.0003879657661442471,0.005548220240178518
-0.00028602629875904007,0.003073153352965976,0.0006508425322562158,-0.006238370440464463,-0.0006044152629515666,-0.006851577631859373,0.0007213368249537772,0.005441805068276415
-0.00036065674439913716,0.0030359863026294034,0.0007656565595648604,-0.006168628109174532,-0.0007213852395093155,-0.0067815040667861416,0.0005894145676823426,0.005436098764515262
-0.00023215101115894074,0.0030404410974296985,0.000572197379120719,-0.006168546894867135,-0.0007533421799378178,-0.006727858854150176,0.0006290498592694333,0.0053896749982640145
-0.0002596779958112181,0.0030154164297268673,0.00042767570270654457,-0.00615040778098186,-0.000498683246804736,-0.0067298459389315245,0.0006589024619924721,0.005345454218335978
-0.00022095314498804397,0.0030013954594225773,0.0006970622883140153,-0.00605902484548179,-0.0006408155331240474,-0.006660329969939441,0.0004723913465743656,0.005349016366044553
-0.00034836120407454735,0.0029567649423839775,0.0005453041984572867,-0.006049676493809555,-0.000732355953925904,-0.006596453547475705,0.0006423956447212147,0.005277068601642787
-0.0003633972329225643,0.002933192997953139,0.0005509693808847548,-0.006008443916875814,-0.0005756306644985748,-0.006583787896311116,0.0004464761744709146,0.005282531986179426
-0.0003589571273201035,0.0029146682054283575,0.0007363263909865033,-0.005928165687326843,-0.00044372854282876556,-0.006561027707671032,0.0006152643463787175,0.005213105562151634
-0.0002339539905710431,0.002921048238374101,0.0006878005913195205,-0.005900614182107162,-0.0004949238296602481,-0.006510893163838889,0.00039444748801851175,0.005221823365347314
-0.00024918550161533967,0.0028995263903228625,0.0005663194386408985,-0.005887978839394199,-0.00043075087064877343,-0.0064778940111799195,0.0005224411254162258,0.005165111096805898
-0.00023987573619432787,0.002882373847169598,0.0005384268548535422,-0.0058550856560517315,-0.0007216311632096227,-0.006383516566047293,0.0006177597883586976,0.005110037770817999
-0.0001821224596381685,0.0028724202053714573,0.00041729264804225223,-0.0058373972684158965,-0.0006806089148388291,-0.006351240663117338,0.0005285720057080289,0.005097091665267035
-0.0002066447543605155,0.0028508506012336707,0.0005946881917567325,-0.005769024857227915,-0.0004373315179580043,-0.006353670053939756,0.00036852395583068223,0.005092836186176831
-0.00020795998629938306,0.0028326504220386266,0.000656245089205764,-0.005718579034096673,-0.0005096485809006466,-0.006302662162117435,0.0003324860192523478,0.005065683431165625
-0.0003346251788671863,0.0027900962746654624,0.00036060840063643315,-0.005735227025845347,-0.0007085673079118561,-0.006223801680152474,0.0005605344877363532,0.004992978575151917
-0.0001905736341765505,0.002799786580911391,0.000432017521811382,-0.005689554235139711,-0.000566104773239951,-0.006213981001646412,0.0004554732569845906,0.004983065242059542
-0.0003331586823266709,0.0027552169200066082,0.0004988201248166874,-0.005643158974681404,-0.0006188730693515857,-0.006164989542811692,0.0003251778921208146,0.004972606426064495
-0.00023970949657137387,0.002757619416972773,0.0006698169883073402,-0.005572054466610532,-0.0004345272542566804,-0.006158485811939692,0.0004259442754118029,0.004926594269643613
-0.00031437923050131546,0.0027253525567189586,0.0003501638738286417,-0.005596405634228762,-0.0006856156039082332,-0.006074247836990658,0.0004244200060696165,0.004896551699737542
-0.0003232813474328671,0.002706364395898626,0.00039204068894113897,-0.005556810901287596,-0.00046022913880769194,-0.0060797381364231795,0.00029980002218176497,0.004885222023539393
-0.0002155317823129438,0.0027114113151984545,0.0005980097133773582,-0.005485841134605064,-0.0006493351256475758,-0.006007781046462066,0.0004386965429452794,0.004834448362039192
-0.00020889857490945634,0.0026961170104382363,0.0005489476200712152,-0.005462825560456543,-0.0004679355351878927,-0.006005322768648418,0.0004756359172962257,0.0047980940734019826
-0.0002942353925341538,0.0026637526688674707,0.00044048184989413396,-0.00544973479757721,-0.000681584839054852,-0.005927662991885628,0.00036991008949273125,0.004787995416578712
-0.00019714203536152852,0.0026658142652437895,0.0004254702647440856,-0.0054196691461332715,-0.0006605951835883029,-0.005896699422465882,0.00035546444033784534,0.004761705422195495
-0.00028732576300759065,0.0026333684821167884,0.0005535597987902459,-0.005364055050922428,-0.0005980983427257492,-0.005874898308132353,0.00048425400748825073,0.004710456392023515
-0.00029764133690028785,0.0026153527301018553,0.0005809984268278403,-0.005326286744234586,-0.0006730150251424452,-0.0058234981766752646,0.00037302840589744886,0.004702976166522194
-0.00020995340561260327,0.0026170690501310695,0.0006111339624627579,-0.005287878349267544,-0.0005220331643505651,-0.005820344587679812,0.000522104180472461,0.004646542268178228
-0.00019598168146301828,0.0026040252695526895,0.0004944073985297927,-0.005281430007524917,-0.0003938658150795773,-0.005806731380376165,0.000466248955390341,0.004631226936802645
-0.0001778619414763466,0.002591603952014149,0.00044774038903205014,-0.005259149999916586,-0.0005078391285032209,-0.0057553020370800815,0.0003140593234432126,0.004630131714865156
-0.00028262130636836307,0.002557788173886583,0.0004916891127899694,-0.00522086432587712,-0.0004478735387072517,-0.005732163915794366,0.00046971027754066886,0.004576799906632844
-0.000259427900017323,0.00254797479225419,0.0003642714531808619,-0.005211952966237341,-0.0006001258093575733,-0.005671068264617697,0.0005102283196444051,0.00454155316358643
-0.00016806199978117492,0.002548844752910495,0.0005154090788352867,-0.005156471686038144,-0.0006237765664861201,-0.005633287203352641,0.00036986900778049364,0.004542925799165499
-0.00017677639151009438,0.0025332892170941905,0.0003126230348663631,-0.005159953179342419,-0.00037632312256049525,-0.005645415849054006,0.00031236544220593414,0.004525933060036396
-0.00027153189842013303,0.0025020144714894407,0.0004098746233485203,-0.0051172929417050705,-0.00044805153055634293,-0.005603170783104733,0.00040956006126185724,0.00448482613437729
-0.00022979009226858322,0.0024963441371181894,0.0005043016021870076,-0.00507152183532399,-0.0003322679355434369,-0.005588087386209047,0.0003903181072702694,0.0044631079923860666
-0.00020233198974740037,0.0024872045289300506,0.00046258262037976705,-0.00505116446402832,-0.0005336155618091159,-0.005525498715435814,0.000381205851931149,0.00443980215797507
-0.00025023345668307464,0.0024645761263278523,0.00037495157970946966,-0.005037787186812011,-0.00031662161298975103,-0.005528422713645132,0.0004196453881202563,0.0044081435021469184
-0.00022802198871124427,0.0024552738581145577,0.0003187847853593372,-0.00501791087337752,-0.0004553695180130716,-0.005478562211330336,0.00027833913984726913,0.00440633627858154
-0.00013970514801411583,0.0024551143646902402,0.000318618910075254,-0.004990587866319336,-0.0004164607721566416,-0.00545479758521795,0.00031910697255023483,0.00437673930352539
-0.00025327358917062005,0.0024233512484754358,0.0004306265614704768,-0.004946500300948275,-0.00037259612777905686,-0.005431535959260983,0.0003774858365017081,0.004343543075578108
-0.0002432904660818259,0.0024121831341876597,0.00045665953831282394,-0.00491490725036755,-0.0004360021078988594,-0.005392662022179704,0.00033385929542129706,0.004327187896149969
-0.0002183276590337702,0.002403931136116392,0.0003964890546912879,-0.004898878408767726,-0.0003115134234969062,-0.005381007437278434,0.00036139944757213223,0.004299414006325075
-0.00013064651491571407,0.0024038352336553503,0.00036251567928788375,-0.004877937108521836,-0.00042898883805084686,-0.005335986256289411,0.0003200561202157259,0.00428296645850751
-0.00017505117635331917,0.0023854006068540633,0.0004512760794215598,-0.0048369602784807545,-0.0003902032870572206,-0.005313554579678262,0.0004303845811640309,0.0042405346781097305
-0.00022663249238441492,0.0023639631720794173,0.00041687620347357485,-0.004817444086334539,-0.0005378104551668754,-0.00525924312941263,0.00022479696734459595,0.004249894679722632
-0.00023369873565101364,0.0023500246718003263,0.00025729804177945445,-0.004814488977555848,-0.00036835673560539216,-0.0052607691446933105,0.0002807969228259409,0.004220908371655032
-0.0001955107103226825,0.002344665460489401,0.00028371793028862023,-0.0047864052241097825,-0.000533009098532408,-0.005204583561507702,0.00033672418961110784,0.004190564896492258
-0.0001798389436986014,0.002334946949225649,0.0004340561881196522,-0.0047387052437774,-0.0002730646773969154,-0.0052177702323014385,0.0003880717233149945,0.004159676699952508
-0.00015407944824023337,0.0023265489685327934,0.00044679551159624545,-0.004711589816647107,-0.0004010472604048452,-0.005174144487715318,0.0004207935996496034,0.004131506218611735
-0.0002023013921949789,0.0023070917652568677,0.0002757588152072668,-0.0047135713487187385,-0.0004347211973026927,-0.00514191900899041,0.0003838874895531568,0.004117273229030882
-0.00022451469774950885,0.002291027897004637,0.00045106532218442026,-0.004662053766073324,-0.00039144414191515087,-0.005122471633262221,0.00026049780308659733,0.004115496003056106
-0.00013219293890376143,0.00229372919144744,0.00045938105870949546,-0.0046364133284939255,-0.00043909319908898444,-0.00508847237126195,0.0002752639795184222,0.004092602118967829
-0.00013335854089596645,0.0022819897977192174,0.00027413802033032336,-0.004642213283429748,-0.00039600824877462156,-0.005069668388082169,0.0002599804151461093,0.004073866126451781
-0.0001874713579844384,0.0022628024488514863,0.00034212445401448456,-0.004609718206850002,-0.00028571602328793537,-0.005058962427594004,0.00037362750328792535,0.004035411788226781
-0.00015891627377151045,0.002255804012280235,0.00024279051163504374,-0.004599233026738232,-0.00048654228513070075,-0.005002528874548294,0.0002390531742692614,0.004035595542693001
-0.00017778673748359655,0.0022416763166489824,0.000377683936040171,-0.0045579217541572145,-0.00044447403119572367,-0.004985221803792011,0.0002301795926400697,0.004016516643886465
-0.00020015293243619387,0.002226672829189561,0.00023110648227685676,-0.004554884947677331,-0.00030413431360820013,-0.004981529277445763,0.00032379476347403976,0.003983537980516523
-0.00017051627315315445,0.002220567216686198,0.00025146948989298847,-0.004530266758481509,-0.0002556708593395623,-0.004962414588830902,0.00029261140478306283,0.003968626319950128
-0.00017928762767073798,0.0022082085500954854,0.0004167574317825972,-0.004483317890250906,-0.00035089766130430214,-0.00492632183061417,0.0003685611234265867,0.003936226982882885
-0.0002096835825756607,0.0021919162504497195,0.00028122767606965485,-0.004482462726979485,-0.00027580691316534577,-0.0049117933506374716,0.0003111935928632888,0.0039267994070630195
-0.00017075758224256718,0.002187962555525516,0.00025587174567920124,-0.004463699894034755,-0.00040129888946112456,-0.004870412038947696,0.00022314614497053533,0.003919668220701349
-0.00011597727815024263,0.0021845488459789272,0.00042122096521304044,-0.00441666437094132,-0.00024686679910931707,-0.0048673820194304815,0.0002950298850530389,0.003891096572025014
-0.0001972424206395719,0.0021622314217835466,0.00023957253219692592,-0.004422534135821558,-0.00033095393360857255,-0.004833895090216455,0.00023850071689331394,0.00388008139105154
-0.00012586792949154362,0.002162516124242936,0.00029286189054316975,-0.004394875025208897,-0.0004460117757322271,-0.004791914544377737,0.0002567973057775749,0.0038591070443166524
-0.00018381921811971798,0.0021437970556546938,0.00028357878426498503,-0.004375088581515032,-0.0002944793447460849,-0.004792425432210502,0.00018389841579478136,0.0038490383101348687
-0.000198750755348002,0.0021308337619037627,0.00034929354658422214,-0.004344663507495304,-0.000428315721835911,-0.004749200650223455,0.0003411062391094642,0.003809080942205439
-0.00015748896422891593,0.0021276235313603888,0.0002876325918415014,-0.004333122944898812,-0.0003079620880160736,-0.004745365095991361,0.0002754051903136486,0.0038016495146458813
-0.00016568645079730344,0.0021163127746406476,0.0003683911672169356,-0.004300319936939628,-0.00043230425074845965,-0.004703348176411789,0.00033186841648723747,0.0037745642727771357
-0.000134228733695859,0.0021108451328712098,0.0003710276479719058,-0.0042795630696211995,-0.0003804374697428722,-0.004690163434175608,0.00021116007337377088,0.003774237152827307
-0.00019112737801068707,0.002092108094643055,0.00020343610299364975,-0.0042821036109830434,-0.0002290391858881038,-0.004687975511329528,0.0001901148826466237,0.0037589075979352973
-0.00013679533823551273,0.002090897552709665,0.00035174289544873756,-0.004242830306899975,-0.00036721626333026934,-0.00464850160633021,0.0003074978641347716,0.0037257780287896923
-0.00014494973637170215,0.002080114342698063,0.0002973269240121845,-0.0042315028185453355,-0.0002721491214825589,-0.004640092008311456,0.00022887273948456885,0.00371986758269319
-0.00015793854998960618,0.0020686119830982366,0.00023026260979067692,-0.004220414240991254,-0.00036451112394133406,-0.00460594635108723,0.00022535087967376336,0.003703186134197733
-0.00011213133535960308,0.0020651245357093616,0.00029770216152418016,-0.004192597566654467,-0.00026021545328826527,-0.004599003034840171,0.00020026823827894725,0.0036891327075972225
-0.00015092239536631779,0.002050733962356264,0.0003695008053854974,-0.00416186449741962,-0.0002833815989605381,-0.004575297762683513,0.00018807778724868297,0.0036736334105479814
-0.00010667604441292197,0.0020469941603425104,0.0002893131050393378,-0.004155632965530831,-0.00024402627468091646,-0.004559099610981878,0.00028549002468428045,0.0036443061915920867
-0.00014955557021830446,0.0020323436919285867,0.00028230537321477587,-0.004137788745601866,-0.0003627959973723434,-0.0045225549523199475,0.0003208611024019304,0.0036218030446620933
-0.00010049999899764124,0.0020292497211646136,0.000298643186741194,-0.004116826898791755,-0.00038624943705786486,-0.004498171772028922,0.0002802375566081875,0.003612191842002727
-0.00016940815758096698,0.002010914365380865,0.00033440133494867916,-0.004092775450692507,-0.00025844462301719077,-0.00449634389716843,0.00031711806687056266,0.003589768117535246
-0.00010071396881443946,0.0020111815891173403,0.0003227986103826302,-0.00407630517628145,-0.0002762095480317887,-0.004474186408412778,0.000180538087268685,0.003592701980250252
-9.453649860207306e-05,0.0020028808479028944,0.0002664428464145661,-0.004066338977409808,-0.0003525512443606175,-0.004443480897456746,0.00029360127354028173,0.003561705042741263
-0.0001296745701260057,0.0019900892412263627,0.00018331152051162655,-0.004057604474507584,-0.0003404658891345415,-0.004425649016829052,0.0002480635702284705,0.0035528597487889165
-0.0001654427111982363,0.001975959463504962,0.0001894064352094497,-0.004039249478788171,-0.00033647311203209216,-0.0044067094443279425,0.00017113297643699425,0.003546331193632727
-0.00013897505457372664,0.0019713629445432903,0.00020702128025871928,-0.0040198689650601345,-0.0003521743385870068,-0.0043848441200589235,0.0002900066103176952,0.003515209009233958
-0.0001001393591417101,0.0019674870074735456,0.00028989071663516094,-0.003992031180666962,-0.00024001417130382004,-0.00438087538405536,0.0002060055494161161,0.003511729052287431
-0.00010241236632193356,0.001958726644272976,0.0001768373452459259,-0.003987943009343309,-0.00019319442275917797,-0.004366537477808842,0.00024680826165400564,0.0034911768509349713
-0.00011200184532202584,0.001949216139894944,0.0003120919525072123,-0.003954001593938045,-0.00019759721516520454,-0.004347326738065181,0.0002592449581384925,0.003474221701123655
-0.0001429800928682616,0.0019367387416375228,0.0002496696527450051,-0.003945834848430559,-0.0003471515572291934,-0.004309728043578354,0.0002199853843657304,0.0034646689468290992
-0.00012509309469990555,0.0019309037913448044,0.00017450903432800386,-0.00393703938978427,-0.0001962466824712734,-0.004310298021754618,0.00022958889461549973,0.003448548973188873
-0.00012024688959006242,0.0019232737051627531,0.0002992214295380758,-0.0039051322186881413,-0.00035438988553496994,-0.00427152908189263,0.00028387393120282196,0.0034256327589891845
-0.00013567682017109165,0.0019130224046866875,0.0002511438226931377,-0.003895293093283494,-0.00025466439669105705,-0.004267586987168042,0.00024352070968065306,0.003417249482661234
-0.00011516292203437835,0.0019076142376507309,0.0002027629397899731,-0.003884466542911736,-0.00019573697597240268,-0.004255786406791802,0.000251486669877945,0.0034015792023971486
-0.00014169145465740184,0.0018959668596167643,0.0003098453482426584,-0.0038538418803570644,-0.00031852922945758587,-0.004222918415029777,0.0002735231273999313,0.0033837518095326136
-0.00013894412116159224,0.0018883886667251696,0.00029854242464655577,-0.0038393776207192804,-0.00025603031834940215,-0.004213692267134916,0.00024110524830745704,0.0033744437034287306
-0.00013438887033581987,0.0018811330660195463,0.00019216440759122177,-0.0038369402224502397,-0.0002284432231098567,-0.00419927284283663,0.0002187488634906221,0.003363370322108605
-0.0001511332209818911,0.0018707109786112019,0.0002723205875335313,-0.0038112114581066777,-0.00028005664847383576,-0.0041755128502854715,0.00021795485994722033,0.0033494577354733555
-0.00014016614712688118,0.0018646358633756291,0.00028016584269689395,-0.0037942178686080344,-0.0002735715179933233,-0.004159041242849398,0.0001640069301503901,0.003341749123949545
-0.0001191853238724508,0.0018598493394024818,0.00015545842108066358,-0.003792898786731016,-0.00027491204755391544,-0.004141669236870005,0.00017450136972387597,0.0033269167650336194
-0.00011326429277558952,0.0018529412553434173,0.00017761686168239345,-0.00377540717001578,-0.0002734122371337134,-0.004124814795007004,0.00015123884039749532,0.003315554239642562
-0.00010458145270422832,0.0018463806763536527,0.00023688560036200224,-0.0037534318755055307,-0.00028097922445081687,-0.004106872933049685,0.00021423305984368598,0.0032950182385901787
-9.353908500226285e-05,0.0018400500343668472,0.0001630101037157344,-0.0037460320783446062,-0.0003171969211514974,-0.004084760268020038,0.0001557427839112815,0.003288173855828297
-8.158274113860993e-05,0.0018337367637782035,0.00017318252269758755,-0.003729951052275234,-0.00018172035185214704,-0.004084737356992287,0.0002367873043810379,0.0032650899968870643
-0.000120748668711585,0.0018219849957325333,0.0002722470070664613,-0.0037029639678423276,-0.0001683159674079161,-0.004069422892783452,0.00024269279401795593,0.0032509626061374215
