  0.0,4.069963240270395e-05,0.0022101242057147594
0.05005005005005005,-0.0004849151048139496,0.0022097785850465172
0.1001001001001001,-0.00019435562579883892,0.0022335170825756125
0.15015015015015015,-0.0002941195321764366,0.002228441587583345
0.2002002002002002,-0.0004467265144127941,0.002233644668133103
0.2502502502502503,-0.0002339072556843085,0.0022551619908125287
0.3003003003003003,-0.00013102586914805772,0.002262195580755905
0.3503503503503504,-0.0002565054733646906,0.002265050288632305
0.4004004004004004,-0.0002995116023999151,0.0022670676159404586
0.45045045045045046,-0.00032260479491572015,0.0022911390791341205
0.5005005005005005,-0.00033839998799288355,0.0022817136917205414
0.5505505505505506,-0.00046388289360164883,0.002296229857811252
0.6006006006006006,-0.000450337195060448,0.002305090639690869
0.6506506506506506,-0.000499507949456002,0.002316497165813804
0.7007007007007008,-0.00028062973570039943,0.0023352668193066467
0.7507507507507508,-0.0004296105409297337,0.002350778581557161
0.8008008008008008,-0.00042548145734999925,0.0023510280567551104
0.8508508508508509,-0.0003871319053520453,0.002365327651681898
0.9009009009009009,-0.0004079690958799723,0.002377741872451662
0.9509509509509511,-0.00013526535284344776,0.002386702405238959
1.001001001001001,-0.00045639298772144155,0.002397315004672448
1.0510510510510511,-0.0005266925130746221,0.0024161061832000635
1.1011011011011012,-0.0003253880213535082,0.002411911485941211
1.1511511511511512,-0.0002045220386213767,0.002443067596868646
1.2012012012012012,-0.0004259657408096171,0.002445841651524375
1.2512512512512513,-0.0005729734388907083,0.0024565946345726083
1.3013013013013013,-0.00034507951407581667,0.002446495497441222
1.3513513513513515,-0.00043022953337923235,0.002467131040554218
1.4014014014014016,-0.0002561156550733447,0.0024769012175573568
1.4514514514514516,-0.0002754076769037033,0.0024918966839235124
1.5015015015015016,-0.00017936114812724244,0.002505358657027323
1.5515515515515517,-0.00024905262636449547,0.0025134299415369077
1.6016016016016017,-0.00046868397922316605,0.0025219996337022084
1.6516516516516517,-0.00019004092638367237,0.0025511460087000136
1.7017017017017018,-0.0005648902691833994,0.0025384990295883687
1.7517517517517518,-0.0004291385943772675,0.0025384128222589158
1.8018018018018018,-0.000722041131054847,0.0025701593947315008
1.8518518518518519,-0.00023227027750323951,0.002595162525048049
1.9019019019019021,-0.00024285158487995906,0.0026059240168898965
1.9519519519519521,-0.000764532133029536,0.002604319990667681
2.002002002002002,-0.00047701007057721013,0.0026316109650477626
2.052052052052052,-0.0006297014515906285,0.002640680728001755
2.1021021021021022,-0.00032807242047595435,0.0026380144291148775
2.1521521521521523,-0.000558112310994882,0.0026633200940058884
2.2022022022022023,2.3548442855782657e-05,0.002673841372442777
2.2522522522522523,-0.00011702125585357428,0.0026888429479563405
2.3023023023023024,-0.0005617592615818606,0.0026821409517081714
2.3523523523523524,-0.00045862455959304907,0.002700960394213887
2.4024024024024024,-0.0001454660755082382,0.002728667103579471
2.4524524524524525,-0.0008529139682951185,0.0027191500783195002
2.5025025025025025,-0.00032565826009289464,0.002751872343513073
2.5525525525525525,-0.00010422858253453139,0.0027869763020833592
2.6026026026026026,-0.00010107007018069104,0.0027931077042252436
2.6526526526526526,-0.00036782899544659316,0.002785191744572067
2.702702702702703,-0.00048672215563370154,0.0028191248405437658
2.752752752752753,-0.0005431876223374159,0.0028442368752622975
2.802802802802803,-0.0004499035895610231,0.0028346632213331387
2.852852852852853,-0.00062122404405479,0.0028648320040880796
2.902902902902903,-0.0002863619808942809,0.00288258044776939
2.9529529529529532,-0.0005124283817957017,0.0028745463645912118
3.0030030030030033,-0.00046888478642873337,0.0029013821840285794
3.0530530530530533,-0.00014104285007288076,0.002913224944824634
3.1031031031031033,-0.0006662123315201289,0.002931608360057208
3.1531531531531534,-0.0007157961617904496,0.0029407448389108734
3.2032032032032034,-0.00041222074011553893,0.0029610038517401548
3.2532532532532534,-0.0005464139864679642,0.003000143024427267
3.3033033033033035,-0.0007245915945908175,0.002971079608069642
3.3533533533533535,-0.0009515547385376185,0.0030180569514248285
3.4034034034034035,-0.0006986815120708696,0.0030098409780044315
3.4534534534534536,-0.0002739933400645469,0.0030583819265713966
3.5035035035035036,-0.0007281738222316151,0.003061042657337583
3.5535535535535536,-0.0005539226268157128,0.003090821777317748
3.6036036036036037,-0.00038262788826911296,0.0031249410624482367
3.6536536536536537,-0.00036563418759010164,0.003101262104668879
3.7037037037037037,-0.0005039278820164373,0.0031109615406016995
3.753753753753754,-0.0010956753435399393,0.003128641502166593
3.8038038038038042,-0.0006139636648513495,0.0031771127705959553
3.8538538538538543,-0.0007084510405636988,0.0031781572314395524
3.9039039039039043,-0.0006257046727210291,0.0031991148436992176
3.9539539539539543,-0.000750427071743653,0.0032362812038379527
4.004004004004004,-0.0004622239100807409,0.0032397467077257026
4.054054054054054,-0.0004757947455552275,0.0032440580607766903
4.104104104104104,-0.001244151831242064,0.0032196967210885745
4.1541541541541545,-0.0011834602285381284,0.003294206074495046
4.2042042042042045,-0.0004942121436827906,0.0033092543738043488
4.2542542542542545,-0.0006839588603098349,0.0033425739152576394
4.3043043043043046,-0.0011102243236672102,0.0033693578550196626
4.354354354354355,-0.0003758007935086297,0.003386887294164753
4.404404404404405,-0.0008325359965448728,0.003362733939768431
4.454454454454455,0.0001747317015382915,0.0034196970788026135
4.504504504504505,-0.0007267069896511997,0.0034178397579655282
4.554554554554555,-0.0006547891267843702,0.003471199652685441
4.604604604604605,-0.0005200828980510695,0.0035010300574252994
4.654654654654655,-0.0011070769981828075,0.003529729323330985
4.704704704704705,-0.0010737652970371375,0.0035207723513102124
4.754754754754755,-0.0006495483108606267,0.003530153618660057
4.804804804804805,-0.0011500800251153128,0.003555491350862752
4.854854854854855,-0.0010033170444488245,0.0035769831965468037
4.904904904904905,-0.0012455230935720242,0.0036028491619705134
4.954954954954955,-0.0008847725049438201,0.0036330672688574765
5.005005005005005,-0.0005062966573276147,0.0036775825443599638
5.055055055055055,-0.0016306232230665844,0.003674555394048619
5.105105105105105,-0.0008383568522546574,0.0037326600158182136
5.155155155155155,-0.0009182935534547543,0.00376625883843201
5.205205205205205,-0.0016119319435526037,0.003771154481328245
5.255255255255255,-0.0008003119202049462,0.0037959338016969974
5.305305305305305,-0.0018255723938330958,0.0037845812184287763
5.355355355355356,-0.00041365391126277817,0.003871433158954809
5.405405405405406,-0.0010468202492166059,0.0039024881483967723
5.455455455455456,-0.0009302472288675224,0.0039016606319924787
5.505505505505506,-0.0007313344492880269,0.003988273608746904
5.555555555555556,-0.0016485326362062585,0.003920305457025016
5.605605605605606,-0.0018957439238122338,0.00395620854254056
5.655655655655656,-0.0005828336463141138,0.0040759671358733575
5.705705705705706,-0.000994493370749618,0.004018340304335281
5.755755755755756,-0.0011931082296537145,0.004049587702406843
5.805805805805806,-0.001503374575067873,0.0040824250105764535
5.855855855855856,-0.0012215813657554524,0.00417071073808234
5.9059059059059065,-0.001115039386566921,0.0042159644081266184
5.9559559559559565,-0.002099613785223258,0.004136093398480527
6.0060060060060065,-0.000601157094062242,0.004274617110201807
6.056056056056057,-0.001492717610433643,0.004331157099429347
6.106106106106107,-0.001152034400143954,0.004292492371734618
6.156156156156157,-0.0015411140662868923,0.004289184616306677
6.206206206206207,-0.0012399875592974242,0.004300821876425439
6.256256256256257,-0.0018203076630879727,0.004348897743407782
6.306306306306307,-0.0006221188571902425,0.004421258753484405
6.356356356356357,-0.001103836754017609,0.004429881266813523
6.406406406406407,-0.0010422803399303448,0.004507768996858412
6.456456456456457,-0.002103744520662703,0.004499555671602935
6.506506506506507,-0.0011146466097810672,0.0044980896528053135
6.556556556556557,-0.0025035016868220836,0.004643834349362244
6.606606606606607,-0.0007649840319981002,0.004680465193260456
6.656656656656657,-0.0016880751652826116,0.004724257290600624
6.706706706706707,-0.0016550258800186184,0.0046069624581644205
6.756756756756757,-0.00137559930224294,0.004837601853094498
6.806806806806807,-0.0016628922619401907,0.004749940581828411
6.856856856856857,-0.0010185149095889288,0.004871791714141422
6.906906906906907,-0.0022898364706749243,0.004987054124664084
6.956956956956957,-0.002067848025903035,0.0049723468691791235
7.007007007007007,-0.002012495489800685,0.005083830013734345
7.057057057057057,-0.0024451857729357158,0.005021305274705605
7.107107107107107,0.000346483582537906,0.0051288393317957095
7.157157157157157,-0.0011509155529743254,0.005183667178666921
7.207207207207207,-0.002298300163060267,0.005140212255832417
7.257257257257257,-0.00029306380108633185,0.005330937525111353
7.307307307307307,-0.0026966314273097493,0.005213868401193281
7.357357357357357,-0.0016407616063337923,0.005471359735448125
7.407407407407407,-0.003688043139415162,0.005323848847525545
7.4574574574574575,-0.0011527976546074148,0.0053823989231047056
7.507507507507508,-0.002377769049096408,0.0054827804101651705
7.557557557557558,-0.0025107983227937595,0.005428364130973936
7.6076076076076085,-0.0031503646118176665,0.005557542075297713
7.6576576576576585,-0.0019201959373769592,0.005654434960205642
7.7077077077077085,-0.0022899780286036336,0.005659465354923992
7.7577577577577586,-0.001356541980030471,0.005853597422080341
7.807807807807809,-0.0015778531058262264,0.005856806506711327
7.857857857857859,-0.001594134016566556,0.0060715254653888
7.907907907907909,-0.002345724757231709,0.006182215765385055
7.957957957957959,-0.002392814343912472,0.005989267946864351
8.008008008008009,-0.003416455932327684,0.006098578940614133
8.058058058058059,-0.0037895739665297066,0.006267536435579807
8.108108108108109,-0.0019467331293729455,0.0060159427444480195
8.158158158158159,-0.00099707062635694,0.006210273015944196
8.208208208208209,-0.002569418083208436,0.006298915297012216
8.258258258258259,-0.0015365270257450465,0.006387963500470261
8.308308308308309,-0.001795483565692086,0.006745620167109299
8.358358358358359,-0.0036064200052939683,0.0064620700316728955
8.408408408408409,-0.0036632360150716313,0.006694595395411447
8.458458458458459,-0.0018893553146875992,0.006507118384545674
8.508508508508509,-0.004572513731401665,0.006607389215928378
8.558558558558559,-0.0020325789241708533,0.006922410733486943
8.608608608608609,-0.0033117895625626847,0.00688742983595738
8.65865865865866,-0.0014813129141374262,0.007398447826245781
8.70870870870871,-0.003325094417791148,0.006951870267003406
8.75875875875876,-0.003174574174491945,0.007499544794869617
8.80880880880881,-0.003492356338455985,0.007221422412213416
8.85885885885886,-0.005943059298114193,0.0073236457567085805
8.90890890890891,-0.006531229432757652,0.007803995236425943
8.95895895895896,-0.0055505640573181,0.007607483730824938
9.00900900900901,0.0004035790723109794,0.007845412835490215
9.05905905905906,-0.002606143791798301,0.007869761939446463
9.10910910910911,-0.004052788280163328,0.007744522226877485
9.15915915915916,-0.003678838063082518,0.008040789292918979
9.20920920920921,-0.004205449495950711,0.008411485300893164
9.25925925925926,-0.0012874212183026693,0.008858533514539468
9.30930930930931,-0.005681747919985859,0.008583357247050631
9.35935935935936,-0.006372946241230417,0.008376559275866906
9.40940940940941,-0.004345868558080045,0.009088513067355215
9.45945945945946,-0.005433562229770288,0.008977598885280266
9.50950950950951,-0.0046073110419722965,0.008830214913486047
9.55955955955956,-0.004328924973239066,0.010014600382381052
9.60960960960961,-0.00485665456467167,0.009399149563026689
9.65965965965966,-0.003504823565246576,0.009520537458083598
9.70970970970971,0.0015959639944919811,0.010164023305841277
9.75975975975976,-0.006006933974421963,0.009988707765437673
9.80980980980981,-0.00607708755449447,0.010390090702484533
9.85985985985986,-0.013093687966008603,0.009787360918936169
9.90990990990991,-0.005660396137685397,0.00984374371783248
9.95995995995996,-0.0059236591243064605,0.010550291805456705
10.01001001001001,-0.003530728450638647,0.01092084403652168
10.06006006006006,-0.00861468802730304,0.010754766168006554
10.11011011011011,-0.004988857205876273,0.010171454628308901
10.16016016016016,-0.006080059614527423,0.012436089070802955
10.21021021021021,-0.007961172900295911,0.011099755913416085
10.26026026026026,-0.013186272996225488,0.012793503272663022
10.31031031031031,-0.012677282301873661,0.012794717853879794
10.36036036036036,-0.005287243099819834,0.014614418178096568
10.41041041041041,-0.005433037112100476,0.014695776901819536
10.46046046046046,-0.014276036392588797,0.012176526601964516
10.51051051051051,-0.016133223954987487,0.014892411476372854
10.56056056056056,-0.018526398903338535,0.013631150981248667
10.61061061061061,-0.020198238209800462,0.012621959438034625
10.66066066066066,-0.018372410640858757,0.012001720164462576
10.710710710710712,-0.006049615399985709,0.016503141023588627
10.760760760760762,-0.0040676263013920385,0.018386388096854868
10.810810810810812,-0.026776160873954763,0.016860173247014294
10.860860860860862,-0.023607252144695116,0.02021149484440419
10.910910910910912,-0.02145876223943184,0.012668708736618406
10.960960960960962,-0.01674983092657899,0.01734605110928554
11.011011011011012,-0.030116756169395836,0.016703106005083908
11.061061061061062,-0.03568886203380853,0.013604125220365866
11.111111111111112,-0.029252761134539902,0.014950342318252674
11.161161161161163,-0.02835119441241397,0.015011586918497145
11.211211211211213,-0.01780233369522784,0.02072666496848509
11.261261261261263,-0.04498776959030834,0.011085261307172084
11.311311311311313,-0.014161692073301067,0.024007843538538305
11.361361361361363,-0.026579054738689975,0.031932770145522614
11.411411411411413,-0.03382871189977043,0.023342630977581904
11.461461461461463,-0.03511822137554667,0.021939617063352478
11.511511511511513,-0.06804700263559892,0.021964026273512065
11.561561561561563,-0.038141695580344435,0.02762010456804366
11.611611611611613,-0.027616525984020097,0.017209650005019082
11.661661661661663,-0.016922333391396826,0.0404381341646119
11.711711711711713,-0.057837778987456734,0.032805297218615484
11.761761761761763,-0.040415398695138174,0.07343212693987271
11.811811811811813,-0.10345407246570852,0.01795787395938201
11.861861861861863,-0.07698600201135357,0.009807645846322818
11.911911911911913,-0.10268862885037885,0.05864124916915518
11.961961961961963,-0.1569544819288022,0.01158036246421415
12.012012012012013,-0.08037107715038412,0.07213233439590165
12.062062062062063,-0.13106447466993906,0.0920826797624915
12.112112112112113,-0.23039542273202293,-0.08990692195896564
12.162162162162163,-0.14132354181963708,0.2637939488706633
12.212212212212213,-0.09511944566352996,0.07809438199641029
12.262262262262263,-0.27518240167110214,0.20832188696394663
12.312312312312313,-0.36500958470379835,-0.21559571786740014
12.362362362362363,-0.33109754206680764,-0.4448351439920826
12.412412412412413,-0.4811644410034678,0.8257645769550437
12.462462462462463,-0.3318488351994183,-0.3247090827331969
12.512512512512513,-0.2645045969698634,  0.0
12.562562562562563,-0.8204448242407495,-0.9144943047486165
12.612612612612613,-0.37779990385979084,-0.7227081119239402
12.662662662662663,-0.41689071156305096,-0.8997671293037143
12.712712712712714,-0.3400618045490092,-0.11992287042051597
12.762762762762764,-0.33619530196075975,-0.1463000656855361
12.812812812812814,-0.10579135616956462,-0.05795134175402711
12.862862862862864,-0.17006789774630723,-0.13533710762882328
12.912912912912914,-0.18524074648781305,-0.0436886126057733
12.962962962962964,-0.21880172962268105,0.0130437772986223
13.013013013013014,-0.12868507568714277,-0.124829384549376
13.063063063063064,-0.1684089848326204,0.01334403758343801
13.113113113113114,-0.05657014956597834,-0.04091725326053618
13.163163163163164,-0.06486761065521196,-0.05894254146358183
13.213213213213214,-0.051959496266341644,-0.045811352940489325
13.263263263263264,-0.08272726818910722,-0.0513665201157619
13.313313313313314,-0.026413221322711726,-0.0468470519841938
13.363363363363364,-0.01543349296483881,-0.02329595451094056
13.413413413413414,-0.03578716503200994,-0.027062094792581013
13.463463463463464,-0.040048613109491316,-0.026055390800988433
13.513513513513514,-0.05123985244839338,-0.026335016952770525
13.563563563563564,-0.03946439206697129,-0.027824819898621983
13.613613613613614,-0.04677144561911318,-0.007256398654136187
13.663663663663664,-0.04619096453923936,-0.016912223110502955
13.713713713713714,-0.05050844322877009,-0.01998698244352599
13.763763763763764,-0.012371203980045759,-0.022347095765064908
13.813813813813814,-0.02789061140126709,-0.018565463431313288
13.863863863863864,-0.032640290373796794,-0.010568415875023454
13.913913913913914,-0.012469251402642285,-0.024252279675787754
13.963963963963964,-0.019846220527863667,-0.014676222146550186
14.014014014014014,-0.014914864308791815,-0.020467936062671797
14.064064064064064,-0.019087331128739896,-0.013264305104636111
14.114114114114114,-0.032896653775750385,-0.013236067720772744
14.164164164164164,-0.0076244913900485566,-0.01780129116212978
14.214214214214214,-0.024253598174705245,-0.012382628330166252
14.264264264264265,-0.012495209461720148,-0.01649735957660261
14.314314314314315,-0.0031817543926008296,-0.016090092426351853
14.364364364364365,-0.013991194247784756,-0.013291010510333545
14.414414414414415,-0.014424909629867071,-0.012856550325372088
14.464464464464465,-0.01617906177539918,-0.014642157367509309
14.514514514514515,-0.008764328339931144,-0.013025564368820484
14.564564564564565,-0.003624295292965315,-0.01578979996601449
14.614614614614615,-0.01693940703500633,-0.013632019163560652
14.664664664664665,-0.017256857294794706,-0.012830271110187
14.714714714714715,-0.02071975300739235,-0.012210328091417895
14.764764764764765,-0.008847210743420413,-0.010846269107975376
14.814814814814815,-0.008695730108017698,-0.01314198363481954
14.864864864864865,-0.007272109898952346,-0.010554718575156719
14.914914914914915,-0.00462574998071206,-0.011991867864169857
14.964964964964967,-0.004421177660797907,-0.011140311445083848
15.015015015015017,-0.005269926617671819,-0.011234549795106866
15.065065065065067,-0.006451696772905981,-0.011822757659436234
15.115115115115117,-0.007225822984517867,-0.009530278948690754
15.165165165165167,-0.007266933169195399,-0.010738044647576932
15.215215215215217,-0.005681588291230227,-0.01020440474040754
15.265265265265267,-0.009800955607065872,-0.009491213768494945
15.315315315315317,-0.003220297947249097,-0.010592303779009889
15.365365365365367,-0.008119510128663052,-0.009749795400758437
15.415415415415417,-0.011472054195527243,-0.009029794661950514
15.465465465465467,-0.008066128371308694,-0.008782394732874663
15.515515515515517,-0.006626501686027221,-0.008924902078844874
15.565565565565567,-0.00627270476194584,-0.009143135014486981
15.615615615615617,-0.008735345815305138,-0.008913158350107569
15.665665665665667,-0.007622199277563099,-0.008209112543072522
15.715715715715717,-0.007372610049077267,-0.007954839442080319
15.765765765765767,-0.006165420314576718,-0.007836492472254254
15.815815815815817,-0.0037216267896845847,-0.008006755546891495
15.865865865865867,-0.004815832836190933,-0.008337529637733689
15.915915915915917,-0.0023299714906343757,-0.008072540018991723
15.965965965965967,-0.002352442425483442,-0.008154011581040649
16.016016016016017,-0.0022943086956279017,-0.008108759648682604
16.066066066066067,-0.005206631565306839,-0.0075303628399528595
16.116116116116117,-0.00390469912159008,-0.007478672801131793
16.166166166166168,-0.004120288496764408,-0.0069845804570926665
16.216216216216218,-0.003431082278290672,-0.007611845454924196
16.266266266266268,-0.002158182400745515,-0.007650406870278642
16.316316316316318,-0.0040653677273555485,-0.007328621809741335
16.366366366366368,-0.002447126073978012,-0.007275322809810501
16.416416416416418,-0.005870946741951442,-0.007062748395057848
16.466466466466468,-0.0027713986402369247,-0.0067550408178238
16.516516516516518,-0.0035522583058239924,-0.007245340780579444
16.566566566566568,-0.0032457722140790952,-0.006862265629346059
16.616616616616618,-0.003795173646451981,-0.0066526667325556635
16.666666666666668,-0.001620927954361881,-0.006868787131402568
16.716716716716718,-0.0016160561659011013,-0.006611220452458256
16.766766766766768,-0.0036470419191228236,-0.006391038057599177
16.816816816816818,-0.002256268259233013,-0.006314384999106849
16.866866866866868,-0.0029013333999994007,-0.006330742087777102
16.916916916916918,-0.003656353541880485,-0.006260653057638364
16.966966966966968,-0.0012694308424636474,-0.006266460998196516
17.017017017017018,-0.001343803318650948,-0.006032153477647983
17.067067067067068,-0.0019627227879825937,-0.005957145640004368
17.117117117117118,-0.0018481712469507138,-0.005959090107328598
17.167167167167168,-0.002113203902216968,-0.005845425761191519
17.217217217217218,-0.0035457193993199197,-0.005758768233297842
17.26726726726727,-0.0011050430179638557,-0.005658767839877827
17.31731731731732,-0.0024223185014114927,-0.005610361355306166
17.36736736736737,-0.0010031941861316169,-0.005715335120719433
17.41741741741742,-0.002501658697001733,-0.0055844662063420595
17.46746746746747,-0.0014421115767737733,-0.005591073671955939
17.51751751751752,-0.0010695611257740489,-0.005477277694958966
17.56756756756757,-0.002945745659558729,-0.0054148709179780005
17.61761761761762,-0.001855619820944458,-0.005393567975737852
17.66766766766767,-0.0017187704589613705,-0.0054116552707416535
17.71771771771772,-0.0019310443959668845,-0.005264977931785724
17.76776776776777,-0.0014025518298489993,-0.005234594374934664
17.81781781781782,-0.0014793311224292928,-0.00521857522740213
17.86786786786787,-0.0019217246847061497,-0.005181891838986481
17.91791791791792,-0.0007887833147743274,-0.005142008955584001
17.96796796796797,-0.0009373100249202649,-0.005069261312136761
18.01801801801802,-0.0011566470161360413,-0.005049961018658745
18.06806806806807,-0.0017148048370057539,-0.004874328375107491
18.11811811811812,-0.0020790416901927877,-0.004935009214849972
18.16816816816817,-0.0020525070760566617,-0.004837428926545477
18.21821821821822,-0.0007088306805776139,-0.00488924050639448
18.26826826826827,-0.00046764089959877055,-0.004759274438592552
18.31831831831832,-0.0007295925232459564,-0.0047723237825470465
18.36836836836837,-0.002005655678971301,-0.0046632747952428995
18.41841841841842,-0.0014956905233839484,-0.00468448505767587
18.46846846846847,-0.0007744934880891301,-0.004677487080785505
18.51851851851852,-0.0013726806114900021,-0.0045247669291308325
18.56856856856857,-0.002155137880622542,-0.004441921385627689
18.61861861861862,-0.0016708853865364803,-0.004542291124599
18.66866866866867,-0.001452927420103599,-0.00448337009959717
18.71871871871872,-0.0011100880763443885,-0.004457362717125593
18.76876876876877,-0.0009172052179039925,-0.004469457906841128
18.81881881881882,-0.0013954305202094409,-0.004341782375378914
18.86886886886887,-0.0014250101870734787,-0.00434437044782049
18.91891891891892,-0.0008480260116382461,-0.004340702130118104
18.96896896896897,-0.001995119871909085,-0.004235063897226229
19.01901901901902,-0.0012649210896868727,-0.004204611747277468
19.06906906906907,0.00012473303875652227,-0.004259580333464394
19.11911911911912,-0.0011093764127838924,-0.00414012668201401
19.16916916916917,-0.0016640608124659352,-0.004111677172621486
19.21921921921922,-0.001360014528382198,-0.0041004535248859485
19.26926926926927,-0.0005572003709014634,-0.0040711974087692376
19.31931931931932,-0.0015145846142785146,-0.004082717847790698
19.36936936936937,-0.0011645683576331123,-0.004071367236837695
19.41941941941942,-0.0013285953090063402,-0.003953956593424066
19.46946946946947,-0.0006644707855769664,-0.003995364203113036
19.51951951951952,-0.0011009111792848367,-0.0038780942427093065
19.56956956956957,-0.0010478129354236077,-0.0039116588326607235
19.61961961961962,-0.0005292160148543389,-0.0039254907564120894
19.66966966966967,-0.0015682143848997265,-0.003833092368270229
19.71971971971972,0.0002365384437086439,-0.0038822482279818643
19.76976976976977,-0.0006972134699601913,-0.003840891747359308
19.81981981981982,-0.0003545347401608777,-0.0037904858549984233
19.86986986986987,-0.0006121526389419697,-0.003774790202696246
19.91991991991992,-0.0009993112619868382,-0.0037277778483038875
19.96996996996997,-0.0010404897710919484,-0.0036586179832463965
20.02002002002002,-0.000747879272890202,-0.0036676207264025916
20.07007007007007,-0.0008906257682085795,-0.0036217851089983795
20.12012012012012,-0.0009991544502173234,-0.00357188674456503
20.17017017017017,-0.00077841566472907,-0.0035952459804990348
20.22022022022022,-0.0007838233515003848,-0.0036082521033805543
20.27027027027027,-0.0002649949202702337,-0.0035423796504443716
20.32032032032032,-0.0009510905469686218,-0.0035031686558247063
20.37037037037037,-0.0009380929567525,-0.0035021429087619413
20.42042042042042,-0.0011150832449689984,-0.0034687822396072972
20.47047047047047,-0.0003915282881352455,-0.0034774387424000913
20.52052052052052,-0.0004681572141754326,-0.003466887074163873
20.57057057057057,-0.000974904751801386,-0.0034265672889773864
20.62062062062062,-0.0006231624323209122,-0.0033853726099963514
20.67067067067067,-0.0003502264469238229,-0.0033632898958043953
20.72072072072072,-0.0012152664399278936,-0.0033397486301008084
20.77077077077077,-0.0005966404286671664,-0.0033292369287143244
20.82082082082082,-0.0007857979243807861,-0.00331166963258518
20.87087087087087,-0.001014166196950047,-0.0033027478475428917
20.92092092092092,-0.0012690526914426277,-0.0032966855504765703
20.97097097097097,-0.0006244226328845563,-0.0032659385360825563
21.02102102102102,-0.0010077139277170585,-0.0032076345089478465
21.07107107107107,-2.572436128650067e-05,-0.0032369252186701864
21.12112112112112,-0.0005792020214243168,-0.0032078799739041182
21.17117117117117,-0.0005089225080435148,-0.003197790519967922
21.22122122122122,-0.0007667398201855437,-0.0031692808027614207
21.27127127127127,-0.0005669174921234192,-0.003132052026865371
21.32132132132132,0.00013001767500095892,-0.0031261892242689044
21.371371371371374,-0.0010285801962078439,-0.003089672482939963
21.421421421421424,-0.001017386537868235,-0.003083934113637222
21.471471471471475,-0.0006594760472437741,-0.0030599822252088058
21.521521521521525,-0.0008875819109043132,-0.0030410945271784995
21.571571571571575,-0.0004302470202699857,-0.0030345796136211508
21.621621621621625,-0.0005149849930627035,-0.0030474766155074284
21.671671671671675,-0.0008072932952676353,-0.0030090388144169075
21.721721721721725,-0.0005027697177417197,-0.0029697149245345223
21.771771771771775,-9.571445855821088e-05,-0.002996801892293565
21.821821821821825,-0.0005464741923698871,-0.0029732658121273993
21.871871871871875,-0.0006127910565759452,-0.0029188354933781637
21.921921921921925,-0.0003765390766438503,-0.0029267332298935876
21.971971971971975,-0.00027440978630526356,-0.002912291444132911
22.022022022022025,-0.0005475481266005362,-0.002891114680896867
22.072072072072075,-0.00017272872745033785,-0.0028966835261433144
22.122122122122125,-0.0007337587583652243,-0.002878619367905603
22.172172172172175,-0.0008218420538911962,-0.0028227350818374832
22.222222222222225,-0.0008874739547915114,-0.0028164245008025415
22.272272272272275,-9.118614242207326e-06,-0.0028267230136426865
22.322322322322325,-0.000696389589978963,-0.0027866164509519503
22.372372372372375,-0.0007592812615964922,-0.0027943905566079593
22.422422422422425,-0.0006536546304766337,-0.0027674624592200986
22.472472472472475,-0.0006286819345419386,-0.0027510612105289935
22.522522522522525,-0.0005145858076246806,-0.002768446239785412
22.572572572572575,-1.9365681121312104e-05,-0.0027404095001537006
22.622622622622625,-0.00012968268334355242,-0.002735921692513583
22.672672672672675,-0.00017031159211842328,-0.002717025436497509
22.722722722722725,-0.0001370472149662754,-0.002701128528564492
22.772772772772775,-0.0007003225384823752,-0.002685641725887454
22.822822822822825,-0.0006213233577509968,-0.0026602334730381873
22.872872872872875,-0.00038084841524629805,-0.0026665882152321855
22.922922922922925,-0.0003297060648030263,-0.0026519715925491017
22.972972972972975,-0.0005006680404516366,-0.0026243163104342614
23.023023023023026,-0.00028523934229994106,-0.00262057625273541
23.073073073073076,-0.000787639990693792,-0.0026015877999532363
23.123123123123126,-0.00048193123590084086,-0.0025814879350674986
23.173173173173176,-0.0005471397022608539,-0.0025842366420684975
23.223223223223226,-0.0003243881308361961,-0.002577238304232417
23.273273273273276,-0.0004289425539393108,-0.002559561822909259
23.323323323323326,-0.0004885826548276202,-0.002551960522319077
23.373373373373376,-1.5324165380799893e-05,-0.0025487290532458257
23.423423423423426,-0.0005543568915869204,-0.0025234504295375704
23.473473473473476,-0.000720804294178859,-0.002508167979226245
23.523523523523526,-0.00038379756978800276,-0.0024863039260455246
23.573573573573576,-0.0005268980521329643,-0.0024891131006059097
23.623623623623626,-0.00034532171979225607,-0.0024931508711690756
23.673673673673676,-0.0003657131125447744,-0.002463337835040213
23.723723723723726,-0.00040080691918421716,-0.002458791764869574
23.773773773773776,-0.00033851176955328747,-0.0024414345065309037
23.823823823823826,-0.00024855714330196204,-0.002430082163959771
23.873873873873876,-0.0001593849357890123,-0.0024345314284821475
23.923923923923926,-0.00031376443964966727,-0.0024208366236058267
23.973973973973976,-0.00046443523009072877,-0.002419926747952955
24.024024024024026,-0.0004411342616670302,-0.0023967652194299186
24.074074074074076,-0.0004051908380266943,-0.002369359905550426
24.124124124124126,-0.0002946340707118618,-0.0023679121244567945
24.174174174174176,-0.0004952908568673283,-0.0023583333814435137
24.224224224224226,-0.0005655256186187184,-0.0023562179060979734
24.274274274274276,-0.0003020852227555268,-0.0023347456640303056
24.324324324324326,-0.00029207636554720806,-0.00233794386370425
24.374374374374376,-0.00018832444555752953,-0.0023321836284697986
24.424424424424426,-0.0002158993261099495,-0.0023079098829070347
24.474474474474476,-0.00013142613952923493,-0.0023140383161692315
24.524524524524526,-0.0003848189630100862,-0.0022971830228387894
24.574574574574577,-0.00024726105985243966,-0.0022729109229075346
24.624624624624627,-0.0006423770273544773,-0.002277164553385106
24.674674674674677,-0.0004214062880760624,-0.00226266067412331
24.724724724724727,-0.000457101419437319,-0.0022501969359215953
24.774774774774777,-0.00018160108160386493,-0.0022480435408504832
24.824824824824827,-0.00043008140490028194,-0.002235058190035098
24.874874874874877,-0.0003198019620761691,-0.0022286033169175686
24.924924924924927,-0.00041222241756230354,-0.0022251243854586964
24.974974974974977,-0.0002676626725281103,-0.0022110692106039427
25.025025025025027,-0.00038220702568856377,-0.0022057604517139178
25.075075075075077,-0.00039227996824674953,-0.00218987116373466
25.125125125125127,-0.00047114556631371946,-0.0021845875856726267
25.175175175175177,-0.00047341859165008236,-0.0021690198255234733
25.225225225225227,-0.0002075298815675523,-0.002177511087852888
25.275275275275277,-0.0003254028643953309,-0.0021585502950490056
25.325325325325327,-0.0005490750539118061,-0.002157414447806048
25.375375375375377,-0.0002624898549412641,-0.0021534069880872076
25.425425425425427,-0.00020983530837728179,-0.0021350280928816444
25.475475475475477,-0.00030756559973426907,-0.002123730094288605
25.525525525525527,-0.0003115150875427421,-0.002126776511084432
25.575575575575577,-0.0001095399503022286,-0.0021173023369301567
25.625625625625627,-0.00019117025124684999,-0.0021084940834091765
25.675675675675677,-0.0003147064958639361,-0.002095174883747988
25.725725725725727,-4.6981941393555716e-05,-0.002091165825248357
25.775775775775777,-0.0003223348474708907,-0.002078155374654245
25.825825825825827,-0.00027615580334302913,-0.0020731941355522365
25.875875875875877,-0.00030697688674382283,-0.002062256770783303
25.925925925925927,-8.006691554294989e-05,-0.002060473802879813
25.975975975975977,-0.0006452440460439014,-0.0020429940134182663
26.026026026026027,-0.00019508096084185458,-0.0020457805898577803
26.076076076076077,-0.00019116680511281766,-0.0020301238014527514
26.126126126126128,-0.00023084388877671076,-0.0020207568669714255
26.176176176176178,-0.0004051222422787899,-0.002022165732478302
26.226226226226228,-0.0002172805760833589,-0.002018389902839643
26.276276276276278,-0.00032861853869559803,-0.0020035334122130203
26.326326326326328,-9.725769027241644e-05,-0.0020019008754064522
26.376376376376378,-0.0003464792971720051,-0.0019893271058882577
26.426426426426428,-0.00024920434162671725,-0.0019805063426445867
26.476476476476478,-0.0003902802519839887,-0.001969969259112592
26.526526526526528,-0.0002232445166964936,-0.0019660387571659877
26.576576576576578,-0.0002431917408650887,-0.001958288425417815
26.626626626626628,-0.0001635518772604436,-0.0019490574150019748
26.676676676676678,-0.0005394847150352772,-0.001941659203311079
26.726726726726728,-0.0001535807446903163,-0.0019381068112333624
26.776776776776778,-0.00038278716466462606,-0.0019310873067840755
26.826826826826828,-0.00015916594939132124,-0.0019208692046559532
26.876876876876878,-0.000150588341101499,-0.0019181795304905828
26.926926926926928,-0.00010685142429162867,-0.001914287189435848
26.976976976976978,-6.0398833972250525e-05,-0.001905724471827065
27.027027027027028,-0.00011188073175077113,-0.001902472889067996
27.077077077077078,-0.00023399313115645527,-0.0018915032790588256
27.127127127127128,-8.234019683773063e-05,-0.00188788475076597
27.177177177177178,-0.00029831181023870534,-0.0018830356109494286
27.227227227227228,-0.00021748539474900687,-0.0018804095361820972
27.27727727727728,-0.0003645519245019963,-0.0018599008686565523
27.32732732732733,-0.0003416282719708698,-0.0018618889685698117
27.37737737737738,-0.00010104892778738273,-0.001855845819378759
27.42742742742743,-8.811877072858513e-05,-0.0018501714104845219
27.47747747747748,-0.00019701559786173206,-0.0018413421359207284
27.52752752752753,-0.00032714255328898,-0.0018345297520230624
27.57757757757758,-0.0001969021812359949,-0.0018279035498280822
27.62762762762763,-0.000316745508294727,-0.0018195743181035535
27.67767767767768,-0.00018167875835659495,-0.0018167133365916384
27.72772772772773,7.1783834725407136e-06,-0.001813874378009932
27.77777777777778,-0.00011611699764568987,-0.0018082272839017699
27.82782782782783,-0.0001832657262940777,-0.0018065310432818385
27.87787787787788,-0.00015299738270433986,-0.0017939124695353671
27.92792792792793,-0.00015813290730277063,-0.0017901514669373302
27.97797797797798,-0.0003884977693216175,-0.0017787419550358771
28.02802802802803,-0.0001704697208817633,-0.0017750575931529014
28.07807807807808,-0.0002586560333494869,-0.0017702919275231791
28.12812812812813,-8.4430418943031e-05,-0.0017673042715527964
28.17817817817818,-2.375951179925536e-05,-0.0017631048732128245
28.22822822822823,-0.00019040852722920686,-0.0017583696078583874
28.27827827827828,-0.00039893746366699714,-0.001746824498472245
28.32832832832833,-0.00037360658777676255,-0.0017405809994728194
28.37837837837838,-0.0001737950610177223,-0.0017367695882533614
28.42842842842843,-0.00014577614226331858,-0.001732263336539642
28.47847847847848,-0.00022545379984481419,-0.0017260300368034552
28.52852852852853,-3.814066253185965e-05,-0.001722171538597014
28.57857857857858,-0.00011360380240529262,-0.001717404794153124
28.62862862862863,-0.00024595488176874585,-0.0017076371754657306
28.67867867867868,-8.869789631325233e-05,-0.0017093651623772128
28.72872872872873,-0.0001781042597881971,-0.001703694245790408
28.77877877877878,-8.961612085549856e-05,-0.001695821528443695
28.82882882882883,-0.0001327291494872181,-0.001689103899227312
28.87887887887888,-8.860675811756319e-05,-0.0016853230003996689
28.92892892892893,-0.00011396887891970635,-0.0016841198805509433
28.97897897897898,-0.00017785289754268063,-0.001674849648942756
29.02902902902903,-0.0004174349546921933,-0.0016670206210281837
29.07907907907908,-0.0001262296598604156,-0.0016638777529065208
29.12912912912913,-0.0003054179372198622,-0.0016541124000039363
29.17917917917918,-0.00023687180844265173,-0.0016509276601047976
29.22922922922923,-0.0001308873112483582,-0.001650151135615683
29.27927927927928,-0.00020594017644733314,-0.0016497330421217015
29.32932932932933,-0.0001776624389866603,-0.0016419806317640026
29.37937937937938,-0.0001324536697991282,-0.0016338779499981445
29.42942942942943,-7.165343645206785e-05,-0.0016293751553824246
29.47947947947948,-0.00014797657213994677,-0.0016297962677499262
29.52952952952953,-0.00018046613791094154,-0.0016214807423303615
29.57957957957958,-0.00016127571952236403,-0.001618590081594107
29.62962962962963,-0.00026065200309070786,-0.0016131945725372983
29.67967967967968,9.501950755272075e-06,-0.0016127358433501923
29.72972972972973,-0.00015876688263752374,-0.0016034377613143203
29.77977977977978,-0.00026246236181754666,-0.0015955772342416657
29.82982982982983,-0.0001475334593601112,-0.0015896359668691568
29.87987987987988,-8.932019602605088e-05,-0.0015862260892016958
29.929929929929934,-0.0001915594423827269,-0.0015852679816654662
29.979979979979984,-0.00019676369295576268,-0.0015810221230239657
30.030030030030034,-8.181831551363176e-05,-0.0015736428177005345
30.080080080080084,-0.0001375799162710472,-0.0015694935747047176
30.130130130130134,-0.00011657860477892065,-0.001562755391700607
30.180180180180184,-3.401135977257803e-05,-0.001562047540856619
30.230230230230234,-4.287938203739418e-05,-0.0015605225001105432
30.280280280280284,-0.00014720240099255373,-0.0015545521138442312
30.330330330330334,-0.00019762417751927982,-0.001542962910227819
30.380380380380384,-7.88591128170078e-05,-0.0015487038585027812
30.430430430430434,-0.00017903046016579295,-0.0015392075617517453
30.480480480480484,-0.00021224169075964355,-0.0015386158014744284
30.530530530530534,-7.563385277826684e-05,-0.0015277349366360096
30.580580580580584,-0.0001223051568891654,-0.001525845614971825
30.630630630630634,-0.00025453516677807227,-0.0015209110041790458
30.680680680680684,-0.00022330495991118064,-0.001518994266234274
30.730730730730734,-0.00019418691745661505,-0.0015135883825779899
30.780780780780784,-3.756233190841476e-05,-0.0015114468118643974
30.830830830830834,-0.00015052292353157827,-0.0015041838903102536
30.880880880880884,-0.00021745523868236283,-0.001503093838293813
30.930930930930934,-0.0001283291921303703,-0.001498219990333061
30.980980980980984,-0.0002897667523129825,-0.001489845562156194
31.031031031031034,-0.0001464942704693208,-0.0014933019488887669
31.081081081081084,-0.00014788767090560804,-0.0014849728414788317
31.131131131131134,-0.0001244199878422241,-0.0014803820184375303
31.181181181181184,-0.00014452388453042164,-0.0014737018193474506
31.231231231231234,-0.00023372293450838242,-0.0014720757943112908
31.281281281281284,-0.00013358868096038646,-0.0014701221777132449
31.331331331331334,-0.0002535713617074465,-0.0014651314896666388
31.381381381381384,-0.0001464772712020137,-0.001460892680774809
31.431431431431434,-7.720313237947618e-05,-0.0014590528371410056
31.481481481481485,-0.0003174112140225581,-0.0014517693138597094
31.531531531531535,-0.00020339122006371888,-0.0014489737865028
31.581581581581585,-0.00022262352424486768,-0.0014468762703375862
31.631631631631635,-0.00015602573591890612,-0.0014444158360728205
31.681681681681685,-0.00010849624567109916,-0.0014389469426546338
31.731731731731735,-0.00017657250081370393,-0.0014353791942253995
31.781781781781785,-3.4275109046933084e-05,-0.0014328039394284208
31.831831831831835,-0.00011174794237526109,-0.0014259841324590315
31.881881881881885,-5.901399764716664e-05,-0.0014241304822266141
31.931931931931935,-0.00016264433834059578,-0.0014185184563570282
31.981981981981985,-3.503899804810145e-05,-0.0014191541057385665
32.032032032032035,-2.8883260480103884e-05,-0.0014166253098526513
32.08208208208208,-0.00019716664936179345,-0.001410384316103623
32.132132132132135,3.0391431196778642e-05,-0.0014052445719747533
32.18218218218218,-0.00011529329780690842,-0.0014025203758423243
32.232232232232235,-0.00012657145184559283,-0.001397698167435551
32.28228228228228,-6.51995455916716e-05,-0.0013969245554830256
32.332332332332335,-0.00014799856827577655,-0.0013910573994567474
32.38238238238238,-0.00012108060150473778,-0.0013872358607298814
32.432432432432435,-0.00013619656481578574,-0.0013859226401542817
32.48248248248248,-0.00019340159386204634,-0.0013807685564787692
32.532532532532535,-0.00012327007276656608,-0.0013766782299245574
32.58258258258258,-3.388156183398461e-05,-0.0013762785140479343
32.632632632632635,-0.0001432947542475079,-0.0013702765791528304
32.68268268268268,-7.850759923849148e-05,-0.0013683177178479013
32.732732732732735,-0.00016145192132258797,-0.001363601362128882
32.78278278278278,-5.806405700462408e-05,-0.00136219113858792
32.832832832832835,-0.00010069902275178951,-0.0013575791215784715
32.88288288288288,-0.00013142265875429627,-0.0013539582694518924
32.932932932932935,-0.00018742184656667612,-0.0013507697294389727
32.98298298298298,-0.0001152030268988104,-0.0013462696022799522
33.033033033033036,-0.00010197001370849385,-0.0013450728339214697
33.08308308308308,-0.00015909007075112156,-0.0013401847036453062
33.133133133133136,-3.335600097483232e-05,-0.0013401087621594445
33.18318318318318,-0.00014549042865758612,-0.001333160507366274
33.233233233233236,-7.508043535344018e-05,-0.0013328679999065236
33.28328328328328,-0.00014278729821395425,-0.0013245422685303977
33.333333333333336,-0.00021536482403904935,-0.0013216136428290458
33.38338338338338,-0.00014643700280748463,-0.001323090738105289
33.433433433433436,-5.11019640533856e-05,-0.0013192506263716662
33.48348348348348,-0.00016085075732855678,-0.0013144028611066548
33.533533533533536,-0.00012355757778017561,-0.001313228380704482
33.58358358358358,-9.045687730890021e-05,-0.0013096496611158916
33.633633633633636,-0.00016222420518943221,-0.0013060182876864094
33.68368368368368,-2.4335091501424825e-05,-0.0013045493708016872
33.733733733733736,-0.0001623887394908286,-0.0013001099335621582
33.78378378378378,-6.10301353771066e-05,-0.00129751881560839
33.833833833833836,-2.3299027274255887e-05,-0.0012945752008001815
33.88388388388388,-5.5122076236601205e-05,-0.0012914548367487211
33.933933933933936,-0.00016819704672488346,-0.0012881678438387036
33.98398398398398,-0.00013106286424713006,-0.0012838670355954395
34.034034034034036,-8.534539249230227e-05,-0.0012799089891018481
34.08408408408408,-0.0001096512622425675,-0.001278514950663401
34.134134134134136,-8.917305584633326e-05,-0.001275703354048129
34.18418418418419,-7.508020123756839e-05,-0.0012709738438855703
34.234234234234236,-0.00010040074066874528,-0.0012705976101249207
34.28428428428429,-6.66222350229269e-05,-0.001265879638687988
34.334334334334336,-0.00012011615755427486,-0.001263490886473389
34.38438438438439,-8.382344738683839e-05,-0.0012625585147004134
34.434434434434436,-0.00013246002152587498,-0.0012566116172724922
34.48448448448449,-0.00021838195387662815,-0.001254034660831412
34.53453453453454,-0.00011849658828674833,-0.001251134213275362
34.58458458458459,-4.1481519086578034e-05,-0.0012511177755649234
34.63463463463464,-4.401520010929188e-05,-0.001247083541744994
34.68468468468469,-0.0001240461923498993,-0.0012439519510862365
34.73473473473474,-6.553364824984841e-05,-0.0012422076706879114
34.78478478478479,-8.546083589625279e-06,-0.0012387629771554557
34.83483483483484,-4.5750142424731474e-05,-0.0012362643524204623
34.88488488488489,-6.194117759997286e-05,-0.0012366382106596518
34.93493493493494,-8.981157574250868e-05,-0.0012290633203366186
34.98498498498499,-5.264390980133274e-05,-0.0012280600871245875
35.03503503503504,-9.195268622018819e-05,-0.0012263180321604123
35.08508508508509,-0.0001259584398404001,-0.0012211575746679838
35.13513513513514,-0.00011180066135580788,-0.0012180016355482714
35.18518518518519,-1.3064011582462395e-05,-0.0012180955799171744
35.23523523523524,-0.0002212651368338287,-0.0012127811518629738
35.28528528528529,-0.00014414399086239529,-0.0012110452795484278
35.33533533533534,-7.394228058438581e-05,-0.0012092586785670254
35.38538538538539,-6.640354303726882e-05,-0.0012063218283760147
35.43543543543544,-2.1454167718428984e-05,-0.0012029425773019018
35.48548548548549,-5.9922559722345803e-05,-0.0012019789082104763
35.53553553553554,-0.00010642933643590204,-0.0011979517792981972
35.58558558558559,-0.00011105836538218633,-0.0011952260243266702
35.63563563563564,-7.166307114469418e-05,-0.0011933074483938906
35.68568568568569,-0.00012559029376802696,-0.001189502355904615
35.73573573573574,-3.013601557231874e-05,-0.0011889783915970233
35.78578578578579,-0.00019536702488047079,-0.0011857777223511653
35.83583583583584,-2.3326376383039695e-05,-0.001182942553557564
35.88588588588589,4.786333528896742e-05,-0.0011813462453823188
35.93593593593594,-7.308473707314414e-05,-0.0011774993701080165
35.98598598598599,-0.00011048250052903478,-0.0011739142321570174
36.03603603603604,-0.000147735564994552,-0.0011718526258355623
36.08608608608609,-0.00013785738759274018,-0.0011699541685417422
36.13613613613614,-5.2522287838524476e-05,-0.001169475649455367
36.18618618618619,-6.777284952415157e-05,-0.001164381665611691
36.23623623623624,-0.0001654680540538721,-0.0011622238186502314
36.28628628628629,-7.898694206340289e-05,-0.0011598078589013453
36.33633633633634,-7.484720620420974e-05,-0.001158142271559884
36.38638638638639,-5.7011335837232996e-05,-0.0011543996644673197
36.43643643643644,-1.199461392559756e-05,-0.001154395790930667
36.48648648648649,-0.00010450529311919857,-0.0011498052668291038
36.53653653653654,-6.867622550298983e-05,-0.0011484378986342395
36.58658658658659,-7.946795535536085e-05,-0.0011452649630469395
36.63663663663664,-9.29783065945916e-05,-0.0011426707086459342
36.68668668668669,-3.2069315109446966e-06,-0.0011411376109817187
36.73673673673674,-5.6665849572554167e-05,-0.0011405537888793003
36.78678678678679,-5.836918411288991e-05,-0.0011366984072379402
36.83683683683684,-6.314802533767129e-05,-0.0011331307554953009
36.88688688688689,-7.339435207768434e-05,-0.0011317544776856016
36.93693693693694,-0.00012623418743494425,-0.0011295797078252627
36.98698698698699,-8.361240287625369e-05,-0.0011267287684238068
37.03703703703704,-6.970108159113023e-05,-0.001124032957447793
37.08708708708709,-7.678488969603302e-05,-0.0011224608018215597
37.13713713713714,-0.00012528280947055273,-0.0011194601748718263
37.18718718718719,-8.344558478278799e-05,-0.0011177923397927177
37.23723723723724,-0.0001054524850722884,-0.0011166474893473414
37.28728728728729,-9.36933650537593e-05,-0.0011125105621248585
37.33733733733734,-8.136547501310953e-05,-0.0011098568424910199
37.38738738738739,-5.855788891561348e-05,-0.0011088846303385573
37.43743743743744,-0.00010219757534246425,-0.0011055067872493157
37.48748748748749,-6.614673099980871e-05,-0.0011054494342707603
37.53753753753754,-3.750346241429206e-05,-0.0011022463912304988
37.58758758758759,-0.00010478477727692527,-0.001100651145804956
37.63763763763764,-5.2461734336494944e-05,-0.0010988741040391802
37.68768768768769,-1.7706869321069065e-05,-0.0010970033126804803
37.73773773773774,-8.935404476361592e-05,-0.0010938218848378428
37.78778778778779,-1.74194879784852e-05,-0.0010914375590588055
37.83783783783784,-5.4640607921935074e-05,-0.0010891978851624517
37.88788788788789,-4.297791365793866e-05,-0.001086491111783286
37.93793793793794,-8.876320006784882e-05,-0.0010844123502484326
37.98798798798799,-0.00010737433416344073,-0.0010825879758413403
38.03803803803804,-7.18831651044457e-05,-0.001080404666863725
38.08808808808809,-6.774075340197557e-05,-0.0010784859726323194
38.13813813813814,-4.583975364545777e-05,-0.001076462909382818
38.18818818818819,-6.397012152321089e-05,-0.001074393364744638
38.23823823823824,-6.858036685028043e-05,-0.001072347308548477
38.28828828828829,-6.196739090807494e-05,-0.001070645305294004
38.33833833833834,-7.771531993242038e-05,-0.0010688940143574375
38.38838838838839,-6.506414652070026e-05,-0.0010661390957995114
38.43843843843844,-7.428587773442285e-05,-0.0010633429554458786
38.48848848848849,-0.00013817393971746734,-0.0010611370214266614
38.53853853853854,-7.645235983896084e-05,-0.0010606192198779763
38.58858858858859,-3.6803243077726926e-05,-0.0010578218584282304
38.63863863863864,-4.820347194607397e-05,-0.0010570433126068323
38.68868868868869,-2.9036389820656784e-05,-0.0010540502185352935
38.73873873873874,8.514956337872088e-06,-0.0010521362129506547
38.78878878878879,-0.0001470655251413372,-0.0010493885996030817
38.83883883883884,-6.867858296622764e-05,-0.0010496188407297874
38.88888888888889,-4.355680730571811e-05,-0.0010457687857265566
38.93893893893894,-9.617909909631842e-05,-0.0010430888842046936
38.98898898898899,-4.514044143887484e-05,-0.0010422439089937128
39.03903903903904,-6.549804746180253e-05,-0.0010403143404676299
39.08908908908909,-7.798557498836799e-05,-0.0010383409334865314
39.13913913913914,-4.559122973864276e-05,-0.0010362847839174279
39.18918918918919,-7.307915533424705e-05,-0.0010332808661560056
39.23923923923924,-9.839693294265664e-06,-0.0010330652264417092
39.28928928928929,-3.5554992065201024e-05,-0.0010301551649137518
39.33933933933934,-5.037817285613178e-05,-0.001028358388550258
39.38938938938939,-5.137978229804631e-05,-0.0010264956803833296
39.43943943943944,-6.74108003958546e-05,-0.0010246831739405757
39.48948948948949,-0.00012772437623761903,-0.0010220626188562523
39.53953953953954,-9.240236767801167e-05,-0.0010200028189052109
39.58958958958959,-6.947120155883287e-05,-0.0010192264470443755
39.63963963963964,-3.176350229356554e-05,-0.0010174126557336435
39.68968968968969,-0.0001016288859330353,-0.0010148929132980482
39.73973973973974,-2.6603156836437483e-05,-0.0010133729130535497
39.78978978978979,-3.0630391384546615e-05,-0.001011552584406823
39.83983983983984,-4.672381726556552e-05,-0.0010092101587875083
39.88988988988989,-8.70831506713327e-05,-0.0010079514427911882
39.93993993993994,-3.244019159113119e-05,-0.0010059083463098343
39.98998998998999,-6.581013417725296e-05,-0.0010034508182926657
40.04004004004004,-3.402044045135688e-05,-0.001001803997212523
40.090090090090094,-8.014105458705257e-05,-0.0009995313445248992
40.14014014014014,-7.275045248979138e-05,-0.000997442283123295
40.190190190190194,-6.17341927037817e-05,-0.0009963794031551195
40.24024024024024,-8.024932413628428e-05,-0.0009954037260281828
40.290290290290294,-4.708423842729692e-05,-0.0009923360618174846
40.34034034034034,-9.570574021303582e-05,-0.0009913513218490152
40.390390390390394,-8.689058535849184e-05,-0.0009883356564015452
40.44044044044044,-3.909316755070153e-05,-0.0009877817927422122
40.490490490490494,-8.739957556518291e-05,-0.000985374124087686
40.54054054054054,-6.441282047624262e-05,-0.0009842918255881551
40.590590590590594,-4.301300775466844e-05,-0.000982848199481981
40.64064064064064,-1.9236080800836277e-05,-0.00098062337731646
40.690690690690694,-7.099011617958663e-05,-0.000979861582415308
40.74074074074074,-0.0001178534669993605,-0.0009774846268157359
40.790790790790794,-7.85199099150561e-05,-0.000976667489036762
40.84084084084084,-9.305032983112798e-05,-0.000973587800127317
40.890890890890894,-1.8412110563007784e-05,-0.0009715724054879134
40.94094094094094,-3.4635298471024646e-05,-0.0009702803541519769
40.990990990990994,-2.4035849414678232e-05,-0.0009700077977265303
41.04104104104104,-8.875777258653502e-05,-0.0009660031968835696
41.091091091091094,-1.2603364843368354e-05,-0.0009646657044987127
41.14114114114114,-3.7915360784054845e-05,-0.0009645555557613839
41.191191191191194,-7.812921360679315e-05,-0.0009626345039614843
41.24124124124124,-6.218706082264318e-05,-0.0009604281127685754
41.291291291291294,-5.377975499118531e-05,-0.0009582618322756197
41.34134134134134,-4.8646214285635455e-05,-0.0009570585143023978
41.391391391391394,-2.329597946224358e-05,-0.000954875768229948
41.44144144144144,-6.326530244463924e-05,-0.0009534019275671574
41.491491491491495,-7.393877945113079e-05,-0.0009514353639270751
41.54154154154154,-7.894541848613887e-05,-0.0009503961213128032
41.591591591591595,-5.002970396682768e-05,-0.0009490116057151864
41.64164164164164,-4.856422972851376e-05,-0.0009467391737404871
41.691691691691695,-7.104823600120606e-05,-0.0009450028555399463
41.74174174174174,-6.905575421919585e-05,-0.0009429546813236394
41.791791791791795,-7.189883535327194e-05,-0.0009421239433004397
41.84184184184184,-3.741816075297066e-05,-0.0009410069986033754
41.891891891891895,-3.9334042147487276e-05,-0.0009386556562409058
41.94194194194194,-7.201467981467517e-05,-0.0009365032417763741
41.991991991991995,-5.569942877561238e-05,-0.0009352209086272876
42.04204204204204,-3.079596590473043e-05,-0.0009343756050206394
42.092092092092095,-9.223908160406835e-05,-0.0009319731550438946
42.14214214214214,-9.50373980411523e-05,-0.000930884189572117
42.192192192192195,-3.2139260392703214e-05,-0.0009305146255467394
42.24224224224224,-5.101744074353907e-05,-0.0009274099365464728
42.292292292292295,-0.0001025605079838524,-0.0009253317385350348
42.34234234234234,-1.6863290875161276e-05,-0.0009246793522883507
42.392392392392395,-3.9680829891702816e-05,-0.00092296795580732
42.44244244244244,-7.587215262306209e-05,-0.000921678409026755
42.492492492492495,-6.703797793394369e-05,-0.0009203662744037139
42.54254254254254,-8.947166860312996e-05,-0.0009183134783956558
42.592592592592595,-6.206208097195022e-05,-0.0009167765387304652
42.64264264264264,-4.267453934665798e-05,-0.0009149679493741882
42.692692692692695,-4.781232878313789e-05,-0.0009136048724926329
42.74274274274275,-6.94868068972685e-05,-0.0009123149274518488
42.792792792792795,-6.071230893920413e-05,-0.0009108352152992366
42.84284284284285,-8.774965844215988e-07,-0.0009101850554426371
42.892892892892895,-7.476676923564992e-05,-0.0009075759519777073
42.94294294294295,-5.66551972455883e-05,-0.0009054259193872402
42.992992992992995,-5.408293723001144e-05,-0.0009050966136032604
43.04304304304305,-7.60109167215869e-05,-0.0009031640969263247
43.093093093093096,3.5322707631070827e-06,-0.00090258357040678
43.14314314314315,-5.928391607465343e-05,-0.0008997672312161269
43.193193193193196,-4.075495121678865e-05,-0.0008991170943377959
43.24324324324325,-5.702619624353652e-05,-0.0008975844052639349
43.293293293293296,-2.6952954634204744e-05,-0.00089631219206474
43.34334334334335,-8.41918557311158e-05,-0.0008942827283711036
43.393393393393396,-3.7580226304550514e-05,-0.000893669465159914
43.44344344344345,4.822124408531227e-06,-0.0008923170392323507
43.493493493493496,-6.329087216751803e-05,-0.0008903812476413555
43.54354354354355,-8.622614823409717e-05,-0.0008890275615504248
43.593593593593596,-3.9490031820441155e-05,-0.0008876025291839164
43.64364364364365,-6.863595997525659e-05,-0.0008865451933490126
43.693693693693696,-7.337729915984219e-05,-0.0008838441462842598
43.74374374374375,-5.5114889233781845e-05,-0.0008835779070999416
43.793793793793796,-6.152605049311358e-05,-0.0008825559305970453
43.84384384384385,-1.9226143046481705e-05,-0.0008807050438790842
43.893893893893896,-3.521284982496921e-05,-0.0008793345415778202
43.94394394394395,-7.26611625831327e-05,-0.0008771406519863115
43.993993993993996,-5.901217272184168e-05,-0.0008767183636253305
44.04404404404405,-5.392736510321938e-05,-0.0008739978743315677
44.094094094094096,-3.042305566149118e-05,-0.000873726239359743
44.14414414414415,-5.178132082483619e-05,-0.0008719667361869359
44.194194194194196,-1.8987537220791523e-05,-0.0008707077602149553
44.24424424424425,-7.16560719611564e-05,-0.0008691731832961329
44.294294294294296,-7.039394571752258e-05,-0.000868324469514577
44.34434434434435,-5.5315039424426446e-05,-0.0008666090275984533
44.394394394394396,-3.0251481105928417e-05,-0.0008660184609811236
44.44444444444445,-6.415616004225614e-05,-0.0008639645031826965
44.4944944944945,-5.274301217531503e-05,-0.0008627769552418316
44.54454454454455,-4.580883309228729e-05,-0.0008612010169943192
44.5945945945946,-6.672269186030334e-05,-0.0008592869304869871
44.64464464464465,-3.5967673651528525e-05,-0.0008588034546487308
44.6946946946947,-2.2695406526081304e-05,-0.0008578499201782236
44.74474474474475,-5.817616648519844e-05,-0.0008560283253043131
44.7947947947948,-3.3437704306733315e-05,-0.0008543067971085145
44.84484484484485,-3.263846746153554e-05,-0.0008535829697110191
44.8948948948949,-5.075720521331285e-05,-0.0008522717680051238
44.94494494494495,-1.1625472057122688e-05,-0.0008504086305968254
44.994994994995,-2.0710929879893293e-05,-0.0008497024589213501
45.04504504504505,-5.3151854813080203e-05,-0.000848093732819011
45.0950950950951,1.80501826937172e-05,-0.0008467887127898195
45.14514514514515,-1.488788544464308e-05,-0.0008458255032260806
45.1951951951952,-4.857994787439065e-05,-0.0008443519074263594
45.24524524524525,-5.803985516710648e-06,-0.0008428253356367392
45.2952952952953,-6.238182661286771e-05,-0.000841108682917675
45.34534534534535,-8.51640485575309e-06,-0.0008406040488409161
45.3953953953954,-1.2769900708053734e-05,-0.0008393371794528888
45.44544544544545,-4.565480160419053e-05,-0.0008377938642364592
45.4954954954955,-1.3228342971090196e-05,-0.0008365919037980837
45.54554554554555,-3.582951039108887e-05,-0.0008350209269720805
45.5955955955956,-7.239851200893555e-05,-0.0008332589995825801
45.64564564564565,-9.364405937773666e-06,-0.0008326605785967644
45.6956956956957,-2.810876999806345e-05,-0.0008314235469437732
45.74574574574575,-6.203571094309445e-05,-0.0008300617439292139
45.7957957957958,-1.582257965950484e-05,-0.0008285970111351294
45.84584584584585,-3.8535964955756816e-05,-0.0008276339128735078
45.8958958958959,-4.975002721769311e-05,-0.0008259882364173615
45.94594594594595,-4.711480381227264e-05,-0.0008251243813867208
45.995995995996,-4.975794967381344e-05,-0.0008235700529233628
46.04604604604605,-1.2848327385394181e-05,-0.0008228657383103973
46.0960960960961,-4.731720826106316e-05,-0.0008210423291562378
46.14614614614615,-3.7364993552973594e-05,-0.0008200679390869159
46.1961961961962,-2.9203287458950714e-05,-0.0008192021738646425
46.24624624624625,-3.0518723824934514e-05,-0.0008176859530185066
46.2962962962963,-2.5884010521371865e-05,-0.0008170281296006456
46.34634634634635,-4.63380930940775e-05,-0.0008157425009920696
46.3963963963964,-4.4402219819369615e-05,-0.0008140735009136094
46.44644644644645,-3.773127176195114e-05,-0.0008130744525816664
46.4964964964965,-3.7733730827111e-05,-0.0008112506188761302
46.54654654654655,-3.656841516596498e-05,-0.0008104828308478479
46.5965965965966,-4.445531502398302e-06,-0.0008096344744837441
46.64664664664665,-8.589713723909988e-05,-0.0008076762338700003
46.6966966966967,-6.208347720651592e-05,-0.000806454972053141
46.74674674674675,-3.144523599032724e-05,-0.0008058769020656215
46.7967967967968,-2.237049441384641e-05,-0.0008044518774514456
46.84684684684685,-4.732044044666097e-05,-0.000803502224366861
46.8968968968969,-1.2428620980327859e-05,-0.0008020467832570198
46.94694694694695,-5.3953287806771284e-05,-0.000800826438744712
46.996996996997,-1.8470987915865736e-05,-0.0008004851634803623
47.04704704704705,-2.108684410383809e-05,-0.0007985533044831932
47.0970970970971,-6.619423367311575e-05,-0.0007974708359163306
47.14714714714715,-3.62104285834787e-05,-0.0007966542982302591
47.1971971971972,-1.310341065921133e-05,-0.0007954990810894193
47.24724724724725,-6.251239610623985e-05,-0.0007935549582733675
47.2972972972973,-4.589609739635041e-05,-0.0007932115303046631
47.34734734734735,-8.419743350490395e-05,-0.000791974308972967
47.3973973973974,-2.267411512677419e-05,-0.0007910700691308617
47.44744744744745,-2.2197173419234296e-05,-0.0007897307890687792
47.4974974974975,-2.5707834664276164e-05,-0.0007889287360923788
47.54754754754755,-3.3892473240072746e-05,-0.0007876037578048399
47.5975975975976,-2.5649775278842302e-05,-0.0007865573987417184
47.64764764764765,-4.747664070398529e-05,-0.0007848767955988374
47.6976976976977,-3.4947688254581395e-05,-0.0007840017662979989
47.74774774774775,-3.4419640486774996e-05,-0.0007829434169252979
47.7977977977978,-3.752437334117083e-05,-0.0007817018552992234
47.84784784784785,-6.410334989325717e-05,-0.0007804649438332583
47.8978978978979,-2.7301013770063474e-05,-0.0007793022708414785
47.94794794794795,-6.275494280320175e-05,-0.0007783510686576046
47.997997997998,-5.0519577333396004e-05,-0.0007775115685309372
48.04804804804805,-5.302436265002267e-05,-0.0007762789262130278
48.0980980980981,-3.9906564884089775e-05,-0.0007749639174472275
48.14814814814815,-5.0345674933149564e-05,-0.000773695151929396
48.1981981981982,1.223612136085336e-06,-0.0007731548227291418
48.24824824824825,-5.2168657897762973e-05,-0.0007719900486390552
48.2982982982983,-6.435591820057557e-05,-0.0007706404667032873
48.34834834834835,-4.3629253956838176e-05,-0.0007697512374012269
48.3983983983984,-4.30689285527527e-05,-0.0007684120404216914
48.44844844844845,-2.352894469792865e-05,-0.0007678355678273183
48.4984984984985,-2.464670443144581e-05,-0.0007663694027189921
48.54854854854855,-3.9951865502512905e-05,-0.0007650983053418673
48.5985985985986,-4.824146365786266e-05,-0.0007646714018905217
48.64864864864865,-5.129803593552346e-05,-0.0007633692281788197
48.6986986986987,-5.56532398746178e-05,-0.0007621643441529357
48.74874874874875,7.194173392888673e-06,-0.000761550627490438
48.7987987987988,-2.7983802568501538e-05,-0.000760455333041174
48.84884884884885,-8.086106293351883e-05,-0.000759034700748053
48.8988988988989,-1.8043146218210347e-05,-0.0007579618322304106
48.94894894894895,-3.670154275638902e-05,-0.0007572092633598199
48.998998998999,-3.89580114796332e-05,-0.0007559366775384689
49.04904904904905,-5.650682152222728e-06,-0.0007553311776506151
49.0990990990991,-2.1098958909628934e-05,-0.0007540783163045134
49.14914914914915,-5.937632235960547e-05,-0.0007530332658865926
49.1991991991992,-3.575346025452276e-05,-0.000751916953446936
49.24924924924925,-4.16072458339951e-05,-0.0007506974230013052
49.2992992992993,-2.991744789370664e-05,-0.0007494655143519697
49.34934934934935,-4.351138989562784e-05,-0.0007489560356623
49.3993993993994,-3.954521440899211e-05,-0.0007481877805666806
49.44944944944945,-1.5616272440172657e-05,-0.0007472806817144411
49.4994994994995,-3.331921569861294e-05,-0.0007456231757230669
49.54954954954955,-1.3347562456529732e-05,-0.000745136157367706
49.5995995995996,-4.8812451961116766e-05,-0.0007436739073308334
49.64964964964965,-3.1497427597170135e-05,-0.0007429323335831399
49.6996996996997,-1.593325924813734e-05,-0.0007417685928431748
49.74974974974975,-5.0155861192989015e-05,-0.000740518968245842
49.7997997997998,-3.274804532267611e-05,-0.0007399214247329365
49.84984984984985,-5.8304447290152565e-05,-0.0007383298500327283
49.8998998998999,-3.0382405262128907e-05,-0.000738256200232538
49.94994994994995,-3.0003457895143525e-05,-0.0007367889326610552
 50.0,-5.103919453156954e-05,-0.0007357103309538501
